# Adapted from Fineli Release 20, THL, CC BY 4.0
# category	Finnish	English
PANTRY	SOKERI	SUGAR
PANTRY	FRUKTOOSI, HEDELMÄSOKERI	FRUCTOSE
PANTRY	SIIRAPPI	SYRUP
PANTRY	HUNAJA	HONEY
PANTRY	MAKEINEN, KARAMELLI	SWEET, CANDY
PANTRY	SUKLAA, KESKIARVO, MAITO-, TUMMA-, VALKO-	CHOCOLATE, AVERAGE
PANTRY	SUKLAAKONVEHTI, MARMELADITÄYTE	CHOCOLATE CONFECTION FILLED WITH MARMALADE
PANTRY	LAKRITSI	LIQUORICE, LICORICE
PANTRY	MAKEINEN, MARMELADIMAKEINEN	JELLY CANDY, FRUIT JELLY
PANTRY	MARSIPAANI, MANTELIMASSA	MARZIPAN, ALMOND PASTE
PANTRY	MAKEINEN, TOFFEE	TOFFEE
PANTRY	MAKEINEN, SALMIAKKIPASTILLI	SALTY LIQOURICE PASTILLE
PANTRY	SUKLAAPATUKKA SUKLAINEN, KESKIARVO	CHOCOLATE BAR, AVERAGE
PANTRY	KAAKAOJAUHE, EI LISÄTTYÄ SOKERIA	COCOA POWDER, UNSWEETENED
PANTRY	KAAKAOJAUHE, SOKEROITU	COCOA POWDER WITH SUGAR
PANTRY	SORBITOLI	SORBITOL
PANTRY	LIIVATE	GELATIN
PANTRY	HIIVA, TUORE	BAKING YEAST, FRESH
PANTRY	JAUHO, MAISSITÄRKKELYS	FLOUR, CORNSTARCH, CORNFLOUR
PANTRY	SINAPPI	MUSTARD
PANTRY	RUOKASUOLA, JODIOITU	SALT, IODISED
PANTRY	MAUSTEKASTIKE, SOIJAKASTIKE	SOY SAUCE
PANTRY	SUKLAA, TUMMA	CHOCOLATE, PLAIN, DARK CHOCOLATE
PANTRY	SUKLAA, MAITOSUKLAA	CHOCOLATE, MILK CHOCOLATE
PANTRY	HALVA SEESAMSIEMENVALMISTE	HALVA MADE WITH SESAME SEEDS AND SUGAR
PANTRY	MAKEINEN, SOKERITON	SWEET, CANDY, SUGAR-FREE
PANTRY	MINERAALISUOLA, KESKIARVO	SALT, LOW SODIUM
PANTRY	SUKLAA, SOKERITON, KEINOTEKOISESTI MAKEUTETTU	CHOCOLATE, ARTIFICIALLY SWEETENED
PANTRY	LIHALIEMIJAUHE/TIIVISTE	MEAT BOUILLON POWDER/CUBE
PANTRY	MAKEUTUSAINE, ASPARTAAMI, JAUHE	SWEETENER, ASPARTAM, POWDER
BREAD_GRAINS	VÄLIPALAPATUKKA, KUITUINEN	CEREAL BAR WITH FIBRE
PANTRY	RUISMALLAS	RYE MALT
PANTRY	SUKLAAPATUKKA TÄYTESUKLAA, KESKIARVO	CHOCOLATE BAR WITH FILLING, AVERAGE
PANTRY	KSYLITOLIPASTILLI	PASTILLE SWEETENED WITH XYLITOL
PANTRY	SUKLAAPATUKKA VÄHÄRASVAINEN	CHOCOLATE BAR, LOW-FAT
PANTRY	KSYLITOLIPURUKUMI	CHEWING GUM, XYLITOL SWEETENED
PANTRY	PURUKUMI	CHEWING GUM
BREAD_GRAINS	OHRATÄRKKELYS	BARLEY STARCH
PANTRY	HEDELMÄPASTILLI, ARABIKUMIPASTILLI	FRUIT PASTILLE WITH GUM ARABIC
PANTRY	MAKEUTUSAINE, HERMESETAS, SAKARIINI	SWEETENER, SACCHARIN
PANTRY	JOGURTTIRUSINA/JOGURTTIHEDELMÄ, KUORRUTETTU KUIVATTU HEDELMÄ	RAISIN OR DRIED FRUIT COATED WITH YOGHURT
PANTRY	LEIVINJAUHE	BAKING POWDER
PANTRY	KALALIEMI, LAIMENNETTU	FISH STOCK BROTH
PANTRY	RUOKASUOLA, JODIOIMATON, VUORISUOLA	SALT, ROCK SALT, WITHOUT IODINE
BREAD_GRAINS	JAUHO, RUISJAUHO, TÄYSJYVÄJAUHO	FLOUR, RYE, WHOLEGRAIN RYE FLOUR
BREAD_GRAINS	RUISHIUTALE	RYE FLAKES
BREAD_GRAINS	JAUHO, VEHNÄJAUHO, PUOLIKARKEA	FLOUR, WHEAT FLOUR, SEMI-COARSE
BREAD_GRAINS	JAUHO, GRAHAMJAUHO	FLOUR, WHOLE WHEAT FLOUR, GRAHAM FLOUR
BREAD_GRAINS	MANNASUURIMO	SEMOLINA
BREAD_GRAINS	MANNASUURIMO, TUMMA	SEMOLINA, WHOLE WHEAT
BREAD_GRAINS	VEHNÄHIUTALE	WHEAT FLAKES
BREAD_GRAINS	VEHNÄNALKIO	WHEAT GERM
BREAD_GRAINS	LESE, VEHNÄLESE	WHEAT BRAN
PANTRY	MAKARONI, PASTA	MACARONI, PASTA
PANTRY	MAKARONI, TUMMA	MACARONI, WHOLE WHEAT
PANTRY	NUUDELI, VEHNÄNUUDELI	NOODLE, WHEAT
PANTRY	PASTA, SPAGETTI, MAKARONI	PASTA, SPAGHETTI, MACARONI
BREAD_GRAINS	JAUHO, HIIVALEIPÄVEHNÄJAUHO	FLOUR, DARK WHEAT FLOUR
BREAD_GRAINS	JAUHO, JAUHOSEOS, SÄMPYLÄJAUHO, VEHNÄJAUHO, RUISJAUHO, VEHNÄROUHE	FLOUR MIXTURE, FOR BREAD ROLLS, WHEAT FLOUR, WHEAT GROATS, RYE
BREAD_GRAINS	JAUHO, KORPPUJAUHO	FLOUR, BREADCRUMBS
FROZEN	VOHVELIKUORI, JÄÄTELÖVOHVELI	WAFER, ICE CREAM CONE
BREAD_GRAINS	JAUHO, VEHNÄJAUHO, LEIPOMOTEOLLISUUS, VASTAJAUHETTU	FLOUR, WHEAT FLOUR, SEMI-COARSE, BAKERY INDUSTRY, FRESH
BREAD_GRAINS	JAUHO, OHRAJAUHO	FLOUR, BARLEY FLOUR
BREAD_GRAINS	OHRASUURIMO	BARLEY, PEARL
BREAD_GRAINS	OHRAHIUTALE	BARLEY, ROLLED, BARLEY FLAKES
BREAD_GRAINS	KAURAHIUTALE	OATS, ROLLED, OAT FLAKES
BREAD_GRAINS	JAUHO, JAUHOSEOS, TALKKUNAJAUHO, SISÄLTÄÄ OHRAA	FLOUR MIXTURE, TALKKUNA POWDER, ROASTED BARLEY, RYE, OAT, PEA
PANTRY	RIISI PUUROUTUVA	RICE, WHITE
PANTRY	TÄYSJYVÄRIISI	RICE, WHOLEGRAIN
BREAD_GRAINS	JAUHO, HIRSSISUURIMO TAI -JAUHO	FLOUR, MILLET, WHOLE OR CRUSHED GRAINS
BREAD_GRAINS	JAUHO, TATTARISUURIMO TAI -JAUHO	FLOUR, BUCKWHEAT, WHOLE OR CRUSHED GRAINS
BREAD_GRAINS	JAUHO, PERUNAJAUHO TAI -SUURIMO, PERUNATÄRKKELYS	FLOUR, POTATO STARCH, POTATO FLOUR
BREAD_GRAINS	MAISSI, JYVÄ, KUIVATTU	MAIZE, KERNEL, DRIED, UNPOPPED
PANTRY	KALJA- / MÄMMIMALLAS	MALT FOR BEER
BREAD_GRAINS	LESE, KAURALESE	OAT BRAN
PANTRY	PASTA, PINAATTISPAGETTI, SISÄLTÄÄ KANANMUNAA	SPAGHETTI SPINACH, CONTAINS EGG
PANTRY	KAURAMAKARONI, SISÄLTÄÄ VEHNÄÄ JA KAURAA	OAT MACARONI, CONTAINS WHEAT AND OATS
BREAD_GRAINS	ROUHE, VEHNÄROUHE KOKOJYVÄSTÄ	WHEAT GRAIN, CRUSHED
BREAD_GRAINS	ROUHE, RUISROUHE	RYE GRAIN, CRUSHED
BREAD_GRAINS	JAUHO, RIISIJAUHO, RIISIHIUTALE	FLOUR, RICE FLOUR, RICE FLAKE
BREAD_GRAINS	JAUHO, TÄYSJYVÄRIISIJAUHO	FLOUR, RICE FLOUR, WHOLE GRAIN
PANTRY	MAISSILASTU, TACOKUORI	TORTILLA CHIPS, TACO SHELL
BREAD_GRAINS	JAUHO, JAUHOSEOS, GLUTEENITON, VEHNÄTÄRKKELYSTÄ	FLOUR MIXTURE, GLUTEN-FREE, CONTAINS WHEAT STARCH
BREAD_GRAINS	JAUHO, JAUHOSEOS, RUIS-VEHNÄ	FLOUR MIXTURE, RYE, WHEAT
FRUITS_VEGETABLES	PERUNA, KUIVATTU	POTATO, DRIED
PANTRY	PERUNALASTU	POTATO CRISPS, POTATO CHIPS, POTATO SNACK
FRUITS_VEGETABLES	PERUNA, UUSI	POTATO, NEW
FRUITS_VEGETABLES	PERUNA, VANHA, KUORITTU	POTATO, PEELED
PANTRY	PERUNASOSEJAUHE, VALMISTAMATON	MASHED POTATO POWDER
FROZEN	RANSKANPERUNAVALMISTE, PAKASTE	FRENCH FRIES, FROZEN
PANTRY	PERUNAHIUTALE	POTATOFLAKE
FRUITS_VEGETABLES	PORKKANA	CARROT
FRUITS_VEGETABLES	PORKKANA, KUIVATTU	CARROT, DRIED
FRUITS_VEGETABLES	LANTTU	SWEDE, RUTABAGA
FRUITS_VEGETABLES	NAURIS	TURNIP
FRUITS_VEGETABLES	PUNAJUURI	BEETROOT, RED BEET
FRUITS_VEGETABLES	ETIKKAPUNAJUURI	BEETROOT, PICKLED
FRUITS_VEGETABLES	RETIISI	RADISH
FRUITS_VEGETABLES	PALSTERNAKKA	PARSNIP
FRUITS_VEGETABLES	MAA-ARTISOKKA	JERUSALEM ARTICHOKE
FRUITS_VEGETABLES	JUURISELLERI, MUKULASELLERI	CELERIAC, TURNIP-ROOTED CELERY, KNOB CELERY, CELERY ROOT
FRUITS_VEGETABLES	MUSTAJUURI	BLACK SALSIFY
FRUITS_VEGETABLES	VALKOKAALI, KERÄKAALI	WHITE CABBAGE
FRUITS_VEGETABLES	PUNAKAALI	RED CABBAGE
FRUITS_VEGETABLES	KUKKAKAALI	CAULIFLOWER
FRUITS_VEGETABLES	PARSAKAALI, BROKKOLI	BROCCOLI
FRUITS_VEGETABLES	LEHTIKAALI	KALE
FRUITS_VEGETABLES	RUUSUKAALI	BRUSSELS SPROUT
FRUITS_VEGETABLES	KYSSÄKAALI, KAALIRAPI	KOHLRABI
FRUITS_VEGETABLES	LEHTISALAATTI, RUUKKUSALAATTI, LOLLO ROSSO	LETTUCE
FRUITS_VEGETABLES	JÄÄVUORISALAATTI, RAPEA KERÄSALAATTI, AMERIKANSALAATTI	ICEBERG LETTUCE
FRUITS_VEGETABLES	PERSILJA	PARSLEY
FRUITS_VEGETABLES	NOKKONEN	NETTLE, STINGING NETTLE
FRUITS_VEGETABLES	SIPULI, KELTASIPULI	ONION
FRUITS_VEGETABLES	SIPULI, KUIVATTU SIPULILASTU	ONION, DRIED
FRUITS_VEGETABLES	PURJOSIPULI	LEEK
FRUITS_VEGETABLES	RAPARPERI	RHUBARB
FRUITS_VEGETABLES	LEHTISELLERI, VARSISELLERI	CELERY
FRUITS_VEGETABLES	PARSA, SÄILÖTTY	ASPARAGUS, CANNED
FRUITS_VEGETABLES	SIENI, TATTI, HAPERO	MUSHROOM, BOLETUS, RUSSULA
FRUITS_VEGETABLES	SIENI ROUSKUT, SUOLATTU, KÄYTTÖVALMIS	MUSHROOM, MILK CAPS, SALTED
FRUITS_VEGETABLES	ETIKKASIENISÄILYKE	MUSHROOM IN VINEGAR
FRUITS_VEGETABLES	HERKKUSIENI	CHAMPIGNON, FRESH
FRUITS_VEGETABLES	KURKKU	CUCUMBER
FRUITS_VEGETABLES	ETIKKAKURKKU, EI LISÄTTYÄ SOKERIA	CUCUMBER, PICKLED CUCUMBER, WITHOUT ADDED SUGAR
FRUITS_VEGETABLES	MAUSTEKURKKU, HERKKUKURKKU, SOKERISUOLATTU	PICKLED CUCUMBER, SWEET, FLAVOURED
FRUITS_VEGETABLES	KURPITSA	PUMPKIN
FRUITS_VEGETABLES	SALAATTI, KURPITSASALAATTI, PIKKELSSI	SALAD, PICKLED PUMPKIN
FRUITS_VEGETABLES	TOMAATTI	TOMATO
PANTRY	KETSUPPI	TOMATO KETCHUP
PANTRY	TOMAATTISOSE, TOMAATTIPYREE	TOMATO PUREE
FRUITS_VEGETABLES	PAPRIKA, KESKIARVO	SWEET PEPPER, AVERAGE
FRUITS_VEGETABLES	SEKAVIHANNES, PORKKANA, KUKKAKAALI, HERNE, PAPU	MIXED VEGETABLES, CARROT, CAULIFLOWER, PEA, BEAN
FRUITS_VEGETABLES	TÄYSMEHU, KASVISTUOREMEHU	VEGETABLE JUICE
FRUITS_VEGETABLES	KIINANKAALI	CHINESE CABBAGE
FRUITS_VEGETABLES	MANGOLDI	SWISS CHARD
FRUITS_VEGETABLES	MUNAKOISO	AUBERGINE
FRUITS_VEGETABLES	MAISSI, JYVÄT	SWEET CORN KERNELS
FRUITS_VEGETABLES	VIHANNESKRASSI	GARDEN CRESS
FRUITS_VEGETABLES	KANTARELLI	CHANTERELLE
FRUITS_VEGETABLES	KORVASIENI	FALSE MOREL
FRUITS_VEGETABLES	TILLI, TUORE	DILL, FRESH
PANTRY	HERNE, VIHREÄ, TUORE	PEA, GREEN
PANTRY	HERNE, VIHREÄ, KUIVATTU	PEA, GREEN, DRIED
PANTRY	PAPU, VIHREÄ TAITEPAPU, TUORE	BEAN, GREEN BEAN, STRING BEAN
PANTRY	PAPU, RUSKEA TAI VALKOINEN, KUIVATTU, KESKIARVO	BEAN, COMMON BEAN, BROWN BEAN, WHITE BEAN, AVERAGE
PANTRY	PÄHKINÄ, HASSELPÄHKINÄ	NUT, HAZELNUT
PANTRY	PÄHKINÄ, SAKSANPÄHKINÄ	NUT, WALNUT
PANTRY	KASTANJA	CHESTNUT
PANTRY	PÄHKINÄ, MAAPÄHKINÄ	NUT, PEANUT
PANTRY	MANTELI	ALMOND
PANTRY	JAUHO, SOIJAJAUHO, RASVAINEN	FLOUR, SOYA FLOUR, FULL FAT
PANTRY	JAUHO, SOIJAJAUHO, VÄHÄRASVAINEN	FLOUR, SOYA FLOUR, LOW-FAT
PANTRY	KOOKOSHIUTALE	COCONUT FLAKE
PANTRY	PÄHKINÄ, SUOLAPÄHKINÄ	NUT, PEANUT, SALT
FRUITS_VEGETABLES	ITU, KESKIARVO, SINIMAILANEN, MUNGOPAPU	BEANSPROUTS AND ALFALFA SPROUTS, AVERAGE
PANTRY	SEESAMINSIEMEN, KUORINEEN	SESAME SEED, WITH HULL
FRUITS_VEGETABLES	PAPRIKA, PUNAINEN	SWEET PEPPER, RED
FRUITS_VEGETABLES	PAPRIKA, VIHREÄ	SWEET PEPPER, GREEN
FRUITS_VEGETABLES	PAPRIKA, KELTAINEN	SWEET PEPPER, YELLOW
FRUITS_VEGETABLES	KESÄKURPITSA, ZUCCHINI	ZUCCHINI, SUMMER SQUASH
FRUITS_VEGETABLES	TÄYSMEHU, TOMAATTIMEHU	TOMATO JUICE, UNSWEETENED
PANTRY	SOIJAPAPU, KUIVATTU	SOYA BEANS, DRIED
FRUITS_VEGETABLES	RUOHOSIPULI	CHIVES
FRUITS_VEGETABLES	VALKOSIPULI	GARLIC
FRUITS_VEGETABLES	SALAATTI, KURKKUSALAATTI, KURKKUPIKKELSSI, KURKKURELISSI	SALAD, SWEET PICKLE RELISH
PANTRY	PAPU, VALKOINEN, KEITETTY	BEAN, WHITE BEAN, BOILED
FRUITS_VEGETABLES	TOMAATTIMURSKA	TOMATOES, CRUSHED, CANNED
PANTRY	LINSSI, VIHREÄ/RUSKEA, KUIVATTU	LENTILS, GREEN/BROWN, DRIED
PANTRY	OMENA, KUIVATTU	APPLE, DRIED
FRUITS_VEGETABLES	APRIKOOSI, SOKERILIEMESSÄ	APRICOT, CANNED, IN SYRUP
PANTRY	APRIKOOSI, KUIVATTU	APRICOT, DRIED
FRUITS_VEGETABLES	PERSIKKA, SOKERILIEMESSÄ	PEACH, CANNED, IN SYRUP
PANTRY	PERSIKKA, KUIVATTU	PEACH, DRIED
FRUITS_VEGETABLES	ANANAS, SOKERILIEMESSÄ	PINEAPPLE, CANNED, IN SYRUP
FRUITS_VEGETABLES	VIINIRYPÄLE, KESKIARVO, KIVETÖN, VIHREÄ/TUMMA	GRAPE, AVERAGE, GREEN OR RED, SEEDLESS
PANTRY	SEKAHEDELMÄ, KUIVATTU	MIXED FRUIT, DRIED
PANTRY	RUSINA	RAISIN
FRUITS_VEGETABLES	OLIIVI, KESKIARVO, PUNNITTU KIVINEEN, ÖLJYSSÄ, VIHREÄ/MUSTA	OLIVE, AVERAGE, WITH STONE, IN OIL, GREEN/BLACK
FRUITS_VEGETABLES	HEDELMÄSALAATTISÄILYKE, SOKERILIEMESSÄ	FRUIT COCKTAIL, IN SYRUP
FRUITS_VEGETABLES	TÄYSMEHU, OMENATÄYSMEHU, C-VITAMIINIA	APPLE JUICE, UNSWEETENED, VITAMIN C
FRUITS_VEGETABLES	TÄYSMEHU, APPELSIINITÄYSMEHU, C-VITAMIINIA	ORANGE JUICE, UNSWEETENED, VITAMIN C
FRUITS_VEGETABLES	TÄYSMEHU, GREIPPITÄYSMEHU, C-VITAMIINIA	GRAPEFRUIT JUICE, UNSWEETENED, VITAMIN C
FRUITS_VEGETABLES	TÄYSMEHU, C-VITAMIINIA, KESKIARVO	FRUIT JUICE, UNSWEETENED, VITAMIN C, AVERAGE
FRUITS_VEGETABLES	TÄYSMEHU, SITRUUNATÄYSMEHU, LAIMENNETTU	LEMON JUICE, UNSWEETENED, DILUTED
FRUITS_VEGETABLES	TÄYSMEHU, ANANASTÄYSMEHU, C-VITAMIINIA	PINEAPPLE JUICE, UNSWEETENED, VITAMIN C
FRUITS_VEGETABLES	PUOLUKKA	LINGONBERRY, COWBERRY
FRUITS_VEGETABLES	KARPALO	CRANBERRY
FRUITS_VEGETABLES	MUSTIKKA, METSÄMUSTIKKA	BLUEBERRY, BILBERRY
FRUITS_VEGETABLES	MUSTAHERUKKA	BLACKCURRANT
FRUITS_VEGETABLES	PUNAHERUKKA	REDCURRANT
FRUITS_VEGETABLES	KARVIAINEN	GOOSEBERRY
FRUITS_VEGETABLES	MANSIKKA	STRAWBERRY
FRUITS_VEGETABLES	VADELMA	RASPBERRY
FRUITS_VEGETABLES	LAKKA, SUOMUURAIN, HILLA	CLOUDBERRY
PANTRY	MARJAHILLO, KESKIARVO	MIXED BERRY JAM
PANTRY	MEHU, HÖYRYMEHU, LAIMENTAMATON, SOKEROITU	BERRY JUICE, SWEETENED, UNDILUTED, HOME-MADE
PANTRY	MEHU, HÖYRYMEHU, MUSTAHERUKKA, LAIMENTAMATON, SOKEROITU	BLACKCURRANT JUICE, SWEETENED, UNDILUTED, HOME-MADE
PANTRY	MEHU, HÖYRYMEHU LAIMENTAMATON, SOKERITON	BERRY JUICE, UNSWEETENED, UNDILUTED, HOME-MADE
FRUITS_VEGETABLES	MARJA, KESKIARVO	BERRY, AVERAGE
FRUITS_VEGETABLES	TYRNIMARJA	SEA BUCKTHORN BERRY
PANTRY	MARMELADI, MARJOISTA	BERRY MARMALADE
FRUITS_VEGETABLES	PIHLAJANMARJA	ROWANBERRY, SORBUS
PANTRY	MEHU, MUSTAHERUKKA-PUOLUKKAMEHUJUOMA	JUICE DRINK, BLACKCURRANT-LINGONBERRY, CONTAINS SUGAR
PANTRY	MEHU, MEHUJUOMA, PUOLUKKA, LAIMENTAMATON	JUICE DRINK, LINGONBERRY, UNDILUTED, CONTAINS SUGAR
PANTRY	MEHU, HÖYRYMEHU LAIMENNETTU, SOKEROITU	BERRY JUICE, SWEETENED, DILUTED, HOME-MADE
PANTRY	MEHU, HÖYRYMEHU, MUSTAHERUKKA, LAIMENNETTU, SOKEROITU	BLACKCURRANT JUICE, SWEETENED, DILUTED, HOME-MADE
PANTRY	MEHU, HÖYRYMEHU LAIMENNETTU, SOKERITON	BERRY JUICE, UNSWEETENED, DILUTED, HOME-MADE
FRUITS_VEGETABLES	TÄYSMEHU, VIIDEN HEDELMÄN MEHU, C-VITAMIINIA	FRUIT JUICE, FIVE FRUITS, UNSWEETENED, VITAMIN C
FRUITS_VEGETABLES	ANANAS, OMASSA LIEMESSÄÄN	PINEAPPLE, CANNED, IN OWN JUICE
FRUITS_VEGETABLES	OMENASOSE, MAKEUTTAMATON	APPLESAUCE, UNSWEETENED
PANTRY	MEHU, NEKTARI, HEDELMÄJUOMA, HEDELMÄPITOISUUS 50 %	FRUIT NECTAR, BERRY NECTAR, SWEETENED, 50% FRUIT
FRUITS_VEGETABLES	TÄYSMEHU, MARJATÄYSMEHU	BERRY JUICE, UNSWEETENED
PANTRY	HILLO, FRUKTOOSILLA MAKEUTETTU	JAM, SWEETENED WITH FRUCTOSE
FRUITS_VEGETABLES	MELONI, VERKKOMELONI/CANTALOUPEMELONI, KUORITTU	MUSKMELON/CANTALOUPE MELON, WITHOUT SKIN
PANTRY	MARJAJUOMA, NEKTARI, MARJAPITOISUUS 50 %	BERRY NECTAR DRINK, SWEETENED, CONTAINS 50% BERRIES
PANTRY	VOI	BUTTER
PANTRY	(ARC) RASVASEOS 80 %	(ARC)BLENDED SPREAD 80%
PANTRY	LEIVONTAMARGARIINI 80 %, SUNNUNTAI, VL	HARD MARGARINE  80%, SUNNUNTAI, FOR BAKING, LOW-LACTOSE
PANTRY	(ARC) SYVÄPAISTORASVA 100 %, UPPOPAISTORASVA	(ARC)CATERING FAT FOR DEEP FRYING 100%
PANTRY	TEOLLISUUSMARGARIINI 80 %, KAULINTAMARGARIINI	MARGARINE, PASTRY, 80% FAT, INDUSTRIAL
PANTRY	LEIPOMOTEOLLISUUSMARGARIINI 80 %, LEIVONTA	CATERING MARGARINE FOR BAKING, 80% FAT
PANTRY	RUOKAÖLJY TEOLLISUUSKÄYTTÖÖN, 70 % RYPSIÖLJYÄ, 30 % PALMUÖLJYÄ	CATERING OIL, 70% RAPESEED OIL, 30% PALM OIL
PANTRY	RYPSIÖLJY	RAPESEED OIL
PANTRY	OLIIVIÖLJY	OLIVE OIL
PANTRY	MAAPÄHKINÄÖLJY	PEANUT OIL
PANTRY	AURINGONKUKKAÖLJY	SUNFLOWER OIL
PANTRY	RUOKAÖLJY KESKIARVO, 87 % RYPSI- 8 % AURINGONKUKKA- JA 5% OLIIVIÖLJY	COOKING OIL, AVERAGE, 87% RAPESEED, 8% SUNFLOWER,AND 5% OLIVE OIL
PANTRY	SOIJAÖLJY	SOYBEAN OIL
PANTRY	MAISSIÖLJY	CORN OIL, MAIZE OIL
PANTRY	PAISTINRASVA, LAARDI	LARD, FRYING FAT
PANTRY	KOOKOSRASVA 100 %	COCONUT BUTTER
PANTRY	TALI, RAAKA NAUDANRASVA	TALLOW, BEEF FAT
PANTRY	MAJONEESI, HAMPURILAISKASTIKE, RASVAA 60 %	MAYONNAISE, 60% FAT
PANTRY	SALAATINKASTIKE, RANSKALAINEN, SISÄLTÄÄ SINAPPIA	SALAD DRESSING, FRENCH DRESSING WITH MUSTARD
PANTRY	RASVASEOS 40 %, KEVYT LEVI, VÄHEMMÄN SUOLAA, VL	BLENDED SPREAD 40%, KEVYT LEVI, LOW-SODIUM, LOW-LACTOSE
FRUITS_VEGETABLES	MARGARIINI 60 %, RAINBOW/PIRKKA/ELDORADO/K-MENU	MARGARINE 60%, RAINBOW/PIRKKA/ELDORADO/K-MENU
PANTRY	RASVASEOS 40 %, KEVYT LEVI, VL	BLENDED SPREAD 40%, KEVYT LEVI, LOW-LACTOSE
FRUITS_VEGETABLES	(ARC) MARGARIINI 40%, LÄTTA	(ARC)MARGARINE 40%, LÄTTA
PANTRY	VOI, SUOLATON	BUTTER, UNSALTED
PANTRY	MAJONEESI, RASVAA 27-33 %	MAYONNAISE, 27-33% FAT
PANTRY	SALAATINKASTIKE, RASVAA <17 %, VÄHÄRASVAINEN	SALAD DRESSING, <17% FAT, LOW-FAT
PANTRY	VOI, VOIMAKASSUOLAINEN	BUTTER, HIGH-SODIUM
PANTRY	(ARC) RASVASEOS 80 %, VOIMAKASSUOLAINEN	(ARC)BLENDED SPREAD 80%, HIGH-SODIUM
PANTRY	LEIVONTAMARGARIINI 80 %, PIRKKA/RAINBOW	MARGARINE FOR BAKING 80%, PIRKKA/RAINBOW
PANTRY	RASVASEOSLEVITE 75 %, TUOTEKESKIARVO	BLENDED SPREAD 75%, AVERAGE OF INDUSTRIAL PRODUCTS
PANTRY	VOIÖLJY 100 %, MAITORASVAA	BUTTER OIL 100%, MILKFAT
FRUITS_VEGETABLES	(ARC) KASVIRASVALEVITE 32%, BENECOL KEVYT	(ARC)VEGETABLE FAT SPREAD 32%, BENECOL LIGHT
DAIRY	MAITO, TILAMAITO, RAAKAMAITO, RASVAA 4,4 %, EI LISÄTTY D-VITAMIINIA	MILK, RAW MILK, 4.4 % FAT, WITHOUT ADDED VITAMIN D
DAIRY	TERNIMAITO	BEESTINGS, COLOSTRUM
DAIRY	MAITO, KUTUNMAITO, VUOHENMAITO	MILK, GOAT MILK
DAIRY	MAITO, RASVATON, D-VITAMIINIA 1 UG	MILK, 0% FAT, I UG ADDED VITAMIN D
PANTRY	PIIMÄ, TALOUSPIIMÄ, RASVAA 0,8 %	SOUR MILK, 0.8% FAT
PANTRY	PIIMÄ, RASVATON, D-VIT 1 UG	SOUR MILK, 1 UG VITAMIN D
PANTRY	PIIMÄ, KIRNUPIIMÄ	SOUR MILK, BUTTER MILK
PANTRY	KERMAVIILI, RASVAA 10-12 %	SOUR CREAM, 10-12% FAT
PANTRY	PIIMÄ, ASIDOFILUSPIIMÄ, RASVAA 2,5 %, D-VIT 1 UG, PROBIOOTTEJA	SOUR MILK, ACIDOPHILUS, 2.5% FAT, 1 UG VITAMIN D, PROBIOTICS
DAIRY	VIILI, MAUSTAMATON, RASVAA 3,5 %	CURD MILK, PLAIN, 3.5% FAT
DAIRY	VIILI, MAUSTAMATON, KEVYTVIILI, RASVAA 2,5 %	CURD MILK, PLAIN, 2.5% FAT
DAIRY	JOGURTTI, MAUSTAMATON, RASVAA 2,5 %, VL	YOGHURT, PLAIN, 2.5% FAT, LOW-LACTOSE
DAIRY	JOGURTTI, MAUSTAMATON, BULGARIAN, RASVAA 3,9%	YOGHURT, PLAIN, BULGARIAN, 9% FAT
PANTRY	RAHKA, MAITORAHKA, MAUSTAMATON, RASVAA <0,5 %	QUARK, <0.5% FAT
DAIRY	MAITO, YKKÖSMAITO, D-VITAMIINIA 1 UG	MILK, 1% FAT, 1 UG ADDED VITAMIN D
PANTRY	CREME FRAICHE, RANSKANKERMA, RASVAA 28 %	CREME FRAICHE, 28% FAT
DAIRY	KERMA, VISPIKERMA, RASVAA 38 % ,VL, ISKUKUUMENNETTU	WHIPPING CREAM, 38% FAT, LOW-LACTOSE, ULTRA-HEAT-TREATED
PANTRY	SMETANA, RASVAA N. 40 %	SOUR CREAM, 40% FAT
DAIRY	KERMA, KUOHUKERMA, RASVAA 38 %	WHIPPING CREAM, 38% FAT
DAIRY	RUOANVALMISTUSKERMA, RASVAA 19 %, KAHVIKERMA	COOKING CREAM, 19% FAT
DAIRY	KERMA, KAHVIKERMA, KEVYT, RASVAA 10 %, VL	CREAM, LOW-FAT, 1O% FAT, LOW-LACTOSE
DAIRY	RAEJUUSTO, RASVATON, VL	COTTAGE CHEESE, FAT-FREE, LOW-LACTOSE
DAIRY	VIILI, KERROSVIILI, MAUSTETTU HILLOLLA, YKKÖSVIILI, RASVAA 1 %, VL	CURD MILK, FLAVOURED WITH JAM, 1% FAT, LOW-LACTOSE
DAIRY	JOGURTTI, MAUSTAMATON, RASVATON, VL, D-VIT 0,5 UG	YOGHURT, PLAIN, FAT-FREE, LOW-LACTOSE, 0.5 UG VITAMIN D
DAIRY	JOGURTTI, MAUSTETTU, RASVATON	YOGHURT, FLAVOURED, FAT-FREE
DAIRY	JUUSTO, VALKOHOMEJUUSTO, RASVAA 26-30 %, CAMEMBERT/BRIE	CHEESE, WHITE MOULD CHEESE, CAMEMBERT/BRIE, 26-30% FAT
DAIRY	JUUSTO, KERMAJUUSTO, RASVAA 30 %, TURUNMAA/OLTERMANNI/KORSHOLM/MASURKKA	CHEESE, TURUNMAA/OLTERMANNI, 30% FAT
DAIRY	JUUSTO, EMMENTALJUUSTO, RASVAA 27-30 %, PUNALEIMA	CHEESE, EMMENTAL, 27-30% FAT, RED-LABEL
DAIRY	JUUSTO, KOVA PIENIKOLOINEN JUUSTO, RASVAA 24-27 %, EDAM	CHEESE, HARD CHEESE, EDAM TYPE, 24-27% FAT
DAIRY	JUUSTO, PUOLIKOVA JUUSTO, RASVAA 9-11 %, KEVYT, EDAM/KADETT	CHEESE, SEMI-HARD CHEESE, EDAM/KADETT, 9-11% FAT
DAIRY	JUUSTO, KUTUNJUUSTO, VUOHENJUUSTO, RASVAA 30 %, KOVA JUUSTO	CHEESE, HARD CHEESE, GOAT CHEESE, 20-25% FAT
DAIRY	SULATEJUUSTO, RASVAA 20-24 %, KESKIRASVAINEN	PROCESSED CHEESE, 20-24% FAT
DAIRY	SULATEJUUSTO, RASVAA 27-35 %, RUNSASRASVAINEN	PROCESSED CHEESE, 27-35% FAT
DAIRY	RAEJUUSTO, RASVAA 2-5 %	COTTAGE CHEESE, 2-5% FAT
DAIRY	TUOREJUUSTO, KOTIJUUSTO, RASVAA 9-14 %, MAALAISJUUSTO	CHEESE, HOME-MADE FRESH CHEESE, 9-14% FAT
DAIRY	JUUSTO, SINIHOMEJUUSTO, RASVAA 27-30 %, AURA/DANAZOLE, KESKIARVO	CHEESE, BLUE CHEESE, AURA/DANAZOLE, AVERAGE, 27-30% FAT
DAIRY	JUUSTO, GOUDA, KESKIARVO, RASVAA 28-30 %	CHEESE, GOUDA, AVERAGE, 28-30% FAT
DAIRY	JUUSTO, PUOLIKOVA JUUSTO, RASVAA 25-35 %, LAPPI/SMÅLAND/BILLINGE/RUSTHOLLI	CHEESE, SEMI-HARD CHEESE, LAPPI/SMÅLAND/BILLINGE/RUSTHOLLI, 25-35% FAT
DAIRY	JUUSTO, LEIPÄJUUSTO, RASVAA 17-23 %	CHEESE, FINNISH OVEN CHEESE, 17-23% FAT
DAIRY	TUOREJUUSTO, RUNSASRASVAINEN, MUSTAPIPPURIJUUSTO	CREAM CHEESE, 36-44% FAT, KASAKKA/MUSTA-PEKKA
DAIRY	SULATEJUUSTO, RASVAA 9-12 %, VÄHÄRASVAINEN	PROCESSED CHEESE, 9-12% FAT, LOW-FAT
FROZEN	JÄÄTELÖ, PEHMYTJÄÄTELÖ, VOHVELI	SOFT ICE CREAM WITH WAFER
FROZEN	JÄÄTELÖ, KERMAJÄÄTELÖ	ICE CREAM, CREAM BASED
FROZEN	JÄÄTELÖ, KERMAJÄÄTELÖPUIKKO, SUKLAAKUORRUTE, KESKIARVO	ICE CREAM BAR, CREAM BASED, CHOCOLATE-COATED
FROZEN	JÄÄTELÖ, KERMAJÄÄTELÖTUUTTI	ICE CREAM CORNET, CREAM BASED
FROZEN	JÄÄTELÖ, MAITOJÄÄTELÖ	ICE CREAM, MILK BASED
FROZEN	JÄÄTELÖ, SOKERITON, KEINOTEKOISESTI MAKEUTETTU, RASVAA 6,5 %	ICE CREAM, ARTIFICIALLY SWEETENED, 6.5% FAT
FROZEN	JÄÄTELÖ, KERMAJÄÄTELÖ, RASVAA YLI 12 %, KESKIARVO	ICE CREAM, CREAM BASED, >12% FAT
FROZEN	(ARC) JÄÄTELÖ, RASVATON	(ARC)ICE CREAM, FAT-FREE
PANTRY	MAITOJAUHE, RASVATON	MILK POWDER, FAT-FREE MILK
DAIRY	MAITO, KEVYTMAITO, VL, D-VITAMIINIA 1 UG	MILK, 1.5% FAT, LOW-LACTOSE, 1 UG ADDED VITAMIN D
DAIRY	VIILI, MAUSTAMATON, RASVAA 1 %, YKKÖSVIILI	CURD MILK, PLAIN, 1% FAT
DAIRY	TUOREJUUSTO, RASVAA 30 %, MAUSTETTU, CREME BONJOUR/CANTADOU	CREAM CHEESE, 30% FAT, FLAVOURED, CREME BONJOUR/CANTADOU
DAIRY	MAITO, KEVYTMAITO, D-VITAMIINIA 1 UG	MILK, 1.5% FAT, 1 UG ADDED VITAMIN D
DAIRY	JOGURTTI, MAUSTETTU, RASVATON, OSITTAIN KEINOTEKOISESTI MAKEUTETTU, KA.	YOGHURT, FLAVOURED, FAT-FREE, PARTIALLY ARTIFIALLY SWEETENED
DAIRY	JOGURTTI, MAUSTETTU, RASVAA 7 %	YOGHURT, FLAVOURED, 7% FAT
PANTRY	JOGURTTI, RUOANVALMISTUSJOGURTTI, RASVAA 6-8 %, VL	YOGHURT, FAT 6-8%, FOR FOOD PREPARATION
DAIRY	MAITO, TÄYSMAITO, D-VITAMIINIA 1 UG	MILK, 3.5% FAT, 1 UG ADDED VITAMIN D
DAIRY	JUUSTO, SALAATTIJUUSTO, RASVAA 18 %, LEHMÄNMAITO, SUOLALIEMESSÄ	CHEESE, FETA TYPE SALAD CHEESE IN BRINE, 18% FAT
DAIRY	JUUSTO, EMMENTALJUUSTO, RASVAA 27-30 %, SUURIKOLOINEN, SINILEIMA/GRUYERE	CHEESE, EMMENTAL, 27-30% FAT, BLUE-LABEL
DAIRY	JUUSTO, CHEDDAR, RASVAA 34 %	CHEESE, CHEDDAR TYPE, 34% FAT
DAIRY	RUOANVALMISTUSKERMA, KASVIRASVAKERMA, RASVAA 15 %	COOKING CREAM, VEGETABLE FAT, 15% FAT
PANTRY	SIANRUHO, KESKIRASVAINEN	PORK, MEDIUM FAT
PANTRY	SIANKYLJYS/SELKÄ, PAKSU RASVAKERROS	PORK CHOP, THICK LAYER OF FAT
PANTRY	SIANKINKKU, SILAVOINEEN	HAM, FATTY
PANTRY	SIANLAPA	PORK SHOULDER
PANTRY	SIANKYLKI	PORK RIBS
PANTRY	PEKONI, 32 % RASVAA	BACON, 32% FAT
PANTRY	SIAN SELKÄSILAVA	FATBACK
PANTRY	SIANPOTKA	PORK KNUCKLE, HAM HOCK
PANTRY	JAUHELIHA, SIKA-NAUTA	PORK BEEF MINCE
PANTRY	JAUHELIHA, NAUDAN, VÄHÄRASVAINEN, RASVAA 7 %	LEAN STEAK MINCE, 7% FAT
PANTRY	SIANLIHA, KESKIARVO	PORK, AVERAGE
PANTRY	NAUDANLIHA, RASVAINEN, KESKIARVO	BEEF, AVERAGE
PANTRY	NAUDANRUHO, KESKIRASVAINEN, 13 % RASVAA	BEEF, MEDIUM FAT, 13% FAT
PANTRY	NAUDANPAISTI	BEEF ROUND
PANTRY	NAUDANLAPA/ETUSELKÄ, NAUDAN KEITTOLIHA	BEEF CHUCK, BEEF SHOULDER
PANTRY	NAUDANPOTKA	BEEF KNUCKLE
PANTRY	NAUDANRINTA	BEEF BRISKET
PANTRY	NAUDANFILEE, ULKOFILEE	BEEF SIRLOIN
PANTRY	NAUDANKYLKI	BEEF FLANK
PANTRY	VASIKANPAISTI	VEAL ROAST, RAW
PANTRY	LAMPAANLIHA, VÄHÄRASVAINEN	LAMB, LOW-FAT
PANTRY	LAMPAANLIHA, RASVAINEN	LAMB
PANTRY	LAMPAANPAISTI	LAMB ROAST
PANTRY	PORONLIHA	REINDEER
PANTRY	HIRVENLIHA, HIRVI	ELK
PANTRY	JÄNIS	HARE
PANTRY	KANI	RABBIT
MEAT_FISH	LIHASÄILYKE, NAUDANLIHA	BEEF, CANNED
MEAT_FISH	LIHASÄILYKE, SIKA-NAUTA	PORK AND BEEF, CANNED
MEAT_FISH	LIHAHYYTELÖ, TEOLLINEN, NAUDANLIHASTA	BEEF JELLY
PANTRY	SIANPAISTI, VÄHÄRASVAINEN	PORK ROAST, LEAN
MEAT_FISH	KANA	CHICKEN
MEAT_FISH	BROILERI, KOKONAINEN, NAHKOINEEN, RAAKA	CHICKEN WITH SKIN
MEAT_FISH	KALKKUNA NAHKOINEEN	TURKEY WITH SKIN
MEAT_FISH	METSÄLINTU	GAME BIRD
MEAT_FISH	BROILERISUIKALE	CHICKEN STRIPS
MEAT_FISH	KOKOLIHALEIKKELE, SAUNAPALVIKINKKU, RASVAA 6 %	HAM, SMOKED, 6% FAT
MEAT_FISH	KOKOLIHALEIKKELE, NAUDANLIHALEIKKELE, RASVAA 2,8 %	BEEF, CURED, 2.8% FAT
MEAT_FISH	KOKOLIHALEIKKELE, KEITTOKINKKU, RASVAA 3 %	HAM, COOKED HAM, 3% FAT
MEAT_FISH	MAKSA, NAUDAN	LIVER, BEEF
MEAT_FISH	MAKSA, SIAN	LIVER, PORK
MEAT_FISH	MAKSA, BROILERIN	LIVER, CHICKEN
MEAT_FISH	MAKSA, PORON	LIVER, REINDEER
MEAT_FISH	MAKSA, KESKIARVO	LIVER, AVERAGE
MEAT_FISH	MUNUAINEN	KIDNEY
MEAT_FISH	SYDÄN, NAUDAN	HEART, BEEF
MEAT_FISH	KIELI, NAUDAN	TONGUE, BEEF
MEAT_FISH	VERI	BLOOD
MEAT_FISH	KOKOLIHALEIKKELE, POROLEIKKELE, KYLMÄSAVUSTETTU	REINDEER, COLD SMOKED
MEAT_FISH	KOKOLIHALEIKKELE, KINKKULEIKKELE, VÄHÄRASVAINEN, RASVAA 3 %	HAM, COOKED HAM, LOW-FAT, 3% FAT
MEAT_FISH	SILAKKA, TUORE, ITÄMERI	BALTIC HERRING
MEAT_FISH	SILAKKA, SUOLATTU, ITÄMERI	BALTIC HERRING, SALTED
MEAT_FISH	SILAKKA, SAVUSTETTU, ITÄMERI	BALTIC HERRING, SMOKED
MEAT_FISH	SILLI, TYNNYRIIN SUOLATTU	HERRING, SALTED
MEAT_FISH	TURSKA	COD
MEAT_FISH	KUHA	ZANDER, PIKE-PERCH
MEAT_FISH	PUNA-AHVEN, SAVUSTETTU	REDFISH, SMOKED
MEAT_FISH	SINIPALLAS, SAVUSTETTU	HALIBUT, SMOKED
MEAT_FISH	MUIKKU, JÄRVI	VENDACE, LAKE
MEAT_FISH	MUIKKU, JÄRVI, SUOLATTU	VENDACE, SALTED LAKE FISH
MEAT_FISH	MUIKKU, JÄRVI, SAVUSTETTU	VENDACE, SMOKED LAKE FISH
MEAT_FISH	AHVEN	PERCH
MEAT_FISH	HAUKI	PIKE
MEAT_FISH	LAHNA	BREAM
MEAT_FISH	SIIKA	POWAN, WHITEFISH, POLLAN, LAVARET
MEAT_FISH	SIIKA, SAVUSTETTU	POWAN, SMOKED
MEAT_FISH	LOHI, KOKONAINEN	SALMON, WHOLE
MEAT_FISH	LOHI, TUORESUOLATTU	SALMON, SALT-CURED
MEAT_FISH	MADE	BURBOT
MEAT_FISH	KAMPELA	FLOUNDER
MEAT_FISH	ANKERIAS	EEL
MEAT_FISH	KIRJOLOHI, KOKONAINEN, KESKIARVO	RAINBOW TROUT, WHOLE, AVERAGE
MEAT_FISH	TAIMEN	TROUT
MEAT_FISH	KALA, KESKIARVO, SILAKKA/MUIKKU/AHVEN/HAUKI	FISH, AVERAGE, BALTIC HERRING/VENDACE/PERCH/PIKE
MEAT_FISH	NAHKIAINEN, SAVUSTETTU	LAMPREY, SMOKED
FROZEN	SEITI, PAKASTE	SAITHE, FROZEN
MEAT_FISH	TONNIKALA, ÖLJYSSÄ, SÄILYKE	TUNA, IN OIL, CANNED
MEAT_FISH	ANJOVIS	ANCHOVY
MEAT_FISH	LOHI, ÖLJYSSÄ	SALMON IN OIL, CANNED
MEAT_FISH	SARDIINI, KESKIARVO, ÖLJYSSÄ JA TOMAATTIKASTIKKEESSA	SARDINE, AVERAGE, IN OIL AND TOMATO SAUCE
MEAT_FISH	KAVIAARI, SAMMEN MÄTI	CAVIAR, DARK ROE OF STURGEON
MEAT_FISH	MÄTITAHNA	ROE PASTE
MEAT_FISH	SINISIMPUKKA, VEDESSÄ, SÄILYKE	MUSSEL IN WATER, CANNED
MEAT_FISH	KATKARAPU	SHRIMP
MEAT_FISH	RAPU	CRAYFISH
MEAT_FISH	SILLI, MAUSTE/SUOLASILLI, KESKIARVO	HERRING, PICKLED/SALTED, AVERAGE
MEAT_FISH	SILAKKA, MAUSTE/SUOLASILAKKA, KESKIARVO	BALTIC HERRING, PICKLED/SALTED, AVERAGE
MEAT_FISH	LAHNA, SAVUSTETTU	BREAM, SMOKED
MEAT_FISH	SÄRKI	ROACH
FROZEN	PUNA-AHVEN, PUNASIMPPU, PAKASTE	REDFISH, ROSEFISH, FROZEN
MEAT_FISH	KIRJOLOHIFILEE, MERI	RAINBOW TROUT SEA, FILLET
DAIRY	KANANMUNAN KELTUAINEN, 34 % KANANMUNAN MASSASTA	EGG YOLK, 34% OF EGG MASS
DAIRY	KANANMUNAN VALKUAINEN, 66 % KANANMUNAN MASSASTA	EGG WHITE, 66% OF EGG MASS
DAIRY	VIIRIÄISEN MUNA	EGG, QUAIL, RAW
MEAT_FISH	KALA, SAVUSTETTU, KESKIARVO, VÄHÄRASVAINEN	FISH, LOW-FAT, AVERAGE, SMOKED
MEAT_FISH	KALA, SAVUSTETTU, KESKIARVO, RASVAINEN	FISH, FATTY, SMOKED
DAIRY	KANANMUNA, KUORETON	EGG WITHOUT SHELL
MEAT_FISH	SILLI, VALKOSIPULI-/SINAPPIKASTIKKEESSA	HERRING IN GARLIC OR MUSTARD SAUCE
MEAT_FISH	SILAKKA, TILLI-/SINAPPIKASTIKKEESSA	BALTIC HERRING IN DILL OR MUSTARD SAUCE
MEAT_FISH	TONNIKALA	TUNA
MEAT_FISH	OSTERI	OYSTER, EUROPEAN
MEAT_FISH	ETANA	SNAIL
MEAT_FISH	MUSTEKALA	SQUID
MEAT_FISH	HUMMERI	LOBSTER
MEAT_FISH	KIRJOLOHIFILEE, TUORESUOLATTU	RAINBOW TROUT FILLET, SALT-CURED
MEAT_FISH	LOHIFILEE	SALMON FILLET
PANTRY	KAHVI, KAHVIJUOMA, KESKIARVO	COFFEE, AVERAGE
PANTRY	TEE	TEA
PANTRY	OLUT, KESKIOLUT, 4,5 TIL% ALKOHOLIA	BEER, LAGER, MEDIUM STRENGTH, 4.5% VOLUME
PANTRY	OLUT, A-OLUT, 5-5,5 TIL% ALKOHOLIA	BEER, LAGER, STRONG, 5-5.5% VOLUME
PANTRY	VIINI, KESKIARVO, 8-15 TIL% ALKOHOLIA	WINE, AVERAGE, 8-15% VOLUME
PANTRY	VÄKEVÄ VIINI, MAKEA, KATKERO, SHERRY, VERMUTTI, MADEIRA, HEDELMÄVIINI	WINE, FORTIFIED, SWEET, BITTERS, SHERRY, VERMOUTH, MADEIRA, FRUIT WINE
PANTRY	VIINA, KIRKAS, VODKA, GINI	SPIRIT, VODKA, GIN
PANTRY	KONJAKKI/ROMMI/VISKI, 40 TIL% ALKOHOLIA	SPIRIT, BRANDY/RUM/WHISKY 40% VOLUME
PANTRY	LIKÖÖRI, 20-30 TIL% ALKOHOLIA	LIQUEUR, 20-30% VOLUME
PANTRY	GIN LONG DRINK, 5,5 TIL%	GIN AND GRAPEFRUIT DRINK, 5.5% VOLUME
DRINKS	VIRVOITUSJUOMA	SOFT DRINK, LEMONADE
PANTRY	SIIDERI, MAKEA, <3 TIL% ALKOHOLIA	CIDER, SWEET, <3% VOLUME
DRINKS	SIMA	MEAD, FINNISH SIMA
PANTRY	OLUT, I-OLUT, <2,8 TIL% ALKOHOLIA	BEER, LAGER, VERY MILD <2.8% VOLUME
DRINKS	KALJA, KOTIOLUT	BEER HOME-MADE, ALCOHOL-FREE
PANTRY	KIVENNÄISVESI, MINERAALIVESI	MINERAL WATER
PANTRY	TEE, SITRUUNATEEJUOMAJAUHE, VALMISTAMATON, SOKERILLA MAKEUTETTU PIKATEE	LEMON TEA DRINK POWDER, SWEETENED INSTANT TEA
DRINKS	VIRVOITUSJUOMA, SOKERITON, LIGHT	SOFT DRINK, LIGHT, SUGAR-FREE
PANTRY	KIVENNÄISVESI, VÄHÄNATRIUMINEN	MINERAL WATER, LOW SODIUM
PANTRY	VESI, VESIJOHTOVESI	WATER, TAP WATER
PANTRY	TEE, YRTTITEE	TEA, HERBAL TEA
PANTRY	PUNAVIINI	RED WINE
PANTRY	VALKOVIINI, KUIVA	WHITE WINE, DRY
PANTRY	VALKOVIINI, MAKEA	WHITE WINE, SWEET
DRINKS	VIRVOITUSJUOMA, KOLAJUOMA, KESKIARVO	SOFT DRINK, COLA, AVERAGE
PANTRY	VIINIETIKKA	VINEGAR, WINE VINEGAR
PANTRY	KAHVI, SUODATINKAHVIJUOMA	FILTERED COFFEE DRINK
PANTRY	KAHVI, PANNUKAHVIJUOMA	BOILED COFFEE DRINK
PANTRY	KAHVI, CAPPUCCINO, MAKEUTTAMATON, TÄYSMAITO	CAPPUCCINO, UNSWEETENED, WHOLE MILK
PANTRY	VÄKIVIINAETIKKA	VINEGAR
PANTRY	HUNAJA-OMENA-VIINIETIKKA	VINEGAR WITH HONEY AND APPLE
PANTRY	MIETO VIINI, 4-5 TIL% ALKOHOLIA	WINE, LIGHT, 4-5% VOLUME
PANTRY	TEE, VIHREÄ TEE	TEA, GREEN TEA
DRINKS	VIRVOITUSJUOMA, OSITTAIN KEINOTEKOISESTI MAKEUTETTU	SOFT DRINK, PARTIALLY ARTIFICIALLY SWEETENED
PANTRY	SIIDERI, MAKEA, 4,7 TIL% ALKOHOLIA	CIDER, SWEET, 4.7% VOLUME
PANTRY	OLUT, VAHVA, 7,5-8 TIL% ALKOHOLIA	BEER, STRONG ALE, 7.5-8% VOLUME
DRINKS	VIRVOITUSJUOMA, KOLAJUOMA LIGHT, OSITTAIN KEINOTEKOISESTI MAKEUTETTU	SOFT DRINK, COLA, LIGHT, PARTIALLY ARTIFICIALLY SWEETENED
PANTRY	KERMALIKÖÖRI, 15-17 TIL% ALKOHOLIA	CREAM LIQUEUR, 15-17% VOLUME
PANTRY	TÄRKKELYSSIIRAPPI, GLUKOOSISIIRAPPI	GLUCOSE SYRUP, PARTLY REFINED, STARCHY
PANTRY	JUUSTONAKSU	CHEESE PUFFS
PANTRY	VOILEIPÄPIKKELSSI	SANDWICH RELISH
FRUITS_VEGETABLES	(ARC)VAALEA JUURIKASVIS, KESKIARVO	(ARC)ROOT VEGETABLE, AVERAGE, LIGHT COLORED
FRUITS_VEGETABLES	(ARC)TUMMANVIHREÄ LEHTIKASVIS, KESKIARVO	(ARC)LEAF VEGETABLE, AVERAGE, DARK GREEN
MEAT_FISH	MÄTI, KESKIARVO	ROE, AVERAGE
BREAD_GRAINS	NELJÄN VILJAN HIUTALE	4-GRAIN FLAKES
FRUITS_VEGETABLES	RUUSUNMARJA	ROSE HIP
PANTRY	MANSIKKAHILLO, KOTITEKOINEN, SOKERIA 54 %	STRAWBERRY JAM, 54% SUGAR, HOME-MADE
PANTRY	APPELSIINIMARMELADI	ORANGE MARMALADE
PANTRY	PALMUÖLJY	PALM OIL
BREAD_GRAINS	JAUHO, RUISSIHTIJAUHO	FLOUR, RYE, FINE RYE FLOUR
FRUITS_VEGETABLES	APPELSIINI, KUORITTU	ORANGE WITHOUT SKIN
FRUITS_VEGETABLES	MANDARIINI, KUORITTU	MANDARIN, AVERAGE, WITHOUT SKIN
FRUITS_VEGETABLES	GREIPPI, KUORITTU	GRAPEFRUIT, WITHOUT SKIN
FRUITS_VEGETABLES	SITRUUNA, KUORITTU	LEMON, WITHOUT SKIN
FRUITS_VEGETABLES	BANAANI, KUORITTU	BANANA, WITHOUT SKIN
FRUITS_VEGETABLES	KIIVI, KUORITTU	KIWI FRUIT, WITHOUT SKIN
FRUITS_VEGETABLES	PERSIKKA/NEKTARIINI, KUORITTU, KIVETÖN	PEACH/NECTARINE, WITHOUT SKIN AND STONE
FRUITS_VEGETABLES	KIRSIKKA, KIVETÖN	CHERRY WITHOUT STONE
FRUITS_VEGETABLES	LUUMU, KIVETÖN	PLUM, WITHOUT STONE
FRUITS_VEGETABLES	APRIKOOSI, KESKIARVO, KIVETÖN	APRICOT, AVERAGE, WITHOUT STONE
FRUITS_VEGETABLES	VESIMELONI, KUORITTU	WATERMELON, WITHOUT SKIN
FRUITS_VEGETABLES	ANANAS, KUORITTU	PINEAPPLE, WITHOUT SKIN
FRUITS_VEGETABLES	AVOKADO, KUORITTU, KIVETÖN	AVOCADO, WITHOUT SKIN AND STONE
MEAT_FISH	TONNIKALA, KESKIARVO	TUNA, AVERAGE
FRUITS_VEGETABLES	OMENA, KOTIMAINEN, KUORITTU	APPLE, DOMESTIC, WITHOUT SKIN
FRUITS_VEGETABLES	OMENA, ULKOMAINEN, KUORITTU	APPLE, IMPORTED, WITHOUT SKIN
FRUITS_VEGETABLES	PÄÄRYNÄ, KUORITTU	PEAR, WITHOUT SKIN
PANTRY	LUUMU, KIVETÖN, KUIVATTU	PRUNE, WITHOUT STONE
FRUITS_VEGETABLES	HERKKUSIENI, SÄILYKE	CHAMPIGNON, CANNED
FRUITS_VEGETABLES	RUUSUNMARJASOSE, SOKERITON	ROSE HIP PUREE, WITHOUT SUGAR
MEAT_FISH	TONNIKALA, VEDESSÄ, SÄILYKE	TUNA, IN WATER, CANNED
DRINKS	VIINI, ALKOHOLITON	WINE, NON-ALCOHOLIC
FRUITS_VEGETABLES	EKSOOTTINEN HEDELMÄ, KESKIARVO, MANGO/PAPAIJA, KUORITTU	EXOTIC FRUIT, AVERAGE, MANGO/PAPAYA, WITHOUT SKIN
FRUITS_VEGETABLES	HAPANKURKKU LIEMINEEN, VENÄLÄINEN KURKKU	SOURED CUCUMBER
FRUITS_VEGETABLES	ITU, SINIMAILASEN ITU	SPROUT, ALFALFA
PANTRY	PÄHKINÄ, CASHEWPÄHKINÄ	NUT, CASHEW NUT
PANTRY	TAHINI, SEESAMTAHNA, EI LISÄTTYÄ SUOLAA	SESAME SEED PASTE TAHINI, WITHOUT ADDED SALT
PANTRY	KIKHERNE SUOLATTOMASSA VEDESSÄ	CHICK PEA IN UNSALTED WATER
PANTRY	PAPU, VALKOINEN, TOMAATTIKASTIKE	BEAN, WHITE BEAN, IN TOMATO SAUCE
PANTRY	HERAJAUHE, TEOLLISUUDEN RAAKA-AINE	WHEY POWDER. FOR FOOD INDUSTRY
DAIRY	TUOREJUUSTO, RASVAA 6-11 %, MAUSTETTU	CREAM CHEESE, 6-11% FAT, FLAVOURED
DAIRY	JUUSTO, VALKOHOME/VALKOSINIHOMEJUUSTO, RASVAA 40 %	CHEESE, WHITE MOULD CHEESE, 40% FAT
DAIRY	(ARC) TUOREJUUSTO, KASVIRASVAA, RASVAA 24-30 %	(ARC)CREAM CHEESE-LIKE VEGETABLE FAT PRODUCT, 24-30% FAT
DAIRY	JUUSTO, PUOLIKOVA JUUSTO, KEVYT, RASVAA 15-18 %	CHEESE, SEMI-HARD CHEESE, LIGHT, 15-18% FAT
FRUITS_VEGETABLES	BASILIKA, TUORE	BASIL, FRESH
FRUITS_VEGETABLES	BAMBUNVERSO	BAMBOO SHOOTS, CANNED
DAIRY	KERMA, VISPIKERMA, KEVYT, RASVAA 25 %	CREAM, LOW-FAT, 25% FAT
PANTRY	MEHUJÄÄ KESKIARVO	ICE LOLLY, AVERAGE
DAIRY	MAITO, RASVATON, VL, D-VITAMIINIA 1 UG	MILK, 0% FAT, LOW-LACTOSE, 1 UG ADDED VITAMIN D
DAIRY	JUUSTO, LEIPÄJUUSTO, RASVAA 17-23 %, VL	CHEESE, FINNISH OVEN CHEESE, LOW-LACTOSE, 17-23% FAT
FROZEN	JÄÄTELÖ, KERMAJÄÄTELÖPUIKKO, SUKLAINEN, KESKIARVO	ICE CREAM BAR, CREAM BASED, CHOCOLATE FLAVOURED
FROZEN	JÄÄTELÖ, MEHUJÄÄ-JÄÄTELÖPUIKKO, KESKIARVO	ICE CREAM WITH SORBET COATING, AVERAGE
MEAT_FISH	BROILERI, MARINOITU, ILMAN NAHKAA, RAAKA	CHICKEN MARINATED, WITHOUT SKIN
PANTRY	KERMAVIILI, RASVAA 10-12 %, VL	SOUR CREAM, 10-12% FAT, LOW-LACTOSE
DAIRY	VIILI, MAUSTAMATON, KEVYTVIILI, RASVAA 2 %, VL	CURD MILK, PLAIN, 2% FAT, LOW-LACTOSE
DAIRY	RAEJUUSTO, RASVAA 2-5 %, VL	COTTAGE CHEESE, 2-5% FAT, LOW-LACTOSE
PANTRY	RAHKA, MAITORAHKA, MAUSTAMATON, RASVAA <0,5 %, VL	QUARK, <0.5% FAT, LOW-LACTOSE
DAIRY	(ARC) JUUSTO, RASVAA 28 %, SISÄLTÄÄ KASVIRASVAA	(ARC)CHEESE, VEGETABLE FAT, 28% FAT
PANTRY	CREME FRAICHE, RANSKANKERMA, RASVAA 15-18 %	CREME FRAICHE, 15-18% FAT
PANTRY	JÄLKIRUOKAKASTIKE, VANILLIINIKASTIKE, VISPAUTUVA VANILJAKASTIKE	VANILLIN SAUCE
PANTRY	PIIMÄ, RASVATON, VL, D-VIT 1UG	SOUR MILK, FAT-FREE, LOW-LACTOSE, 1 UG VITAMIN D
FROZEN	JÄÄTELÖ, KASVIRASVAJÄÄTELÖPUIKKO, SUKLAAKUORRUTE	ICE CREAM BAR, VEGETABLE FAT, CHOCOLATE COATED
FROZEN	JÄÄTELÖ, KASVIRASVAJÄÄTELÖTUUTTI	ICE CREAM CORNET, VEGETABLE FAT
PANTRY	MUSTAPIPPURI	PEPPER, BLACK PEPPER
PANTRY	VALKOPIPPURI	PEPPER, WHITE PEPPER
PANTRY	PAPRIKAJAUHE	PAPRIKA POWDER
PANTRY	KANELI	CINNAMON
PANTRY	NEILIKKA	CLOVES
PANTRY	INKIVÄÄRI, JAUHETTU	GINGER, GROUND
PANTRY	KARDEMUMMA	CARDAMOM
PANTRY	VANILLIINISOKERI	VANILLIN SUGAR
PANTRY	OREGANO, KUIVATTU	OREGANO, DRIED
PANTRY	TIMJAMI, KUIVATTU	THYME, DRIED
PANTRY	AROMISUOLA/YRTTISUOLA SUOLAPITOISUUS 71 %	AROMATIC SALT, 71% SALT CONTENT
PANTRY	MAUSTEKASTIKE, RUSKEA, HP-KASTIKE	HP-SAUCE, BROWN SAUCE
PANTRY	RYPÄLESOKERI, GLUKOOSI	GLUCOSE
FRUITS_VEGETABLES	HUNAJAMELONI, KUORITTU	HONEYDEW MELON, WITHOUT SKIN
PANTRY	KSYLITOLIPASTILLI, C-VITAMINOITU	PASTILLE SWEETENED WITH XYLITOL, ADDED VITAMIN C
DAIRY	JUUSTO, FETAJUUSTO, RASVAA 25 %, VUOHENMAITO, SUOLALIEMESSÄ	CHEESE, FETA CHEESE IN BRINE, MADE WITH GOAT MILK, 25% FAT
PANTRY	AURINGONKUKANSIEMEN, KUORITTU	SUNFLOWER SEED
FRUITS_VEGETABLES	KASVIRASVALEVITE 28 %, MINI LÄTTA	VEGETABLE FAT SPREAD 28%, MINI LÄTTA
FRUITS_VEGETABLES	TÄYSMEHU, RYPÄLETÄYSMEHU	GRAPE JUICE, UNSWEETENED
PANTRY	BANAANILASTU, KUIVATTU BANAANI	BANANA CHIP
PANTRY	RIISITÄRKKELYS	RICE STARCH
PANTRY	SIANKYLJYS	PORK CHOP, CUTLET
PANTRY	PORSAANFILEE, SISÄFILEE, RASVAA 4,5 %	PORK FILLET, BONELESS TENDERLOIN, FAT 4.5 %
PANTRY	RIISI PITKÄJYVÄINEN, PUUROUTUMATON	RICE, WHITE, LONG-GRAIN, PARBOILED
PANTRY	RUIS-RIISISEOS, RIISI JA RUISROUHE	RYE AND RICE MIX, CRASHED RYE GRAIN
DAIRY	TUOREJUUSTO, RASVAA 30 %, MAUSTETTU, VL	CREAM CHEESE, 30% FAT, FLAVOURED, LOW-LACTOSE
MEAT_FISH	KALKKUNAN RINTAFILEE	TURKEY BREAST
PANTRY	HEDELMÄHILLO, KESKIARVO	FRUIT JAM, AVERAGE
FRUITS_VEGETABLES	TÄYSMEHU, SITRUUNATÄYSMEHU, LAIMENTAMATON	LEMON JUICE, UNSWEETENED, UNDILUTED
FRUITS_VEGETABLES	TÄYSMEHU, APPELSIINITÄYSMEHU, KALSIUMIA	ORANGE JUICE, UNSWEETENED, ADDED CALCIUM
PANTRY	JAUHELIHA, NAUDAN, RASVAA 17 %	BEEF MINCE, 17% FAT
MEAT_FISH	BROILERI, KOIPI-REISI, NAHKOINEEN, RAAKA	CHICKEN LEG AND THIGH WITH SKIN
MEAT_FISH	BROILERI, RINTALEIKE, NAHKOINEEN	CHICKEN BREAST WITH SKIN
MEAT_FISH	BROILERI, RINTAFILEE, NAHATON, SUIKALE, LEIKE	CHICKEN BREAST STRIPS WITHOUT SKIN
PANTRY	(ARC) RASVASEOS 60%, D-VITAMIINIA 10 UG	(ARC)BLENDED SPREAD 60%, 10 UG VITAMIN D
DAIRY	TUOREJUUSTO, RASVAA 11 %, MAUSTAMATON	CREAM CHEESE, LOW-FAT, 11% FAT, PLAIN
DAIRY	(ARC) MAITO, RASVATON, LISÄTTY KALSIUMIA, D-VITAMIINIA 0,5 UG	(ARC)MILK, 0% FAT, WITH ADDED CALCIUM AND 0.5 UG VITAMIN D
PANTRY	PÄHKINÄVÄLIPALA, MAKEA, PATUKKA/LEVY	SNACK BAR WITH NUTS, SWEET
DAIRY	(ARC) SOIJAVÄLIPALA, HAPATETTU, MAUSTETTU, RASVAA 1 %, VITAMINOITU	(ARC)SOY PRODUCT, SOURED, 1% FAT, VITAMINS AND CALCIUM
PANTRY	MARJAJUOMA, RUUSUNMARJA, PRO VIVA, KAURAA JA PROBIOOTTEJA	ROSE HIP DRINK, CONTAINS OAT AND LACTOBACILLUS PLANTARUM, PRO VIVA
FRUITS_VEGETABLES	PIPARJUURI	HORSERADISH
FRUITS_VEGETABLES	PERUNA, KUORITTU, SUURTALOUSTUOTE, SUOJAKAASUPAKATTU	POTATO, PEELED, VACUUM PACKED, CATERING
PANTRY	PAISTOÖLJY, PALMUÖLJY 50 %, PALMUYDINÖLJY 25 %, RYPSIÖLJY 25 %	COOKING OIL, 50% PALM, 25% PALM KERNEL AND 25% RAPESEED OIL
FRUITS_VEGETABLES	RIISIJUOMA, MAUSTAMATON	RICE DRINK
FRUITS_VEGETABLES	PARSA, RAAKA, PUHDISTETTU	ASPARAGUS, RAW, CLEANED
PANTRY	MAJONEESI, VÄHÄRASVAINEN, RASVAA 15 %	MAYONNAISE, 15% FAT, LOW-FAT
MEAT_FISH	MÄTI, KESKIARVO, SUOLATTU	ROE, AVERAGE, SALTED
DAIRY	JOGURTTI, MAUSTETTU HILLOLLA, RASVAA 2 %, VL	YOGHURT, FLAVOURED WITH JAM, 2% FAT, LOW-LACTOSE
PANTRY	RYPSIÖLJY, KYLMÄPURISTETTU	RAPESEED OIL, COLD PRESSED
PANTRY	SOIJAPROTEIINI KONSENTRAATTI, 58 % PROTEIINIA	SOY PROTEIN CONCENTRATE, 58% PROTEIN
PANTRY	PALMUYDINÖLJY	PALM KERNEL OIL
DAIRY	JOGURTTI, MAUSTETTU, RASVAA 3 %	YOGHURT, FLAVOURED, 3% FAT
DAIRY	VIILI, MAUSTETTU, RASVAA 2 %	BERRY AND FRUIT CULTURED MILK 2 % FAT
DAIRY	VIILI, MAUSTETTU, RASVAA 1 %, VL	CURD MILK, FLAVOURED, 1% FAT, LOW-LACTOSE
DAIRY	JOGURTTI, MAUSTETTU, RASVAA 2,5 %	YOGHURT, FLAVOURED, 2.5% FAT
FRUITS_VEGETABLES	SIITAKESIENI	SHIITAKE MUSHROOM
FRUITS_VEGETABLES	OSTERIVINOKAS	OYSTER MUSHROOM
DAIRY	JOGURTTI, MAUSTAMATON, RASVAA 1,5 %	YOGHURT, PLAIN, 1.5% FAT
FRUITS_VEGETABLES	KASVIRASVALEVITE 35 %, BECEL PRO-ACTIV	VEGETABLE FAT SPREAD 35%, BECEL PRO-ACTIV
BREAD_GRAINS	JAUHO, TÄYSJYVÄVEHNÄJAUHO	FLOUR, WHOLE WHEAT FLOUR
PANTRY	MAKARONI, RUISMAKARONI	RYE MACARONI
PANTRY	RIISI TUMMA	RICE, BROWN
FRUITS_VEGETABLES	PERUNA, PUNNITTU KUORINEEN	POTATO, UNPEELED, AVARAGE, RAW
FRUITS_VEGETABLES	MELONI, VERKKO/CANTALOUPEMELONI, PUNNITTU KUORINEEN	MUSKMELON/CANTALOUPE MELON, WITH SKIN
FRUITS_VEGETABLES	OMENA, KESKIARVO, PUNNITTU KUORINEEN	APPLE, AVERAGE, WITH SKIN
FRUITS_VEGETABLES	PÄÄRYNÄ, PUNNITTU KUORINEEN	PEAR, WITH SKIN
FRUITS_VEGETABLES	LUUMU, TUMMA, PUNNITTU KIVINEEN	PLUM, WITH STONE
PANTRY	LUUMU, TUMMA, KUIVATTU, PUNNITTU KIVINEEN	PRUNE, WITH STONE
FRUITS_VEGETABLES	KIRSIKKA, PUNNITTU KIVINEEN	CHERRY WITH STONE
FRUITS_VEGETABLES	APRIKOOSI, KESKIARVO, PUNNITTU KIVINEEN	APRICOT, AVERAGE, WITH STONE
FRUITS_VEGETABLES	PERSIKKA/NEKTARIINI, KESKIARVO, PUNNITTU KIVINEEN	PEACH/NECTARINE, AVERAGE, WITH STONE
FRUITS_VEGETABLES	ANANAS, TUORE, PUNNITTU KUORINEEN	PINEAPPLE, WITH SKIN
FRUITS_VEGETABLES	APPELSIINI, PUNNITTU KUORINEEN	ORANGE, AVERAGE, WITH SKIN
FRUITS_VEGETABLES	SITRUUNA, KESKIARVO, PUNNITTU KUORINEEN	LEMON, WITH SKIN
FRUITS_VEGETABLES	GREIPPI, KESKIARVO, PUNNITTU KUORINEEN	GRAPEFRUIT, AVERAGE, WITH SKIN
PANTRY	MAKKARA, KASVISMAKKARA, SOIJAPITOINEN	VEGETARIAN SAUSAGE, CONTAINS SOYA
FRUITS_VEGETABLES	VIININLEHTI, SÄILÖTTY SUOLALIEMEEN	GRAPE LEAVES, CANNED
PANTRY	JAUHELIHA, LAMPAAN, RASVAA 14 %	LAMB MINCE, 14% FAT
MEAT_FISH	JAUHELIHA, BROILERIN	CHICKEN MINCE
FRUITS_VEGETABLES	VESIMELONI, PUNNITTU KUORINEEN	WATERMELON, WITH SKIN
FRUITS_VEGETABLES	VIINIRYPÄLE, KESKIARVO, PUNNITTU KIVINEEN, VIHREÄ/TUMMA	GRAPE, AVERAGE, GREEN OR RED
FRUITS_VEGETABLES	AVOKADO, PUNNITTU KUORINEEN JA KIVINEEN	AVOCADO  WITH SKIN AND STONE
FRUITS_VEGETABLES	BANAANI, PUNNITTU KUORINEEN	BANANA, WITH SKIN
FRUITS_VEGETABLES	MANDARIINI, KESKIARVO, PUNNITTU KUORINEEN	MANDARIN, AVERAGE, WITH SKIN
PANTRY	VIIKUNA, KUIVATTU, PUNNITTU KANTOINEEN	FIG, DRIED, WITH STEM
PANTRY	TAATELI, KUIVATTU, PUNNITTU KIVINEEN	DATE, DRIED, WITH STONE
FRUITS_VEGETABLES	OLIIVI, KESKIARVO, KIVETÖN, ÖLJYSSÄ, VIHREÄ/MUSTA	OLIVE, AVERAGE, WITHOUT STONE, IN OIL, GREEN/BLACK
FRUITS_VEGETABLES	KIIVI, PUNNITTU KUORINEEN	KIWI FRUIT, WITH SKIN
FRUITS_VEGETABLES	OMENA, KOTIMAINEN, KUORINEEN	APPLE, DOMESTIC, WITH SKIN
FRUITS_VEGETABLES	OMENA, ULKOMAINEN, KUORINEEN	APPLE, IMPORTED, WITH SKIN
FRUITS_VEGETABLES	HUNAJAMELONI, PUNNITTU KUORINEEN	HONEYDEW MELON WITH SKIN
MEAT_FISH	JAUHELIHA, KALKKUNAN, RASVAA 5-6 %	TURKEY MINCE, FAT 5-6%
PANTRY	JAUHELIHA, SIAN, RASVAA 16 %	PORK MINCE, FAT 16 %
PANTRY	PEKONI, FILEE, RASVAA 18 %	BACON, FILLET, 18% FAT
FRUITS_VEGETABLES	MAISSINTÄHKÄ, KOKONAINEN	SWEET CORN, CORN ON THE COB
PANTRY	KAHVI, CAFE AU LAIT, MAKEUTTAMATON, TÄYSMAITO	CAFE AU LAIT, UNSWEETENED, WHOLE MILK
PANTRY	KAHVI, CAFFE LATTE, MAKEUTTAMATON, TÄYSMAITO	CAFE LATTE, UNSWEETENED, WHOLE MILK
PANTRY	KASVISLIEMIKUUTIO	VEGETABLE BOUILLON CUBE
PANTRY	KANALIEMIKUUTIO, SISÄLTÄÄ VEHNÄÄ	CHICKEN BOUILLON CUBE, CONTAINS WHEAT
PANTRY	KALALIEMIKUUTIO	FISH STOCK CUBE
FRUITS_VEGETABLES	KOOKOSMAITO, KOOKOSJUOMA	COCONUT MILK
PANTRY	NUUDELI, RIISINUUDELI	NOODLE, RICE NOODLE
DAIRY	JUUSTO, SALAATTIJUUSTO, RASVAA 12-15 %, LEHMÄNMAITO, SUOLALIEMESSÄ	CHEESE, FETA TYPE SALAD CHEESE IN BRINE, FAT 12-15%
DAIRY	MAITO, KEVYTMAITO, LAKTOOSITON MAITOJUOMA, D-VITAMIINIA 1 UG	MILK, 1.5% FAT, LACTOSE-FREE, 1 UG ADDED VITAMIN D
DAIRY	RUOANVALMISTUSKERMA, RASVAA 15 %	COOKING CREAM, 15% FAT
DAIRY	KERMA, KUOHUKERMA, RASVAA 35 %	WHIPPING CREAM, 35% FAT
DRINKS	ENERGIAJUOMA, VITAMINOITU	ENERGY DRINK WITH ADDED VITAMINS
DAIRY	JOGURTTI, JUOTAVA, RASVAA 0,1 %	YOGHURT, DRINKABLE, FLAVOURED, FAT 0.1 G
PANTRY	KAHVI, CAPPUCCINO, MAKEUTTAMATON, RASVATON MAITO	CAPPUCCINO, UNSWEETENED, FAT-FREE MILK
DAIRY	VIILI, MAUSTAMATON, RASVATON	CURD MILK, PLAIN, FAT-FREE
PANTRY	SIIDERI, KUIVA, 4,7 TIL% ALKOHOLIA	CIDER, DRY 4.7% VOLUME
PANTRY	MEHU, MEHUJUOMA, PUOLUKKA, LAIMENNETTU	JUICE DRINK, LINGONBERRY, DILUTED, CONTAINS SUGAR
PANTRY	KAAKAORASVA	COCOA BUTTER
PANTRY	SUKLAA, VALKOINEN, VALKOSUKLAA	CHOCOLATE, WHITE CHOCOLATE
FRUITS_VEGETABLES	MARGARIINI 40 %, TEOLLINEN TUOTEKESKIARVO	MARGARINE 40%, AVERAGE OF INDUSTRIAL PRODUCTS
DAIRY	KANANMUNA, KUORINEEN PUNNITTU	EGG, WHOLE, WITH SHELL
MEAT_FISH	SILAKKAFILEE	BALTIC HERRING, FILLET
PANTRY	KUSKUS	COUSCOUS
DAIRY	MAITO, KEVYTMAITO, EI LISÄTTY D-VITAMIINIA, LUOMU	MILK, 1.5% FAT, WITHOUT ADDED VITAMIN D, ORGANIC
DAIRY	MAITO, RASVATON, EI LISÄTTY D-VITAMIINIA, LUOMU	MILK, 0% FAT, WITHOUT ADDED VITAMIN D, ORGANIC
PANTRY	PIIMÄ, RASVATON, EI LISÄTTY D-VITAMIINIA, LUOMU	SOUR MILK, FAT-FREE, ORGANIC, WITHOUT ADDED VITAMIN D
PANTRY	MEHU, MEHUJUOMA, C-VITAMIINIA	JUICE DRINK, FRUIT, BERRY, ADDED VITAMIN C, CONTAINS SUGAR
FRUITS_VEGETABLES	KANGASROUSKU	RUFOUS MILKCAP
DAIRY	JUUSTO, FETAJUUSTO, VUOHENMAITO, ÖLJYSSÄ	CHEESE, FETA CHEESE IN OIL, GOAT MILK
BREAD_GRAINS	LESE, RUISLESE	RYE BRAN
DAIRY	JUUSTO, MOZZARELLA, RASVAA 20 %, TUOREJUUSTO	CHEESE, MOZZARELLA CHEESE, 20% FAT
FRUITS_VEGETABLES	MARGARIINI 60 %, BECEL LAKTOOSITON	MARGARINE 60%, BECEL, LACTOSE-FREE
FRUITS_VEGETABLES	HERKKUTATTI	PORCINI
PANTRY	ÄIDINMAIDONKORVIKE, JAUHE, TUOTEKESKIARVO	INFANT FORMULA, POWDER, AVERAGE
PANTRY	ÄIDINMAIDONKORVIKE, KÄYTTÖVALMIS, TUOTEKESKIARVO	INFANT FORMULA, READY-TO-FEED, AVERAGE
FRUITS_VEGETABLES	(ARC)TÄYSMEHU, C-VITAMIINIA, KESKIARVO	(ARC)JUICE, UNSWEETENED, ADDED VITAMIN C, AVERAGE
PANTRY	MAKARONI, GLUTEENITON	MACARONI, GLUTEN-FREE
BREAD_GRAINS	JAUHO, JAUHOSEOS, LUONTAISESTI GLUTEENITON, RIISI-MAISSI-PERUNA	FLOUR MIXTURE, NATURALLY GLUTEN-FREE, RICE, CORN, POTATO
DRINKS	TONIKKI, TONIC VESI	TONIC WATER
FRUITS_VEGETABLES	TÄYSMEHU, LUUMUTÄYSMEHU	PLUM JUICE, UNSWEETENED
PANTRY	MAKEINEN, SALMIAKKIMAKEINEN	SALTY LIQOURICE
PANTRY	PIIMÄ, GEFILUS-PIIMÄ, RASVATON, D-VIT 1 UG, PROBIOOTTEJA	SOURED MILK GEFILUS, SKIMMED 0.1 FAT
BREAD_GRAINS	JAUHO, MAISSIJAUHO, KARKEA, POLENTAJAUHO	FLOUR, CORN MEAL, COARSELY GROUND
BREAD_GRAINS	JAUHO, MAISSIJAUHO, HIENOKSI JAUHETTU	FLOUR, CORN MEAL, FINELY GROUND
MEAT_FISH	ATERIANKORVIKE, PROTEIINIJUOMAJAUHE, HERBALIFE FORMULA 1, 35 % PROTEIINIA	MEAL REPLACEMENT, PROTEIN DRINK POWDER, HERBALIFE FORMULA 1, 35% PROTEIN
PANTRY	TÄYSKSYLITOLIPASTILLI	FULL- XYLITOL PASTILLE
BREAD_GRAINS	JAUHO, TAPIOKA	TAPIOCA
PANTRY	MAISSINAKSU, SUOLATON	CORN SNACK, PUFFED, CORN PUFFS WITHOUT ADDED SALT
BREAD_GRAINS	JAUHO, KAURAJAUHO	FLOUR, OAT FLOUR
PANTRY	PASTA, MONIVILJAPASTA, VEHNÄ, RUIS, OHRA	PASTA, MULTIGRAIN, WHEAT, RYE AND BARLEY
PANTRY	URHEILUJUOMA, HIILIHYDRAATTIJUOMA, POWERADE, GATORADE	SPORT BEVERAGE, CARBOHYDRATE DRINK, POWERADE, GATORADE
FRUITS_VEGETABLES	SOIJAJUOMA, KALSIUMIA	SOYA DRINK,  CALCIUM
FRUITS_VEGETABLES	KAURAJUOMA, MAIDOTON, LISÄTTY KALSIUMIA	OAT DRINK WITHOUT MILK, WITH ADDED CALCIUM
FRUITS_VEGETABLES	KAURAJUOMA, MAIDOTON, LISÄTTY KALSIUMIA JA VITAMIINEJA	OAT DRINK WITHOUT MILK, WITH ADDED CALCIUM AND VITAMINS
FRUITS_VEGETABLES	KAURAJUOMA, MAIDOTON, OAT DRINK	OAT DRINK WITHOUT MILK
DAIRY	KAURAVALMISTE, VAIHTOEHTO KERMALLE, RASVAA 15 %	OAT PRODUCT, NON-DAIRY CREAM SUBSTITUTE, 15% FAT
FRUITS_VEGETABLES	RIISIJUOMA, LISÄTTY KALSIUMIA	RICE DRINK, CALCIUM
FRUITS_VEGETABLES	VESIKASTANJA	WATER CHESTNUT
PANTRY	RIISI-KAURASEOS	RICE AND OAT MIX
FRUITS_VEGETABLES	BATAATTI, KUORITTU	SWEET POTATO, WITHOUT SKIN
DRINKS	VIRVOITUSJUOMA, KOLAJUOMA LIGHT, KEINOTEKOISESTI MAKEUTETTU	SOFT DRINK, COLA, LIGHT, ARTIFICIALLY SWEETENED
MEAT_FISH	BROILERIN SIIPI, NAHKOINEEN	CHICKEN WING WITH SKIN
MEAT_FISH	BROILERIN SIIPI, NAHATON	CHICKEN WING WITHOUT SKIN
MEAT_FISH	BROILERIN SIIPI, MARINOITU, RAAKA	CHICKEN WING, MARINATED, RAW
MEAT_FISH	LEIKKELEMAKKARA, BALKAN/KINKKUMAKKARA, RASVAA 16 %	SLICING SAUSAGE, BALKAN/HAM SAUSAGE, 16% FAT
MEAT_FISH	LEIKKELEMAKKARA, BALKANMAKKARA, RASVAA 21,5 %	SLICING SAUSAGE, BALKAN, 21.5% FAT
MEAT_FISH	LEIKKELEMAKKARA, GOUTERMAKKARA, RASVAA 12 %	SLICING SAUSAGE, GOUTER, 12% FAT
MEAT_FISH	MUIKKUSÄILYKE, TOMAATTIKASTIKKEESSA	VENDACE, CANNED IN TOMATO SAUCE
MEAT_FISH	LEIKKELEMAKKARA, LAUANTAIMAKKARA, KEVYT, RASVAA 14,5 %	SLICING SAUSAGE, LAUANTAI, LIGHT, 14.5% FAT
MEAT_FISH	NAKKI, JUUSTOINEN	FRANKFURTER, CONTAINS CHEESE
MEAT_FISH	LENKKIMAKKARA, JUUSTOINEN	SAUSAGE, RING BOLOGNA, CONTAINS CHEESE
MEAT_FISH	LEIKKELEMAKKARA, VÄHÄSUOLAINEN, RASVAA 3,5 %	SLICING SAUSAGE, LOW SALT, FAT 3.5%
MEAT_FISH	LEIKKELEMAKKARA, BALKANMAKKARA/KINKKUMAKKARA, KEVYT, RASVAA 9 %	SLICING SAUSAGE, BALKAN/HAM SAUSAGE, LIGHT, 9% FAT
MEAT_FISH	MEETVURSTI, KEVYT, RASVAA 15 %	SALAMI, LIGHT, 15% FAT
MEAT_FISH	MEETVURSTI	SALAMI
DAIRY	SULATEJUUSTO, RASVAA 5 %, VÄHÄRASVAINEN	PROCESSED CHEESE, 5% FAT, LOW-FAT
MEAT_FISH	NAKKI, TUOTEKESKIARVO	FRANKFURTER, AVERAGE OF INDUSTRIAL PRODUCTS
MEAT_FISH	LENKKIMAKKARA, KESKIARVO	SAUSAGE, RING BOLOGNA, AVERAGE
MEAT_FISH	LEIKKELEMAKKARA, JAHTIMAKKARA, RASVAA 18 %	SLICING SAUSAGE, JAHTI, 18% FAT
MEAT_FISH	GRILLIMAKKARA, KEVYT, TUOTEKESKIARVO	BARBEQUE SAUSAGE, LIGHT, AVERAGE
MEAT_FISH	RYYNIMAKKARA, TUOTEKESKIARVO	GROAT SAUSAGE, AVERAGE OF INDUSTRIAL PRODUCTS
MEAT_FISH	LENKKIMAKKARA, KEVYT, TUOTEKESKIARVO	SAUSAGE, RING BOLOGNA, LIGHT, AVERAGE
MEAT_FISH	NAKKI, KEVYT, TUOTEKESKIARVO	FRANKFURTER, LIGHT, AVERAGE OF INDUSTRIAL PRODUCTS
MEAT_FISH	RAAKAMAKKARA, SISKONMAKKARA	SAUSAGE, FRESH SAUSAGE, SISKONMAKKARA
MEAT_FISH	GRILLIMAKKARA, JUUSTOINEN, LIHAISA	BARBEQUE SAUSAGE, MEATY, CHEESE
MEAT_FISH	MAKKARA, VERIMAKKARA, MUSTAMAKKARA	BLOOD SAUSAGE, BLACK SAUSAGE
MEAT_FISH	MAKSAMAKKARA, MAKSAPASTEIJA, KESKIARVO	LIVER SAUSAGE, LIVER PATE, AVERAGE
MEAT_FISH	MAKSAMAKKARA, MAKSAPASTEIJA, KEVYT, KESKIARVO	LIVER SAUSAGE, LIVER PATE, LIGHT, AVERAGE
MEAT_FISH	GRILLIMAKKARA, JUUSTOINEN	BARBEQUE SAUSAGE, CHEESE
DRINKS	TEE, JÄÄTEE	TEA, ICE TEA
DRINKS	MEHU, MEHUJUOMA, OSITTAIN KEINOTEKOISESTI MAKEUTETTU	JUICE DRINK, FRUIT, BERRY, PARTIALLY ARTIFICIALLY SWEETENED
PANTRY	MEHU, MEHUJUOMA, KEVYT, OSITTAIN KEINOTEKOISESTI MAKEUTETTU	JUICE DRINK, FRUIT, BERRY, LIGHT, PARTIALLY ARTIFICIALLY SWEETENED
FRUITS_VEGETABLES	TÄYSMEHU, PÄÄRYNÄTÄYSMEHU	PEAR JUICE, UNSWEETENED
PANTRY	MEHU, MEHUJUOMA	JUICE DRINK, FRUIT, BERRY, AVERAGE, CONTAINS SUGAR
PANTRY	MEHUJUOMATIIVISTE, KESKIARVO	FRUIT JUICE, CONCENTRATED, AVERAGE, CONTAINS SUGAR
FRUITS_VEGETABLES	TÄYSMEHU, KARPALO-PUOLUKKATÄYSMEHU	CRANBERRY-LINGONBERRYJUICE, UNSWEETENED
DRINKS	MEHU, MEHUJUOMA, SOKERITON, KEINOTEKOISESTI MAKEUTETTU	JUICE DRINK, SUGAR-FREE, ARTIFICIALLY SWEETENED
DAIRY	JUUSTO, PUOLIKOVA JUUSTO, RASVAA 5 %	CHEESE, SEMI-HARD CHEESE, 5% FAT
DAIRY	RAEJUUSTO, RASVAA 2-5 %, LAKTOOSITON	COTTAGE CHEESE, 2-5% FAT, LACTOSE-FREE
DAIRY	MAITO, RASVATON, LAKTOOSITON MAITOJUOMA, D-VITAMIINIA 1 UG	MILK, 0% FAT, LACTOSE-FREE, 1 UG ADDED VITAMIN D
DAIRY	JUUSTO, SINIHOMEJUUSTO, RASVAA 17 %, AURA	CHEESE, BLUE CHEESE, AURA, 17% FAT
DAIRY	JUUSTO, VALKOHOMEJUUSTO, RASVAA 16 %, CAMEMBERT/BRIE	CHEESE, WHITE MOULD CHEESE, CAMEMBERT/BRIE, 16% FAT
PANTRY	SIIDERI, KUIVA, 5,5 TIL% ALKOHOLIA	CIDER, DRY, 5.5% VOLUME
DRINKS	SIIDERIJUOMA, 0,7 TIL% ALKOHOLIA	CIDER, 0.7% VOLUME
PANTRY	RIISISUKLAA	RICE CHOCOLATE
DAIRY	TUOREJUUSTO, RASVAA 15 %, MAUSTETTU, CREME BONJOUR LIGHT	CREAM CHEESE, LOW-FAT, 15% FAT, FLAVOURED, CREME BONJOUR LIGHT
FRUITS_VEGETABLES	TOMAATTI, AURINKOKUIVATTU, ÖLJYSSÄ	TOMATO, SUN-DRIED, IN OIL
DAIRY	VIILI, MAUSTAMATON, RASVAA 1 %, YKKÖSVIILI, VL	CURD MILK, PLAIN, 1% FAT, LOW-LACTOSE
DAIRY	VIILI, MAUSTETTU, RASVAA 2 %, VL	CURD MILK, FLAVOURED, 2% FAT, LOW-LACTOSE
PANTRY	KIVENNÄISVESI, FRUKTOOSILLA MAKEUTETTU	MINERAL WATER, SWEETENED WITH FRUCTOSE
DAIRY	JOGURTTI, JUOTAVA, RASVAA 0,1 %, VL	YOGHURT, DRINKABLE, FLAVOURED, FAT 0.1%, LOW-LACTOSE
PANTRY	KERMAVIILI, RASVAA 6 %, VL	SOUR CREAM, 6% FAT, LOW-LACTOSE
PANTRY	KERMAVIILI, RASVAA 3,5 % ,VL	SOUR CREAM, 3.5% FAT, LOW-LACTOSE
DAIRY	JOGURTTI, MAUSTETTU, RASVAA 2 %, VL, D-VIT 0,5 UG	YOGHURT, FLAVOURED, 2% FAT, LOW-LACTOSE, 0.5 UG VITAMIN D
DAIRY	JOGURTTI, MAUSTETTU, RASVAA 1,5 %, VL	YOGHURT, FLAVOURED, 1.5% FAT, LOW-LACTOSE
DAIRY	JOGURTTI, MAUSTETTU, RASVATON, LAKTOOSITON	YOGHURT, FLAVOURED, FAT-FREE, LACTOSE-FREE
PANTRY	MALTODEKSTRIINI	MALTODEXTRIN
MEAT_FISH	GRILLIMAKKARA, TUOTEKESKIARVO	BARBEQUE SAUSAGE, AVERAGE
MEAT_FISH	GRILLIMAKKARA, LIHAISA, TUOTEKESKIARVO	BARBEQUE SAUSAGE, MEATY, AVERAGE
PANTRY	MEHU, HÖYRYMEHU, MUSTAHERUKKA, LAIMENTAMATON, SOKERITON	BLACKCURRANT JUICE, UNSWEETENED, UNDILUTED, HOME-MADE
PANTRY	MEHU, HÖYRYMEHU, MUSTAHERUKKA, LAIMENNETTU, SOKERITON	BLACKCURRANT JUICE, UNSWEETENED, DILUTED, HOME-MADE
PANTRY	MEHU, GEFILUS, PROBIOOTTEJA, TUOTEKESKIARVO	JUICE DRINK, GEFILUS, PROBIOTICS, AVERAGE OF INDUSTRIAL PRODUCTS
FRUITS_VEGETABLES	TÄYSMEHU, C-VITAMIINIA, D-VITAMIINIA, PROBIOOTTEJA	JUICE, UNSWEETENED, VITAMIN C, VITAMIN D, PROBIOTICS
PANTRY	MEHU, MEHUJUOMA, KUITUA	JUICE DRINK, FRUIT, BERRY, FIBRE, CONTAINS SUGAR
DAIRY	JOGURTTI, MAUSTETTU HILLOLLA, RASVATON	YOGHURT WITH JAM, FAT-FREE
PANTRY	VOI, VÄHÄSUOLAINEN	BUTTER, LOW-SODIUM
FRUITS_VEGETABLES	KASVIRASVALEVITE 30 %, KEIJU KEVYT	VEGETABLE FAT SPREAD 30%, KEIJU KEVYT
FRUITS_VEGETABLES	(ARC) KASVIRASVALEVITE 25%, PIRKKA	(ARC)VEGETABLE FAT SPREAD 25%, PIRKKA
FRUITS_VEGETABLES	MARGARIINI 40 %, RAINBOW	MARGARINE 40%, RAINBOW
FRUITS_VEGETABLES	KASVIRASVALEVITE 70 %, KEIJU LAKTOOSITON, D-VIT 20 UG	VEGETABLE FAT SPREAD 70%, KEIJU LACTOSE FREE, 20 UG VITAMIN D
FRUITS_VEGETABLES	MARGARIINI 60 %, KEIJU NORMAALISUOLAINEN, D-VIT 20 UG	MARGARINE 60%, KEIJU NORMALLY SALTED, 20 UG VITAMIN D
FRUITS_VEGETABLES	MARGARIINI 40 %, KEIJU KEVYT LAKTOOSITON, D-VIT 20 UG	MARGARINE 40%, KEIJU LIGHT, LACTOSE-FREE, 20 UG VITAMIN D
FRUITS_VEGETABLES	MARGARIINI 60 %, KULTARYPSI	MARGARINE 60%, KULTARYPSI
FRUITS_VEGETABLES	MARGARIINI 60 %, TEOLLINEN TUOTEKESKIARVO	MARGARINE 60%, AVERAGE OF INDUSTRIAL PRODUCTS
PANTRY	MEHUJUOMATIIVISTE, VITAMINOITU	FRUIT JUICE, CONCENTRATED, WITH ADDED VITAMINS, CONTAINS SUGAR
PANTRY	SIIDERI, KEVYT, 4,7 TIL% ALKOHOLIA	CIDER, LIGHT, 4.7% VOLUME
PANTRY	GIN LONG DRINK, KEVYT 4,7 TIL%	GIN AND GRAPEFRUIT DRINK, LIGHT, 4.7% VOLUME
DAIRY	KANANMUNA, OMEGA, KUORETON	EGG, OMEGA, WITHOUT SHELL
DAIRY	RUOANVALMISTUSKERMA, RASVAA 5 %, VL	COOKING CREAM, 5% FAT, LOW-LACTOSE
MEAT_FISH	ATERIANKORVIKE, PROTEIINIPATUKKA, KESKIARVO, N. 30 % PROTEIINIA	MEAL REPLACEMENT, PROTEIN BAR, AVERAGE, C. 30% PROTEIN
PANTRY	RAHKA, MAUSTETTU, RASVAA 3,5 %	QUARK, FLAVOURED, 3.5% FAT
MEAT_FISH	BROILERI, KOIPI-REISI, NAHATON	CHICKEN LEG AND THIGH WITHOUT SKIN
PANTRY	JÄLKIRUOKAKASTIKE, VANILJAKASTIKE, KAURAPOHJAINEN	VANILLA SAUCE WITHOUT MILK
FROZEN	JÄÄTELÖ, KAURAJÄÄTELÖ	ICE CREAM, VEGETABLE FAT, WITHOUT MILK
MEAT_FISH	KOKOLIHALEIKKELE, PARMANKINKKU, ILMAKUIVATTU KINKKU, RASVAA 15 %	PARMA HAM, 15% FAT
FRUITS_VEGETABLES	FENKOLI, SALAATTIFENKOLI	FLORENCE FENNEL
PANTRY	MAJONEESI, RASVAA 80 %	MAYONNAISE, 80% FAT
PANTRY	MAJONEESI, RASVATON	MAYONNAISE, FAT-FREE
PANTRY	PINJANSIEMEN	PINE NUT, PINE KERNEL
PANTRY	PELLAVANSIEMEN, KOKONAINEN	LINSEED, WHOLE
PANTRY	PASTA, VEHNÄNALKIOPASTA	PASTA, WHEAT GERM PASTA
PANTRY	SIANLIHASUIKALE, MARINOITU, RAAKA	PORK STRIPS, MARINATED
PANTRY	NAUDANLIHASUIKALE, MARINOITU, RAAKA	BEEF STRIPS, MARINATED
PANTRY	RUOKASOODA	BAKING SODA, BICARBONATE OF SODA
PANTRY	PASTA, TUMMA PROTEIINIPASTA	PASTA, DARK HIGH PROTEIN PASTA
BREAD_GRAINS	KVINOA, SIEMEN	QUINOA
PANTRY	KURPITSANSIEMEN	PUMPKIN SEED
PANTRY	PÄHKINÄ, PISTAASIPÄHKINÄ	NUT, PISTACHIO NUT
PANTRY	PAPU, MUNGOPAPU, KEITETTY, LISÄTTY SUOLAA	BEAN, MUNG BEAN, BOILED, WITH SALT
PANTRY	PAPU, KIDNEYPAPU, KEITETTY	BEAN, KIDNEY BEAN, BOILED
PANTRY	PAPU, ADUKIPAPU, KUIVATTU	BEAN, ADZUKI BEAN, DRIED
PANTRY	PAPU, ADUKIPAPU, KEITETTY, SUOLATON	BEAN, ADZUKI BEAN, BOILED WITHOUT SALT
PANTRY	KIKHERNE, KUIVATTU	CHICK PEA, DRIED
PANTRY	LINSSI, PUNAINEN, KUIVATTU	LENTILS, RED, DRIED
PANTRY	LINSSI, PUNAINEN, KEITETTY	LENTILS, RED, COOKED
BREAD_GRAINS	JAUHO, SPELTTIJAUHO, TÄYSJYVÄ	SPELT FLOUR, WHOLE MEAL
FROZEN	JÄÄTELÖ, KAURAJÄÄTELÖ, PUIKKO	ICE CREAM PIN, VEGETABLE FAT, WITHOUT MILK
FROZEN	JÄÄTELÖ, SOIJAJÄÄTELÖPUIKKO, SUKLAAKUORRUTE	SOY MILK FROZEN DESSERT, ICE CREAM BAR, CHOCOLATE COATED
DAIRY	SOIJAVALMISTE, VAIHTOEHTO KERMALLE, RASVAA 17,5 %	SOYA PRODUCT, NON-DAIRY CREAM SUBSTITUTE, 17.5% FAT
PANTRY	PAPU, HÄRKÄPAPU, KUIVATTU, KEITETTY, LISÄTTY SUOLA	BEAN, BROAD BEAN, FAVA BEAN, BOILED WITH SALT
BREAD_GRAINS	AMARANTTI, HIUTALE	AMARANTH FLAKES
PANTRY	JOHANNEKSENLEIPÄPUUJAUHE, CAROB-JAUHE	ST. JOHN'S BREAD POWDER, CAROB POWDER
FRUITS_VEGETABLES	SOIJAJUOMA, VITAMINOITU	SOYA DRINK, VITAMINS
FRUITS_VEGETABLES	SOIJAJUOMA, EI LISÄTTYÄ SOKERIA	SOYA DRINK, PLAIN
FRUITS_VEGETABLES	SOIJAJUOMA, SUKLAA, VITAMINOITU	SOYA DRINK, CHOCOLATE, VITAMINS
PANTRY	TEMPEH	TEMPEH
PANTRY	RIISIKAKKU, RIISIKEKSI	RICE CAKE
PANTRY	RIISI-MAISSIKAKKU	RICE CAKE WITH CORN
PANTRY	SUKLAARUSINA	CHOCOLATE RAISIN
PANTRY	PASTA, TUOREPASTA, KANANMUNAA	FRESH PASTA, CONTAINS EGG
PANTRY	PUOLUKKAHILLO	LINGONBERRY JAM
PANTRY	OMENAHILLO	APPLE JAM
PANTRY	MAKARONI, PASTA, KANANMUNAA	MACARONI, PASTA, CONTAINS EGG
PANTRY	MAITOJAUHE, RASVATON, VL, D-VITAMIINIA 5 UG	MILK POWDER, FAT-FREE MILK, LOW-LACTOSE, 5 UG ADDED VITAMIN D
PANTRY	MAITOJAUHE, RASVATON, LAKTOOSITON, D-VITAMIINIA 5 UG	MILK POWDER, FAT-FREE MILK, LACTOSE-FREE, 5 UG ADDED VITAMIN D
PANTRY	PELLAVAÖLJY	LINSEED OIL, FLAXSEED OIL
PANTRY	MAITOJAUHE, RASVATON, D-VITAMIINIA 5 UG	MILK POWDER, FAT-FREE MILK, 5 UG ADDED VITAMIN D
PANTRY	MAITOJAUHE, RASVATON, VL	MILK POWDER, FAT-FREE MILK, LOW-LACTOSE
PANTRY	MAITOJAUHE, RASVATON, LAKTOOSITON	MILK POWDER, FAT-FREE MILK, LACTOSE-FREE
PANTRY	RASVASEOSLEVITE 70 %	BLENDED SPREAD 70%
PANTRY	RASVASEOSLEVITE 75 %, LAKTOOSITON	BLENDED SPREAD 75%, LACTOSE-FREE
PANTRY	RASVASEOS 40 %, VL	BLENDED SPREAD 40%, LOW-LACTOSE
PANTRY	RASVASEOS, JUOKSEVA, 80%, KESKIARVO	FAT BLEND 80%, COOKING LIQUID, AVERAGE
DAIRY	JOGURTTI, MAUSTETTU, RASVAA NOIN 4 %, LAKTOOSITON	YOGHURT, FLAVOURED, 4% FAT, LACTOSE-FREE
FROZEN	JÄÄTELÖ, JOGURTTIJÄÄTELÖ, RASVAA 9 %	ICE CREAM, YOGHURT BASED, 9% FAT
DAIRY	SOIJAVÄLIPALA, ALPRO, HAPATETTU, MAUSTAMATON, RASVAA 2,3 %, KALSIUM, VITAMINOITU	SOY PRODUCT, ALPRO NATURAL, SOURED, PLAIN, ADDED VITAMIN AND CALCIUM
PANTRY	VOI, LAKTOOSITON	BUTTER LACTOSE-FREE
BREAD_GRAINS	JAUHO, JAUHOSEOS, TUMMA, LUONTAISESTI GLUTEENITON	FLOUR MIXTURE, NATURALLY GLUTEN-FREE, DARK
BREAD_GRAINS	JAUHO, JAUHOSEOS, GLUTEENITON, VEHNÄTÄRKKELYSTÄ, VITAMINOITU, MAITO	FLOUR MIXTURE, GLUTEN-FREE, CONTAINS WHEAT STARCH AND MILK, WITH ADDED VITAMINS
FROZEN	KALAPUIKKO, LOHI, KYPSENTÄMÄTÖN	FISH FINGERS, SALMON, FROZEN
PANTRY	PASTA, TÄYSJYVÄRIISIJAUHO, LUONTAISESTI GLUTEENITON	PASTA, WHOLEGRAIN RICE FLOUR, NATURALLY GLUTEN-FREE
FRUITS_VEGETABLES	APRIKOOSISOSE, SOKERITON, C-VITAMINOITU	APRICOT PUREE, UNSWEETENED, WITH ADDED VITAMIN C
FRUITS_VEGETABLES	MARJASOSE, SOKERITON, C-VITAMINOITU	BERRY PUREE, UNSWEETENED, ADDED VITAMIN C
BREAD_GRAINS	JAUHO, JAUHOSEOS, VAALEA, LUONTAISESTI GLUTEENITON	FLOUR MIXTURE, NATURALLY GLUTEN-FREE
PANTRY	KETSUPPI, VÄHEMMÄN SUOLAA JA SOKERIA, FELIX	TOMATO KETCHUP, REDUCED SALT AND SUGAR
BREAD_GRAINS	JAUHO, JAUHOSEOS, VAALEA, GLUTEENITON, VEHNÄTÄRKKELYS, MAITOJAUHE	FLOUR MIXTURE, GLUTEN-FREE, CONTAINS WHEAT STARCH AND MILK POWDER
FRUITS_VEGETABLES	GUAVA	GUAVA
DAIRY	MAITO, KEVYTMAITO, LAKTOOSITON MAITOJUOMA, EI LISÄTTY D-VITAMIINIA, LUOMU	MILK, 1.5% FAT, LACTOSE-FREE, WITHOUT ADDED VITAMIN D, ORGANIC
FRUITS_VEGETABLES	GRANAATTIOMENA, KUORITTU	POMEGRANATE, WITHOUT SKIN
FRUITS_VEGETABLES	CHILI, VIHREÄ, TUORE	CHILI, GREEN, RAW
PANTRY	PASTA, SPAGETTI, MAKARONI, LUONTAISESTI GLUTEENITON	PASTA, SPAGHETTI, MACARONI, NATURALLY GLUTEN-FREE
PANTRY	PASTA, SPAGETTI, LUONTAISESTI GLUTEENITON, KANANMUNAA	PASTA, SPAGHETTI, NATURALLY GLUTEN-FREE, CONTAINS EGG
PANTRY	PASTA, KUITUPITOINEN, LUONTAISESTI GLUTEENITON	PASTA, RICH IN FIBER, NATURALLY GLUTEN-FREE
BREAD_GRAINS	PSYLLIUM, SIEMENKUORIJAUHE	PSYLLIUM HUSKS
BREAD_GRAINS	JAUHO, JAUHOSEOS, GLUTEENITON, VEHNÄTÄRKKELYSTÄ, VITAMINOITU	FLOUR MIXTURE, GLUTEN-FREE, CONTAINS WHEAT STARCH, WITH ADDED VITAMINS
BREAD_GRAINS	JAUHO, KORPPUJAUHO, LUONTAISESTI GLUTEENITON	FLOUR, BREADCRUMBS, NATURALLY GLUTEN-FREE
DAIRY	MAITO, RASVATON, VALIO PLUS, D-VITAMIINIA 2 UG	MILK, 0% FAT, VALIO PLUS, 2 UG ADDED VITAMIN D
DAIRY	MAITO, TÄYSMAITO, VL, D-VITAMIINIA 1 UG	MILK, 3.5% FAT, LOW-LACTOSE, 1 UG ADDED VITAMIN D
DAIRY	MAITO, KAHVIMAITO, RASVAA 2 %, LAKTOOSITON, D-VITAMIINIA 1 UG	MILK, COFFEE MILK 2% FAT, LACTOSE-FREE, 1 UG ADDED VITAMIN D
PANTRY	PIIMÄ, RASVATON, LAKTOOSITON, D-VIT 1 UG	SOUR MILK, FAT-FREE, LACTOSE-FREE, 1 UG VITAMIN D
DAIRY	SOIJAVÄLIPALA, HAPATETTU, SOIJA-HEDELMÄ-VILJA, ELOVENA, KALSIUMIA, PROBIOOTTEJA	SOY PRODUCT, SOURED, SOYA, FRUIT AND GRAIN, ELOVENA, CALCIUM, PROBIOTICS
DAIRY	(ARC)KAURAVALMISTE, HAPATETTU, MARJA-HEDELMÄ, YOSA SMOOTHIE, PROBIOOTTEJA	(ARC)OAT PRODUCT, FERMENTED OAT AND FRUIT, YOSA SMOOTHIE
PANTRY	RAHKA, MAUSTETTU, RASVATON, KEINOTEKOISESTI MAKEUTETTU	QUARK, FLAVOURED, FAT-FREE, ARTIFICIALLY SWEETENED
DAIRY	RUOANVALMISTUSKERMA, MAUSTETTU, KOLMEN JUUSTON, RASVAA 10 % , VL	COOKING CREAM, CHEESE FLAVOUR, 10% FAT, LOW-LACTOSE
DAIRY	KERMA, KUOHUKERMA, KASVIRASVAKERMA, FLORA KUOHU, RASVAA 26 %	CREAM, VEGETABLE FAT, 26% FAT, FLORA
FROZEN	JÄÄTELÖ, KERMAJÄÄTELÖ, LAKTOOSITON	ICE CREAM, CREAM BASED, LACTOSE-FREE
FROZEN	JÄÄTELÖ, KERMAJÄÄTELÖ, VL	ICE CREAM, CREAM BASED, LOW-LACTOSE
FROZEN	JÄÄTELÖ, KERMAJÄÄTELÖÄ JA KEKSIÄ, PUFFET	ICE CREAM WITH BISCUIT, CREAM BASED, PUFFET
FROZEN	JÄÄTELÖ, KEVYT, RASVAA 4,5 %	ICE CREAM, LIGHT, 4,5% FAT
FROZEN	JÄÄTELÖ, KERMAJÄÄTELÖ, MAUSTETTU, CARTE D'OR STRACCIATELLA	ICE CREAM, CREAM BASED, FLAVOURED, CARTE D'OR STRACCIATELLA
FROZEN	JÄÄTELÖ, KERMAJÄÄTELÖ, MAUSTETTU, CARTE D'OR MASCARPONE	ICE CREAM, CREAM BASED, FLAVOURED, CARTE D'OR MASCARPONE
FROZEN	SORBETTI, VADELMASORBETTI, TEOLLINEN	SORBET, RASPBERRY, INDUSTRIAL
FROZEN	JÄÄTELÖ, SOIJAJÄÄTELÖTUUTTI, GLUTEENITON	SOY MILK FROZEN DESSERT, ICE CREAM CORNET, GLUTEN-FREE
FROZEN	JÄÄTELÖ, RIISIJÄÄTELÖ	RICE ICE CREAM
FROZEN	JÄÄTELÖ, JOGURTTIJÄÄTELÖ, RASVAA 4 %	ICE CREAM, YOGHURT BASED, 4% FAT
FROZEN	JÄÄTELÖ, KERMAJÄÄTELÖPUIKKO, SUKLAA- JA KINUSKIKUORRUTE	ICE CREAM BAR, CREAM BASED, CARAMEL AND CHOCOLATE TOPPING
FROZEN	JÄÄTELÖ, KERMAJÄÄTELÖ, MAUSTETTU, AINO KERMAINEN KARAMELLI	ICE CREAM, CREAM BASED, FLAVOURED, AINO CARAMEL
PANTRY	RAHKA, MAUSTETTU, RASVAA 2,9 %	QUARK, FLAVOURED, 2.9% FAT
DAIRY	SOIJAVALMISTE, VAIHTOEHTO KERMALLE, KEVYT, RASVAA 5,2 %	SOY PRODUCT, NON-DAIRY CREAM SUBSTITUTE,5.2% FAT
DAIRY	KAURAVALMISTE, VAIHTOEHTO KERMALLE, KEVYT, RASVAA 7 %	OAT PRODUCT, NON-DAIRY SUBSTITUTE FOR CREAM, 7% FAT
DAIRY	RIISIVALMISTE, VAIHTOEHTO KERMALLE, KASVIRASVAVALMISTE, RASVAA 7 %	RICE PRODUCT, NON-DAIRY CREAM SUBSTITUTE, VEGETABLE FAT, 7% FAT
FRUITS_VEGETABLES	RIISIJUOMA, LISÄTTY KALSIUMIA JA D-VITAMIINIA	RICE DRINK, CALCIUM, VITAMIN D
FRUITS_VEGETABLES	SOIJAJUOMA, ALPRO KEVYT, KALSIUMIA JA VITAMIINEJA	SOYA DRINK, LIGHT, CALCIUM, VITAMINS, ALPRO
FROZEN	JÄÄTELÖ, KERMAJÄÄTELÖ, JÄTSKIVENE	ICE CREAM WITH BISCUIT AND CHOCOLATE, CREAM BASED
DAIRY	JOGURTTI, MAUSTETTU, RASVAA 2 %, D-VIT 0,5 UG	YOGHURT, FLAVOURED, 2% FAT, 0.5 UG VITAMIN D
DAIRY	JOGURTTI, MAUSTETTU, RASVATON, KEINOTEKOISESTI MAKEUTETTU, D-VIT 0,5 UG	YOGHURT, FLAVOURED, FAT-FREE, ARTIFICIALLY SWEETENED, 0.5 UG VITAMIN D
DAIRY	(ARC)JOGURTTI, MAUSTETTU, VITALINEA, RASVATON, D-VIT 0,75 UG	(ARC)YOGHURT, FLAVOURED, VITALINEA, FAT-FREE, 0.75 UG VITAMIN D
DAIRY	JOGURTTI, MAUSTETTU, RASVAA 2 %, LAKTOOSITON, D-VIT 0,5 UG	YOGHURT, FLAVOURED, 2% FAT, LACTOSE-FREE, 0.5 UG VITAMIN D
DAIRY	(ARC) JOGURTTI, MAUSTETTU, A+, RASVAA 2 %, VL, D-VIT 1 UG	YOGHURT, FLAVOURED, 2% FAT, LOW-LACTOSE, A+, 1 UG VITAMIN D
DAIRY	JOGURTTI, MAUSTAMATON, BULGARIAN, RASVAA 3,5 %, D-VIT 1 UG	YOGHURT, BULGARIAN, PLAIN, 3.5% FAT, 1 UG VITAMIN D
PANTRY	MAJONEESI, KURKKUMAJONEESI, HAMPURILAISKASTIKE, HESBURGER	MAYONNAISE, CUCUMBER MAYONNAISE, HESBURGER
DAIRY	JOGURTTI, MAUSTAMATON, ACTIVIA, RASVAA 3,4 %, PROBIOOTTEJA	YOGHURT, PLAIN, ACTIVIA, 3.4% FAT
DAIRY	(ARC)JOGURTTI, MAUSTETTU HILLOLLA, RASVAA 2 %, VL, D-VIT 1 UG	(ARC)YOGHURT WITH JAM, FAT 2%, LOW-LACTOSE, 1 UG VITAMIN D
DAIRY	JOGURTTI, MAUSTETTU, A+, RASVATON, VL, D-VIT 1 UG	YOGHURT, FLAVOURED, A+, FAT-FREE, LOW-LACTOSE, 1 UG VITAMIN D
PANTRY	BEARNAISEKASTIKEJAUHE, KASTIKEAINEKSET, KNORR	BEARNAISE SAUCE MIX, KNORR
PANTRY	BEARNAISEKASTIKEJAUHE, KASTIKEAINEKSET, CAMPBELL'S/BLÅ BAND	BEARNAISE SAUCE MIX, CAMPBELL'S/BLÅ BAND
DAIRY	SOIJAVÄLIPALA, ALPRO, HAPATETTU, MAUSTETTU, RASVAA 2 %, KALSIUMIA, VITAMINOITU	SOY PRODUCT, ALPRO, SOURED, 2% FAT, CALCIUM, VITAMINS
PANTRY	HOLLANDAISEKASTIKEJAUHE, KASTIKEAINEKSET, CAMPBELL'S/BLÅ BAND	HOLLANDAISE SAUCE MIX
PANTRY	SALAATINKASTIKE, THOUSAND ISLAND, KEVYT, FELIX, RYPSIÖLJYPOHJAINEN, RASVAA 15 %	SALAD DRESSING, RAPESEED OIL, 15% FAT, LIGHT, THOUSAND ISLAND, FELIX
PANTRY	SALAATINKASTIKE, RANSKALAINEN, SAARIOINEN, RYPSIÖLJYPOHJAINEN, RASVAA 47 %	SALAD DRESSING, FRENCH DRESSING, RAPESEED OIL, 47% FAT, SAARIOINEN
PANTRY	SALAATINKASTIKE, KARTANON, KEVYT, SAARIOINEN, RYPSIÖLJYPOHJAINEN, RASVAA 23 %	SALAD DRESSING, RAPESEED OIL, 23% FAT, LIGHT, KARTANON, SAARIOINEN
PANTRY	MUSTIKKA, KUIVATTU, MUSTIKKAJAUHE	BILBERRY OR BLUEBERRY, DRIED, BILBERRY POWDER
DAIRY	VIILI, MAUSTETTU, RASVAA 2 %, D-VITAMIINIA 1 UG	CURD MILK, FLAVOURED, 2% FAT, 1 UG VITAMIN D
MEAT_FISH	NAKKI, BROILERNAKKI, 15 % RASVAA	FRANKFURTER, CHICKEN, 15% FAT
DAIRY	SOIJAVÄLIPALA, HAPATETTU, MAUSTETTU, RASVAA 2 %, KALSIUMIA	SOY PRODUCT, SOURED, 2% FAT, CALCIUM
MEAT_FISH	NAKKI, BROILERNAKKI, KEVYT, RASVAA 5 %	FRANKFURTER, CHICKEN, LIGHT, 5% FAT
MEAT_FISH	NAKKI, KEVYT KALKKUNANAKKI, ATRIA	FRANKFURTER, TURKEY, LIGHT, ATRIA
MEAT_FISH	KOKOLIHALEIKKELE, OHUT BROILERINFILEE, RASVAA 2,2 %	CHICKEN COLD CUTS, 2.2% FAT
DAIRY	JOGURTTI, TURKKILAINEN/KREIKKALAINEN, RASVAA 10 %	YOGHURT, TURKISH/GREEK, 10% FAT
MEAT_FISH	KOKOLIHALEIKKELE, OHUEN OHUT BROILERIN FILEELEIKE, RASVAA 2 %	CHICKEN COLD CUTS, 2% FAT
FRUITS_VEGETABLES	MARGARIINI 60 %, FLORA NORMAALISUOLAINEN	MARGARINE 60%, FLORA, NORMALLY SALTED
FRUITS_VEGETABLES	MARGARIINI 60 %, FLORA LAKTOOSITON	MARGARINE 60%, FLORA, LACTOSE-FREE
FRUITS_VEGETABLES	MARGARIINI 60 %, FLORA REILUSTI SUOLATTU	MARGARINE 60%, FLORA, HIGH IN SALT
PANTRY	MARGARIINI 80 %, LEIVONTAAN JA RUOANLAITTOON	MARGARINE 80%, FOR BAKING AND COOKING
FRUITS_VEGETABLES	KASVIRASVALEVITE 38 %, BECEL KEVYT	VEGETABLE FAT SPREAD 38%, BECEL LIGHT
PANTRY	KASVIÖLJYVALMISTE, JUOKSEVA, 82 %, FLORA CULINESSE	VEGATABLE OIL PRODUCT 82%, FLORA CULINESSE, FLUID
PANTRY	KASVIÖLJYVALMISTE, JUOKSEVA, 82 %, BECEL	VEGATABLE OIL PRODUCT 82%, BECEL, FLUID
FRUITS_VEGETABLES	KASVIRASVALEVITE 38 %, BECEL KEVYT OLIIVI	VEGETABLE FAT SPREAD 38%, BECEL LIGHT OLIVE
PANTRY	KASVIÖLJYVALMISTE, JUOKSEVA, 80 %, KEIJU RYPSI	MARGARINE 80%, KEIJU RYPSI, FLUID
PANTRY	MUNKINPAISTORASVA 100 %, SUNNUNTAI	DOUGHNUT ROASTING FAT 100%, SUNNUNTAI
FRUITS_VEGETABLES	MARGARIINI 60 %, BENECOL LAKTOOSITON	MARGARINE 60%, BENECOL, LACTOSE-FREE
PANTRY	(ARC) RASVASEOS 60%, BUNGE MAKUISA	(ARC)BLENDED SPREAD 60%, BUNGE MAKUISA
FRUITS_VEGETABLES	MUKSU SOIJAJUOMA 1-3 V, LEIKKI-IKÄISELLE	MUKSU SOY DRINK
FRUITS_VEGETABLES	(ARC) KASVIRASVALEVITE 32%, BENECOL KEVYT OLIIVI	(ARC)VEGETABLE FAT SPREAD 32%, BENECOL LIGHT OLIVE
FRUITS_VEGETABLES	(ARC)MARGARIINI 40 %, BENECOL	(ARC)MARGARINE 40%, BENECOL
PANTRY	SPAGETTIKASTIKEJAUHE, KASTIKEAINEKSET, KNORR	BOLOGNESE GRAVY MIX, KNORR
DAIRY	RAEJUUSTO, RASVAA 1,5 %	COTTAGE CHEESE, 1.5% FAT
PANTRY	DIPPIKASTIKEJAUHE, SISÄLTÄÄ MAITOA, KASTIKEAINEKSET	DIPMIX WITH MILK EXTRACTS
PANTRY	DIPPIKASTIKEJAUHE, MAIDOTON, KASTIKEAINEKSET	DIPMIX, MILK-FREE
MEAT_FISH	MEETVURSTI, ULTRAKEVYT, RASVAA 9 %	SALAMI, LIGHT, 9% FAT
MEAT_FISH	KOKOLIHALEIKKELE, KORPPUKINKKU, RASVAA 3 %	CRUMBED HAM, 3% FAT
PANTRY	MARJAJUOMA, PROVIVA, KESKIARVO, PROBIOOTTEJA	BERRY DRINK, PROVIVA, AVERAGE, CONTAINS PROBIOTICS
PANTRY	HEDELMÄJUOMA, MANGO, PROVIVA, PROBIOOTTEJA	FRUIT DRINK, PROVIVA, MANGO, CONTAINS PROBIOTICS
DAIRY	KAURAVALMISTE, HAPATETTU, MAUSTETTU, YOSA, KESKIARVO, PROBIOOTTEJA	OAT PRODUCT, FERMENTED OAT, FLAVOURED, YOSA, AVERAGE, PROBIOTICS
DAIRY	(ARC)VÄLIPALAJUOMA,TEHOJUOMA, HEDELMÄ, GEFILUS, C- JA D-VITAMIINIA, PROBIOOTTEJA	(ARC)GEFILUS DRINK, EFFECT DRINK, FRUIT, VITAMIN C, VITAMIN D, PROBIOTICS
DAIRY	(ARC) VÄLIPALAJUOMA, TEHOJUOMA, HEDELMÄINEN, RAINBOW, PROBIOOTTEJA	(ARC)YOGHURT DRINK, FRUIT, PROBIOTICS, RAINBOW
DAIRY	(ARC) VÄLIPALAJUOMA, TEHOJUOMA, MARJAINEN, RAINBOW, PROBIOOTTEJA	(ARC)YOGHURT DRINK, BERRY, PROBIOTICS, RAINBOW
PANTRY	KASVIÖLJYVALMISTE, JUOKSEVA, 80 %, SUNNUNTAI, RYPSIÖLJY	MARGARINE 80%, SUNNUNTAI, FLUID, RAPESEED OIL
FRUITS_VEGETABLES	(ARC) KASVIRASVALEVITE 30%, KEIJU DELI OLIIVI	(ARC)VEGETABLE FAT SPREAD 30%, KEIJU DELI OLIVE
BREAD_GRAINS	VÄLIPALAPATUKKA, JOGURTTINEN MYSLIPATUKKA	CEREAL BAR WITH YOGHURT
BREAD_GRAINS	VÄLIPALAPATUKKA, TÄYSJYVÄVILJAINEN MYSLIPATUKKA	CEREAL BAR, WHOLEGRAIN MUESLI BAR
BREAD_GRAINS	VÄLIPALAPATUKKA, MARJAISA MYSLIPATUKKA	CEREAL BAR WITH BERRIES
BREAD_GRAINS	VÄLIPALAPATUKKA, HEDELMÄINEN MYSLIPATUKKA	CEREAL BAR WITH FRUITS
FRUITS_VEGETABLES	VERIGREIPPI, KUORITTU	GRAPEFRUIT PINK/RED, WITHOUT SKIN
FRUITS_VEGETABLES	LATVA-ARTISOKKA	ARTICHOKE
PANTRY	PÄHKINÄ, PARAPÄHKINÄ	NUT, BRAZIL NUT
PANTRY	SALAATINKASTIKE, KARTANON, SAARIOINEN, RYPSIÖLJYPOHJAINEN, RASVAA 39 %	SALAD DRESSING, RAPESEED OIL, 39% FAT, KARTANON, SAARIOINEN
PANTRY	SALAATINKASTIKE, TALON-, FELIX, RYPSIÖLJYPOHJAINEN, RASVAA 20 %	SALAD DRESSING, RAPESEED OIL, 20% FAT, TALON, FELIX
PANTRY	SALAATINKASTIKE, KREIKKALAINEN-, FELIX, RYPSIÖLJYPOHJAINEN, RASVAA 25 %	SALAD DRESSING, RAPESEED OIL, 25% FAT, GREEK, FELIX
PANTRY	SALAATINKASTIKE, HUNAJA-SINAPPI, FELIX, RYPSIÖLJYPOHJAINEN, RASVAA 36 %	SALAD DRESSING, RAPESEED OIL, HONEY, MUSTARD, 36% FAT, FELIX
PANTRY	MAKEINEN, DUMLE, FAZER, MAITOSUKLAALLA KUORRUTETTU TOFFEE	SOFT TOFFEE COVERED WITH MILK CHOCOLATE, DUMLE, FAZER
PANTRY	MAKEINEN, MAITOSUKLAARAE, M&M'S/AMERIKAN PASTILLI	SWEET, CANDY, MILK CHOCOLATE PASTILLES, M&M'S, AMERIKAN PASTILLI
PANTRY	SUKLAA, SUKLAAPATUKKA, TWIX, KEKSIÄ JA TOFFEETA	CHOCOLATE BAR, CARAMEL AND COOKIE, TWIX
DRINKS	GLÖGIJUOMA, ALKOHOLITON	MULLED WINE, NON-ALCOLOLIC
PANTRY	(ARC)RAHKA, MAITORAHKA, MAUSTETTU, RASVAA 7 %, VALIO	(ARC)QUARK, FLAVOURED, 7% FAT, VALIO
PANTRY	KASVIÖLJYVALMISTE, JUOKSEVA, 80 %, TUOTEKESKIARVO	MARGARINE 80%, FLUID, AVERAGE
DAIRY	KAURAVALMISTE, HAPATETTU, MAUSTAMATON, YOSA NATURELL, PROBIOOTTEJA	OAT PRODUCT, FERMENTED OAT, YOSA NATURELL
DAIRY	JUUSTO, OLTERMANNI RYPSI, RASVAA 24 %, RYPSIÖLJY	CHEESE, OLTERMANNI RYPSI, RAPSEED OIL, 24% FAT
PANTRY	RASVASEOSLEVITE 75 %, D-VITAMIINIA 10 UG	BLENDED SPREAD 75%, 10 UG VITAMIN D
BREAD_GRAINS	NELJÄN VILJAN HIUTALE, RIIHIKOSKEN VEHNÄMYLLY	4-GRAIN FLAKES, RIIHIKOSKEN VEHNÄMYLLY
PANTRY	(ARC)PIIMÄ, KIRNUPIIMÄ, RASVAA 0,3 %, D-VIT 0,5 UG	(ARC)SOUR MILK, BUTTER MILK, 0.3% FAT, 0.5 UG VITAMIN D
PANTRY	(ARC) PIIMÄ, RASVATON, D-VIT 0,5 UG	(ARC)SOUR MILK, 0.5 UG VITAMIN D
PANTRY	(ARC) PIIMÄ, RASVATON, VL, D-VIT 0,5 UG	(ARC)SOUR MILK, FAT-FREE, LOW-LACTOSE, 0.5 UG VITAMIN D
PANTRY	(ARC) PIIMÄ, RASVATON, LAKTOOSITON, D-VIT 0,5 UG	(ARC)SOUR MILK, FAT-FREE, LACTOSE-FREE, 0.5 UG VITAMIN D
DAIRY	(ARC)JOGURTTI, MAUSTETTU, RASVATON, OSITTAIN KEINOTEK. MAKEUTETTU, D-VIT 1UG, VL	(ARC)YOGHURT, FLAVOURED, FAT-FREE, PARTIALLY ARTIFICIALLY SWEETENED, 1 UG VIT. D
DAIRY	JOGURTTI, MAUSTETTU, RASVATON, LAKTOOSITON, KEINOTEKOISESTI MAKEUTETTU,D-VIT 1UG	YOGHURT, FLAVOURED, FAT-FREE, LACTOSE-FREE, ARTIFICIALLY SWEETENED, 1 UG VIT. D
DAIRY	JOGURTTI, MAUSTAMATON, RASVATON	YOGHURT, PLAIN, FAT-FREE
DAIRY	JOGURTTI, MAUSTETTU, RASVAA 2 %, D-VIT 1 UG	YOGHURT, FLAVOURED, 2% FAT, 1 UG VITAMIN D
DAIRY	JOGURTTI, JUOTAVA, DANONINO DINO, RASVAA 1,6 %, D-VITAMIINIA 0,9 UG	YOGHURT, DRINKABLE, DANONINO DINO, 1.6% FAT, 0.9 UG VITAMIN D
MEAT_FISH	RAAKAMAKKARA, GRILLIWURST CHORIZO, SAARIOINEN	SAUSAGE, FRESH SAUSAGE, CHORIZO, SAARIOINEN
MEAT_FISH	ATERIANKORVIKE, SHAKE, VALMISJUOMA, NATURDIET	MEAL REPLACEMENT, SHAKE, NATURDIET
MEAT_FISH	ATERIANKORVIKE, SMOOTHIE, VALMISJUOMA, NATURDIET	MEAL REPLACEMENT, SMOOTHIE, NATURDIET
MEAT_FISH	ATERIANKORVIKE, DRINKMIX, JUOMAJAUHE, NATURDIET	MEAL REPLACEMENT, DRINK POWDER, NATURDIET
MEAT_FISH	ATERIANKORVIKE, SUKLAAPATUKKA, NATURDIET	MEAL REPLACEMENT, CHOCOLATE BAR, NATURDIET
MEAT_FISH	ATERIANKORVIKE, KARAMELLIPATUKKA, NATURDIET	MEAL REPLACEMENT, CARAMEL BAR, NATURDIET
MEAT_FISH	(ARC)ATERIANKORVIKE, TUMMASUKLAAPATUKKA, NATURDIET	(ARC)MEAL REPLACEMENT, DARK CHOCOLATE BAR, NATURDIET
MEAT_FISH	ATERIANKORVIKE, SMOOTHIE, JUOMAJAUHE, EASY DIET	MEAL REPLACEMENT, SMOOTHIE, DRINK POWDER, EASY DIET
MEAT_FISH	ATERIANKORVIKE, KEITTOJAUHE, PARSA/KALA/KANA/SIENI, EASY DIET	MEAL REPLACEMENT, SOUP POWDER, ASPARAGUS/FISH/CHICKEN/MUSHROOM, EASY DIET
MEAT_FISH	ATERIANKORVIKE, KEITTOJAUHE, TOMAATTI/TEXMEX/THAI, EASY DIET	MEAL REPLACEMENT, SOUP POWDER, TOMATO/TEXMEX/THAI, EASY DIET
MEAT_FISH	ATERIANKORVIKE, SMOOTHIE, JUOMAJAUHE, NUTRIFAST	MEAL REPLACEMENT, SMOOTHIE, DRINK POWDER, NUTRIFAST
MEAT_FISH	ATERIANKORVIKE, PIRTELÖ, JUOMAJAUHE, ALLEVO	MEAL REPLACEMENT, MILK SHAKE, DRINK POWDER, ALLEVO
MEAT_FISH	ATERIANKORVIKE, SMOOTHIE, JUOMAJAUHE, ALLEVO	MEAL REPLACEMENT, SMOOTHIE, DRINK POWDER, ALLEVO
MEAT_FISH	ATERIANKORVIKE, KEITTOJAUHE, PERUNA/PURJO, ALLEVO	MEAL REPLACEMENT, SOUP POWDER, POTATO AND LEEK, ALLEVO
MEAT_FISH	ATERIANKORVIKE, KEITTOJAUHE, PARSAKAALI/BASILIKA/COUSCOUS, ALLEVO	MEAL REPLACEMENT, SOUP POWDER, BROCCOLI, BASIL AND COUSCOUS, ALLEVO
MEAT_FISH	ATERIANKORVIKE, LOW CALORIE JUOMA, ALLEVO	MEAL REPLACEMENT, LOW CALORIE DRINK, ALLEVO
MEAT_FISH	(ARC) ATERIANKORVIKE, LOW CALORIE PATUKKA, ALLEVO	(ARC)MEAL REPLACEMENT, LOW CALORIE BAR, ALLEVO
MEAT_FISH	ATERIANKORVIKE, KEITTOJAUHE, NUTRILETT	MEAL REPLACEMENT, SOUP POWDER, NUTRILETT
MEAT_FISH	ATERIANKORVIKE, HUNGER CONTROL, VALMISJUOMA, NUTRILETT	MEAL REPLACEMENT, HUNGER CONTROL, DRINK, NUTRILETT
MEAT_FISH	ATERIANKORVIKE, PIRTELÖ, JUOMAJAUHE, NUTRILETT	MEAL REPLACEMENT, SHAKE, DRINK POWDER, NUTRILETT
MEAT_FISH	ATERIANKORVIKE, HOT AND COLD MOCCA, JUOMAJAUHE, NUTRILETT	MEAL REPLACEMENT, HOT AND COLD MOCCA, DRINK POWDER, NUTRILETT
MEAT_FISH	(ARC) ATERIANKORVIKE, HUNGER CONTROL, PATUKKA, NUTRILETT	(ARC)MEAL REPLACEMENT, HUNGER CONTROL, BAR, NUTRILETT
MEAT_FISH	ATERIANKORVIKE, PATUKKA, TUOTEKESKIARVO	MEAL REPLACEMENT, LOW CALORIE BAR, AVERAGE
MEAT_FISH	ATERIANKORVIKE, KEITTOJAUHE, TUOTEKESKIARVO	MEAL REPLACEMENT, SOUP POWDER, AVERAGE
MEAT_FISH	ATERIANKORVIKE, PIRTELÖ, JUOMAJAUHE, TUOTEKESKIARVO	MEAL REPLACEMENT, MILK SHAKE, DRINK POWDER, AVERAGE
MEAT_FISH	ATERIANKORVIKE, SMOOTHIE, JUOMAJAUHE, TUOTEKESKIARVO	MEAL REPLACEMENT, SMOOTHIE, DRINK POWDER, AVERAGE
PANTRY	RASVASEOSLEVITE 75 %, OIVARIINI, NORMAALISUOLAINEN, VL	BLENDED SPREAD 75%, OIVARIINI, NORMALLY SALTED, LOW-LACTOSE
PANTRY	(ARC) RASVASEOSLEVITE 75%, OIVARIINI, VÄHEMMÄN SUOLAA, VL	(ARC)BLENDED SPREAD 75%, OIVARIINI, LESS SALT, LOW-LACTOSE
PANTRY	RASVASEOSLEVITE 75 %, OIVARIINI, VOIMAKASSUOLAINEN, VL	BLENDED SPREAD 75%, OIVARIINI, HEAVILY SALTED, LOW-LACTOSE
MEAT_FISH	ATERIANKORVIKE, PROTEIINIJUOMAJAUHE, GNLD, 49 % PROTEIINIA	MEAL REPLACEMENT, PROTEIN DRINK POWDER, GNLD, 49% PROTEIN
PANTRY	(ARC) RASVASEOSLEVITE 75%, OIVARIINI, PEHMEÄSTI LEVITTYVÄ, VL	(ARC)BLENDED SPREAD 75%, OIVARIINI, NORMALLY SALTED, LOW-LACTOSE, SOFT
PANTRY	RASVASEOS 60 %, OIVARIINI, VÄHÄRASVAISEMPI, VL	BLENDED SPREAD 60%, OIVARIINI, LESS FAT, LOW-LACTOSE
PANTRY	RASVASEOSLEVITE 75 %, OIVARIINI, LAKTOOSITON	BLENDED SPREAD 75%, OIVARIINI, LACTOSE FREE
PANTRY	(ARC)RASVASEOSLEVITE 43 %, INGMARIINI, VL	(ARC)BLENDED SPREAD 43%, INGMARIINI, LOW-LACTOSE
PANTRY	RASVASEOSLEVITE 82 %, INGMARIINI MERISUOLA, VL	BLENDED SPREAD 82%, INGMARIINI SEA SALT, LOW-LACTOSE
PANTRY	RASVASEOSLEVITE 75 %, INGMARIINI, NORMAALISUOLAINEN, VL	BLENDED SPREAD 75%, INGMARIINI, NORMALLY SALTED, LOW-LACTOSE
MEAT_FISH	ATERIANKORVIKE, PROTEIINIJUOMAJAUHE, NUTRISHAKE, GNLD, 55 % PROTEIINIA	MEAL REPLACEMENT, PROTEIN DRINK POWDER, NUTRISHAKE, GNLD, 55% PROTEIN
PANTRY	RASVASEOSLEVITE 57 %, INGMARIINI, VÄHÄRASVAISEMPI, VL	BLENDED SPREAD 57%, INGMARIINI, LESS FAT, LOW-LACTOSE
PANTRY	SOIJA-RUUSUNMARJA-PELLAVA-VALMISTE, FEMISOYA	SOYA PRODUCT, FEMISOYA
PANTRY	SOIJA-RUUSUNMARJA-PELLAVA-INULIINIVALMISTE, FEMISOYA PLUS	SOYA PRODUCT, FEMISOYA PLUS
PANTRY	SOIJA-MARJA-PELLAVA-RUIS-JAUHESEOS, BERRYSOYA	SOYA PRODUCT, BERRYSOYA
PANTRY	JAUHELIHA, SIKA-NAUTA, KEVYT, VÄHÄRASVAINEN, RASVAA 7 %	PORK AND BEEF STEAK MINCE, 7% FAT
PANTRY	MAKEINEN, MARIANNE, FAZER, PIPARMINTTUSUKLAAKARAMELLI	MILK CHOCOLATE CANDY WITH PEPPERMINT FLAVOUR, MARIANNE, FAZER
PANTRY	MAKEINEN, SUFFELI PUFFI SNACKS, FAZER, ERITTÄIN VÄHÄGLUTEENINEN	SUFFELI PUFFI SNACKS,PUFFED CORN AND CHOCOLATE FLAVORED COATING,VERY LOW GLUTEIN
BREAD_GRAINS	VÄLIPALAPATUKKA, SUKLAINEN MYSLIPATUKKA	CEREAL BAR WITH CHOCOLATE
FROZEN	JÄÄTELÖ, PEHMYTJÄÄTELÖ, EI VOHVELIA	SOFT ICE CREAM
FROZEN	JÄÄTELÖ, SOIJAJÄÄTELÖ, TOFULINE, VANILJA	SOY MILK FROZEN DESSERT, TOFULINE, VANILLA
PANTRY	SUKLAA-PÄHKINÄLEVITE	CHOCOLATE NUT SPREAD
PANTRY	JAUHELIHA, NAUDANPAISTI, RASVAA 9 %	LEAN STEAK MINCE, 9% FAT
FROZEN	JÄÄTELÖ, KASVIRASVAJÄÄTELÖ	ICE CREAM, VEGETABLE FAT
DAIRY	KERMAVAAHTOSPRAY, TEOLLINEN	WHIPPED CREAM SPRAY, INDUSTRIAL
PANTRY	MARGARIINI, TALOUSMARGARIINI 80 %, KESKIARVO, LEIVONTAAN JA RUOANLAITTOON	MARGARINE 80%, COOKING MARGARINE, AVERAGE
DAIRY	RUOANVALMISTUSKERMA, KASVIRASVAKERMA, RASVAA 4 %, VL	COOKING CREAM, VEGETABLE FAT, 4% FAT, LOW-LACTOSE
DAIRY	RUOANVALMISTUSKERMA, KASVIRASVAKERMA, RASVAA 5 %, VL	COOKING CREAM, VEGETABLE FAT, 5% FAT, LOW-LACTOSE
DAIRY	RUOANVALMISTUSKERMA, KASVIRASVAKERMA, RASVAA 7 %, VL	COOKING CREAM, VEGETABLE FAT, 7% FAT, LOW-LACTOSE
MEAT_FISH	RAAKAMAKKARA, RYPSIPORSAS KABANOSSI, KESKIARVO, HK	SAUSAGE, FRESH SAUSAGE, KABANOSSI, RAPESEED PORK, AVERAGE, HK
MEAT_FISH	RAAKAMAKKARA, CHORIZO, KOTITEKOINEN	SAUSAGE, FRESH SAUSAGE, CHORIZO, HOME-MADE
PANTRY	NUUDELI, TÄYSJYVÄVEHNÄ	NOODLE, WHOLE WHEAT
PANTRY	KINDER YLLÄTYSMUNA	KINDER CHOCOLATE EGG
FRUITS_VEGETABLES	SOIJAJUOMA, ALPRO KALSIUMSOIJAJUOMA, SOKERI, KALSIUMIA, VITAMIINEJA	SOYA DRINK, SUGAR, CALCIUM, VITAMINS, ALPRO
DAIRY	JOGURTTI, MAUSTAMATON, A+, RASVAA 2,5 %, VL, D-VIT 1 UG	YOGHURT, PLAIN, A+, FAT 2.5%, 1 UG VITAMIN D, LOW-LACTOSE
PANTRY	PIIMÄ, AB-PIIMÄ, RASVAA 2,5 %, D-VIT 1 UG, PROBIOOTTEJA	SOUR MILK, ACIDOPHILUS BIFIDUS, 2.5% FAT, 1 UG VITAMIN D, PROBIOTICS
DRINKS	SIIDERIJUOMA, PEAR, ALKOHOLITON SIIDERI, 0,02 TIL% ALKOHOLIA, RAINBOW	CIDER, PEAR CIDER, ALCOHOL-FREE, 0.02% VOLUME, RAINBOW
DRINKS	OLUT, ALKOHOLITON OLUT, NIKOLAI, 0,0 TIL% ALKOHOLIA, SINEBRYCHOFF	BEER, ALCOHOL-FREE, 0.0% VOLUME
PANTRY	LUUMUMARMELADI, LUUMUHILLO	PLUM MARMALADE
DRINKS	ENERGIAJUOMA, VITAMINOITU, OSITTAIN KEINOTEKOISESTI MAKEUTETTU	ENERGY DRINK WITH ADDED VITAMINS, PARTIALLY ARTIFICIALLY SWEETENED
DRINKS	ENERGIAJUOMA, VITAMINOITU, KEINOTEKOISESTI MAKEUTETTU	ENERGY DRINK WITH ADDED VITAMINS, ARTIFICIALLY SWEETENED
FRUITS_VEGETABLES	SOIJAJUOMA, ALPRO LUOMU	SOYA DRINK, ORGANIC, ALPRO
DRINKS	KIVENNÄISVESI, NOVELLE PLUS, SINKKIÄ JA E-VITAMIINIA, FRUKTOOSIA, HARTWALL	MINERAL WATER, NOVELLE PLUS, ADDED ZINC AND VITAMIN E, SWEETENED WITH FRUCTOSE
PANTRY	KIVENNÄISVESI, NOVELLE PLUS, KALSIUMIA, HARTWALL	MINERAL WATER, NOVELLE PLUS, WITH ADDED CALCIUM
PANTRY	KIVENNÄISVESI, NOVELLE PLUS, C-VITAMIINIA JA MAGNESIUMIA, HARTWALL	MINERAL WATER, NOVELLE PLUS, WITH ADDED VITAMIN C AND MAGNESIUM
DRINKS	KIVENNÄISVESI, NOVELLE FRISS, KESKIARVO, FRUKTOOSIA, HARTWALL	MINERAL WATER, SWEETENED WITH FRUCTOSE, NOVELLE FRISS, AVERAGE
FRUITS_VEGETABLES	KAURAJUOMA, NALLE SUKLAAKAURAJUOMA, LISÄTTY KALSIUMIA JA D-VITAMIINIA	OAT DRINK WITHOUT MILK, NALLE CHOCOLATE, CALCIUM, VITAMIN D
MEAT_FISH	LEIKKELEMAKKARA, LAUANTAIMAKKARA, RASVAA 18 %	SLICING SAUSAGE, LAUANTAI, 18% FAT
MEAT_FISH	LEIKKELEMAKKARA, LAUANTAIMAKKARA, RASVAA 19 %	SLICING SAUSAGE, LAUANTAI, 19% FAT
MEAT_FISH	(ARC)LEIKKELEMAKKARA, LAUANTAIMAKKARA, SOIJAPROTEIINIA, RASVAA 19 %	(ARC)SLICING SAUSAGE, LAUANTAI, 19% FAT, CONTAINS SOY PROTEIN
FRUITS_VEGETABLES	KAURAJUOMA, RAINBOW, LISÄTTY KALSIUMIA JA VITAMIINEJA	OAT DRINK WITHOUT MILK, RAINBOW, CALCIUM, VITAMINS
MEAT_FISH	LEIKKELEMAKKARA, LAUANTAIMAKKARA, KEVYT, KESKIARVO, RASVAA 9 %	SLICING SAUSAGE, LAUANTAI, LIGHT, 9% FAT, AVERAGE
MEAT_FISH	LEIKKELEMAKKARA, LAUANTAIMAKKARA, RASVAA 17 %	SLICING SAUSAGE, LAUANTAI, 17% FAT
FRUITS_VEGETABLES	RIISIJUOMA, RICE DREAM SUKLAA, LISÄTTY KALSIUMIA	RICE DRINK, RICE DREAM CHOCOLATE, CALCIUM
FRUITS_VEGETABLES	RIISIJUOMA, RICE DREAM HASSELPÄHKINÄ-MANTELI	RICE DRINK, RICE DREAM HAZELNUT AND ALMOND
MEAT_FISH	GRILLIMAKKARA, ULTRAKEVYT, MAIDOTON, RASVAA 7 %	BARBEQUE SAUSAGE, LIGHT, 7% FAT
MEAT_FISH	GRILLIMAKKARA, SOIJAPROTEIINIA, KESKIARVO	BARBEQUE SAUSAGE, CONTAINS SOY PROTEIN, AVERAGE
FROZEN	JÄÄTELÖ, RIISIJÄÄTELÖ, R-ICE VANILJA-SUKLAATUUTTI, GLUTEENITON, INGMAN	RICE ICE CREAM, VANILLA-CHOCOLATE, R-ICE, INGMAN
FROZEN	JÄÄTELÖ, RIISIJÄÄTELÖ, R-ICE VANILJA, INGMAN	RICE ICE CREAM, VANILLA, R-ICE, INGMAN
FROZEN	JÄÄTELÖ, KEVYT, VANILJA-MANSIKKA, INGMAN, KEINOTEKOISESTI MAKEUTETTU	ICE CREAM, LIGHT, ARTIFICIALLY SWEETENED, VANILLA-STRAWBERRY, INGMAN
FRUITS_VEGETABLES	KAURAJUOMA, NORDIC, MAUSTAMATON, LISÄTTY KALSIUMIA JA D-VITAMIINIA	OAT DRINK WITHOUT MILK, NORDIC, CALCIUM, VITAMIN D
FRUITS_VEGETABLES	RIISIJUOMA, NORDIC, LISÄTTY KALSIUMIA JA D-VITAMIINIA	RICE DRINK, NORDIC, CALCIUM, VITAMIN D
PANTRY	HEDELMÄJUOMA, HYVÄÄ PÄIVÄÄ, KARPALO, OSITTAIN KEINOTEKOISESTI MAKEUTETTU	FRUIT DRINK, HYVÄÄ PÄIVÄÄ, CRANBERRY, PARTIALLY ARTIFICIALLY SWEETENED
DRINKS	HEDELMÄJUOMA, HYVÄÄ PÄIVÄÄ, SITRUS, OSITTAIN KEINOTEK. MAKEUTETTU, VITAMINOITU	FRUIT DRINK, HYVÄÄ PÄIVÄÄ, CITRUS, PARTIALLY ARTIFICIALLY SWEETENED, VITAMINS
PANTRY	HEDELMÄJUOMA, HYVÄÄ PÄIVÄÄ, FRUKTOOSI, VITAMINOITU	FRUIT DRINK, HYVÄÄ PÄIVÄÄ, SWEETENED WITH FRUCTOSE, WITH ADDED VITAMINS
PANTRY	PÄHKINÄ, AUSTRALIANPÄHKINÄ, MACADAMIAPÄHKINÄ	NUT, MACADAMIA NUT
DRINKS	ENERGIAJUOMA, ENERGIAVESI, TEHO, OLVI, VITAMINOITU	ENERGY DRINK, ENERGY WATER, TEHO, OLVI, WITH ADDED VITAMINS
DAIRY	JUUSTO, VUOHENJUUSTO, CHÈVRE, RASVAA 30 %	CHEESE, GOAT CHEESE, CHÈVRE, 30% FAT
PANTRY	MAUSTEKASTIKE, SWEET CHILI SAUCE, MAKEA CHILIKASTIKE	SWEET CHILI SAUCE
PANTRY	MAUSTETAHNA, CURRYTAHNA, MIETO, TIKKA MASALA	SPICE PASTE, CURRY PASTE, MILD, TIKKA MASALA
PANTRY	MAUSTETAHNA, INKIVÄÄRITAHNA	SPICE PASTE, GINGER PASTE
FRUITS_VEGETABLES	INKIVÄÄRI, JUURAKKO, RAAKA	GINGER ROOT, RAW
FRUITS_VEGETABLES	INKIVÄÄRI, SÄILÖTTY	GINGER, PICKLED
FRUITS_VEGETABLES	SHARON, KAKI, PERSIMON	SHARON, KAKI, PERSIMON
DAIRY	JOGURTTI, MAUSTAMATON, A+, RASVAA 4 %, LAKTOOSITON, D-VIT 1 UG	YOGHURT, PLAIN, A+, FAT 4%, 1 UG VITAMIN D, LACTOSE-FREE
DAIRY	RUOANVALMISTUSKERMA, KASVIRASVAKERMA, RASVAA 13 %, VL	COOKING CREAM, VEGETABLE FAT, 13% FAT, LOW-LACTOSE
DAIRY	RUOANVALMISTUSKERMA, KASVIRASVAKERMA, RASVAA 7 %	COOKING CREAM, VEGETABLE FAT, 7 % FAT
DAIRY	RUOANVALMISTUSKERMA, KASVIRASVAKERMA, RASVAA 4 %	COOKING CREAM, VEGETABLE FAT, 4% FAT
PANTRY	PAPAIJA, KUIVATTU	PAPAYA, DRIED
PANTRY	MANGO, KUIVATTU	MANGO, DRIED
PANTRY	ERIKOISHEDELMÄ, EKSOOTTINEN, KESKIARVO, MANGO/PAPAIJA, KUIVATTU	EXOTIC FRUIT AVERAGE, MANGO, PAPAYA, DRIED
PANTRY	VIIKUNA, KUIVATTU	FIG, DRIED
PANTRY	ANANAS, KUIVATTU	PINEAPPLE, DRIED
PANTRY	AVOKADOÖLJY	AVOCADO OIL
PANTRY	PÄHKINÄ, PEKAANIPÄHKINÄ	NUT, PECAN
MEAT_FISH	GRILLIMAKKARA, BRATWURSTI	SAUSAGE BRATWURST
PANTRY	PÄHKINÄ, HUNAJAPAAHDETTU MAAPÄHKINÄ	NUT, PEANUT, HONEY-ROASTED
DAIRY	JOGURTTI, MAUSTETTU, VALIO OLO, RASVAA 2,7 %, EILA, D-VIT 1 UG, PROBIOOTTEJA	YOGHURT, FLAVOURED, VALIO OLO, 2.7% FAT, LACTOSE-FREE, 1UG VITAMIN D, PROBIOTICS
PANTRY	(ARC) SUOLARINKELI, KOVA	(ARC)PRETZEL, HARD
BREAD_GRAINS	(ARC) SUOLARINKELI, PEHMEÄ	(ARC)PRETZEL, SOFT
DAIRY	MAITO, TÄYSMAITO, RASVAA 3 %, LAKTOOSITON MAITOJUOMA, D-VITAMIINIA 1 UG	MILK, 3% FAT, LACTOSE-FREE, 1 UG ADDED VITAMIN D
PANTRY	MEHU, MEHUJUOMA, MEHUKATTI PILLIJUOMA, TÄYDENNETTY	JUICE DRINK, FRUIT, BERRY, MEHUKATTI, VITAMIN C AND D, CALCIUM, CONTAINS SUGAR
DAIRY	JUUSTO, SALAATTIJUUSTO, RASVAA 2-5 %, LEHMÄNMAITO, SUOLALIEMESSÄ	CHEESE, FETA TYPE SALAD CHEESE IN BRINE, FAT 2-5%
PANTRY	(ARC) PIIMÄ, RASVATON, VALIO PLUS, VL, D-VIT 2 UG	(ARC)SOUR MILK, FAT-FREE, VALIO PLUS, LOW-LACTOSE, 2 UG VITAMIN D
DAIRY	JUUSTO, SALAATTIJUUSTO, RASVAA 6-8 %, LEHMÄNMAITO, SUOLALIEMESSÄ	CHEESE, FETA TYPE SALAD CHEESE IN BRINE, FAT 6-8%
DAIRY	JUUSTO, SALAATTIJUUSTO, RASVAA 9-11 %, LEHMÄNMAITO, SUOLALIEMESSÄ	CHEESE, FETA TYPE SALAD CHEESE IN BRINE, FAT 9-11%
DAIRY	JUUSTO, SALAATTIJUUSTO, RASVAA 22 %, LEHMÄNMAITO, ÖLJYSSÄ	CHEESE, FETA CHEESE IN OIL, 22% FAT, COW'S MILK
PANTRY	HAMPUNSIEMEN, KOKONAINEN	HEMP SEED, WHOLE
FRUITS_VEGETABLES	SOIJAJUOMA, ALPRO MAUSTAMATON, KALSIUMIA JA VITAMIINEJA	SOYA DRINK, PLAIN, CALCIUM, VITAMINS, ALPRO
FRUITS_VEGETABLES	SOIJAJUOMA, RAINBOW, KALSIUMIA JA VITAMIINEJA	SOYA DRINK CALCIUM, VITAMINS, RAINBOW
FRUITS_VEGETABLES	SOIJAJUOMA, PIRKKA LUOMU MAUSTAMATON	SOYA DRINK,  PLAIN, ORGANIC, PIRKKA
PANTRY	PÄHKINÄ, CHILIPÄHKINÄ	NUT, CHILI NUT
DAIRY	JOGURTTI, LOHKEAVA LUONNONJOGURTTI, RASVAA 5,5 %, LAKTOOSITON	YOGHURT, NATURAL, FAT 5.5%, LACTOSE-FREE
PANTRY	PÄHKINÄ, CASHEWPÄHKINÄ, SUOLATTU	NUT, CASHEW NUT, SALT
PANTRY	PÄHKINÄ, PISTAASIPÄHKINÄ, SUOLATTU	NUT, PISTACHIO NUT, SALT
FRUITS_VEGETABLES	SOIJAJUOMA, GOGREEN MAUSTAMATON, KALSIUMIA	SOYA DRINK,  PLAIN, CALCIUM, GOGREEN
FRUITS_VEGETABLES	SOIJAJUOMA, GOGREEN ORIGINAL, KALSIUMIA	SOYA DRINK, ORIGINAL, CALCIUM, GOGREEN
FRUITS_VEGETABLES	SOIJAJUOMA, PIRKKA LUOMU SUKLAANMAKUINEN	SOYA DRINK, CHOCOLATE, ORGANIC, PIRKKA
FRUITS_VEGETABLES	SOIJAJUOMA, RAINBOW LUOMU	SOYA DRINK,  ORGANIC, RAINBOW
FRUITS_VEGETABLES	SOIJAJUOMA, NORDIC, KALSIUMIA JA D-VITAMIINIA	SOYA DRINK,  CALCIUM, VITAMIN D, NORDIC
FRUITS_VEGETABLES	SOIJAJUOMA, ALPRO KEVYT SUKLAAJUOMA, KALSIUMIA JA VITAMIINEJA	SOYA DRINK, CHOCOLATE, LIGHT, CALCIUM, VITAMINS, ALPRO
FRUITS_VEGETABLES	SOIJAJUOMA, ALPRO SUKLAA, KALSIUMIA JA VITAMIINEJA	SOYA DRINK, CHOCOLATE, CALCIUM, VITAMINS, ALPRO
FRUITS_VEGETABLES	SOIJAJUOMA, SOYWELL SOYA DRINK, LIDL, KALSIUMIA JA VITAMIINEJA	SOYA DRINK, CALCIUM, VITAMINS, SOYWELL SOYA DRINK, LIDL
DAIRY	(ARC)JOGURTTI, KERROSJOGURTTI, VALIO, RASVAA 2 %, VL, D-VITAMIINIA 0,9 UG	(ARC)YOGHURT, FLAVOURED, 2% FAT, LOW LACTOSE, 0.9 UG VITAMIN D
DAIRY	JOGURTTI, MAUSTETTU, RASVATON, LAKTOOSITON, D-VIT 1 UG	YOGHURT, FLAVOURED, FAT-FREE, LACTOSE-FREE, 1 UG VITAMIN D
PANTRY	RAHKA, MAUSTETTU, DANONINO, RASVAA 2,9 %, D-VITAMIINIA 1,25 UG	QUARK, FLAVOURED, 2.9% FAT, DANONINO, 1.25 UG VITAMIN D
DAIRY	JOGURTTI, MAUSTETTU, LOHKEAVA, RASVAA 4,6 %, LAKTOOSITON	YOGHURT, FLAVOURED, 4,6% FAT, LACTOSE-FREE
PANTRY	MERISUOLA, JODIOIMATON	SEASALT, WITHOUT IODINE
MEAT_FISH	KALA, TUORESUOLATTU	FISH, FILLET, SALT-CURED
BREAD_GRAINS	VÄLIPALAPATUKKA, SUKLAA-MUROPATUKKA, KELLOGG´S SPECIAL K CHOCOLATE, TÄYDENNETTY	CEREAL BAR WITH CHOCOLATE, KELLOGG´S SPECIAL K BAR CHOCOLATE, FORTIFIED
BREAD_GRAINS	VÄLIPALAPATUKKA, MUROPATUKKA, KELLOGG´S RICE KRISPIES CEREAL & MILK, TÄYDENNETTY	CEREAL BAR WITH RICE, KELLOGG´S RICE KRISPIES CEREAL & MILK BAR, FORTIFIED
FRUITS_VEGETABLES	KAURAJUOMA, ELOVENA VÄLIPALAJUOMA AURINKOINEN, 2,9 % RASVAA	OAT DRINK WITHOUT MILK, SNACK DRINK, ELOVENA, 2.9% FAT
FRUITS_VEGETABLES	KAURAJUOMA, ELOVENA VÄLIPALAJUOMA METSÄMARJA, 0,5 % RASVAA	OAT DRINK WITHOUT MILK, SNACK DRINK WITH BERRIES, ELOVENA, 0.5% FAT
DAIRY	JOGURTTI, MAUSTAMATON, RASVAA 2,5 %	YOGHURT, PLAIN, 2.5% FAT
FRUITS_VEGETABLES	KAURAJUOMA, ELOVENA VÄLIPALAJUOMA HEDELMÄINEN, 0,5 % RASVAA	OAT DRINK WITHOUT MILK, SNACK DRINK, ELOVENA, FRUIT, 0.5% FAT
DAIRY	MAITO, TÄYSMAITO, VL, EI LISÄTTY D-VITAMIINIA	MILK, 3.5% FAT, LOW-LACTOSE, WITHOUT ADDED VITAMIN D
DAIRY	JUUSTO, POLAR 10 % RASVAA, VALIO	CHEESE, SEMI-HARD CHEESE, 10% FAT, VALIO POLAR
FRUITS_VEGETABLES	KAURAJUOMA, NALLE VANILJAKAURAJUOMA, LISÄTTY KALSIUMIA JA D-VITAMIINIA	OAT DRINK WITHOUT MILK, NALLE VANILLA, CALCIUM, VITAMIN D
MEAT_FISH	PANGASIUS, HAIMONNI, FILEE, TUONTIKALA	PANGASIUS, FILLET
MEAT_FISH	HOKI, HOKIKALA, TUONTIKALA	HAKE, HOKI, RAW
PANTRY	JAUHELIHA, SIKA-NAUTA, KEVYT, VÄHÄRASVAINEN, RASVAA 10 %	PORK AND BEEF STEAK MINCE, 10% FAT
PANTRY	RASVASEOS 60 %	BLENDED SPREAD 60%
PANTRY	RAHKA, MAITORAHKA, MAUSTAMATON, RASVAA 0,3 %, LAKTOOSITON	QUARK, 0.3% FAT, LACTOSE-FREE
PANTRY	RAHKA, MAUSTETTU, RASVAA 7 %, MAKEA, LAKTOOSITON	QUARK, FLAVOURED, 7% FAT, SWEET, LACTOSE-FREE
PANTRY	(ARC)RAHKA, MAUSTETTU, RASVAA 8,5 %, VL, VALKOSUKLAA-LIME, VALIO	(ARC)QUARK, FLAVOURED, 8.5% FAT, LOW-LACTOSE, WHITE CHOCOLATE-LIME, VALIO
DAIRY	(ARC) JOGURTTI, MAUSTETTU, RASVATON, VL, D-VIT 0,5 UG, OS. KEINOTEK. MAKEUTETTU	(ARC)YOGHURT, FLAVOURED, FAT-FREE, LOW-LACTOSE, VIT. D, ARTIFICIALLY SWEETENED
DAIRY	JOGURTTI, MAUSTETTU, RASVATON, KEINOTEKOISESTI MAKEUTETTU	YOGHURT, FLAVOURED, FAT-FREE, ARTIFICIALLY SWEETENED
DAIRY	VIILI, MAUSTETTU, RASVAA 1 %, LAKTOOSITON	CURD MILK, FLAVOURED, 1% FAT, LACTOSE-FREE
DAIRY	VIILI, MAUSTAMATON, RASVAA 1 %, LAKTOOSITON	CURD MILK, PLAIN, 1% FAT, LACTOSE-FREE
MEAT_FISH	TILAPIA, TUONTIKALA	TILAPIA, IMPORTED FISH
DAIRY	JOGURTTI, MAUSTETTU, RASVAA 1 %, LAKTOOSITON	YOGHURT, FLAVOURED, 1% FAT, LACTOSE-FREE
DAIRY	(ARC)JOGURTTI, MAUSTETTU, RASVATON, VL, A-, E- JA D-VITAMIINEJA, KUITUA	(ARC)YOGHURT, FLAVOURED, FAT-FREE, FIBRE AND VITAMINS, LOW-LACTOSE
DAIRY	(ARC)JOGURTTI, MAUSTAMATON, LUONTO+, RASVATON, VL, D-VIT 1 UG, KUITUA, PROB.	(ARC)YOGHURT, PLAIN, FAT-FREE, LOW-LACTOSE, WITH FIBRE AND 1 UG VITAMIN D
MEAT_FISH	TILAPIA, UUNISSA	TILAPIA, OVEN-BAKED
DAIRY	(ARC) VIILI, KERROSVIILI, RASVAA 1 %, LAKTOOSITON, OSITTAIN KEINOTEKOISESTI MAK.	(ARC)CURD MILK, FLAVOURED, 1% FAT, LACTOSE-FREE, PARTIALLY ARTIFICIAL. SWEETENED
PANTRY	PÄHKINÄ, CASHEWPÄHKINÄ, SUKLAAKUORRUTUS	NUT, CASHEW NUT COATED WITH CHOCOLATE
PANTRY	PÄHKINÄ, CASHEWPÄHKINÄ, JOGURTTIKUORRUTUS	NUT, CASHEW NUT COATED WITH YOGHURT
PANTRY	BANAANILASTU, KUIVATTU BANAANI, JOGURTTIKUORRUTUS	BANANA CHIPS COATED WITH YOGHURT
PANTRY	ANANAS, KUIVATTU, JOGURTTIKUORRUTUS	DRIED PINEAPPLE COATED WITH YOGHURT
PANTRY	OMENALASTU	APPLE CHIPS
BREAD_GRAINS	VÄLIPALAPATUKKA, SUKLAA-MUROPATUKKA, KELLOGG´S COCO POPS ROCKS, TÄYDENNETTY	CEREAL BAR WITH CHOCOLATE, KELLOGG'S COCO POPS ROCKS, FORTIFIED
DAIRY	JOGURTTI, MAUSTETTU, RASVAA 2 %, LAKTOOSITON, D-VIT 1 UG	YOGHURT, FLAVOURED, 2% FAT, LACTOSE-FREE, 1 UG VITAMIN D
DAIRY	JOGURTTI, MAUSTAMATON, RASVATON, LAKTOOSITON, D-VIT 1 UG	YOGHURT, PLAIN, FAT-FREE, LACTOSE-FREE, 1 UG VITAMIN D
DAIRY	JOGURTTI, MAUSTAMATON, A+, RASVATON, VL, D-VIT 1 UG	YOGHURT, PLAIN, A+, FATFREE, 1 UG VITAMIN D, LOW-LACTOSE
DAIRY	JOGURTTI, MARJAMYSLI, A+, RASVAA 3,5 %, LAKTOOSITON, D-VIT 0,9 UG	YOGHURT WITH MUESLI, A+, FAT 3.5%, LACTOSE-FREE
PANTRY	URHEILUJUOMATIIVISTE, HIILIHYDRAATTIJUOMA, DEXAL HEAVY, LAIMENNETTU	SPORT BEVERAGE, CARBOHYDRATE DRINK, DEXAL HEAVY, DILUTED
PANTRY	URHEILUJUOMATIIVISTE, HIILIHYDRAATTIJUOMA, DEXAL LIGHT, LAIMENNETTU	SPORT BEVERAGE, CARBOHYDRATE DRINK, DEXAL LIGHT, DILUTED
PANTRY	URHEILUJUOMATIIVISTE, HIILIHYDRAATTIJUOMA, DEXAL LIGHT	SPORT BEVERAGE, CARBOHYDRATE DRINK, DEXAL LIGHT, CONCENTRATE
MEAT_FISH	TUONTIKALA, VAALEA, PANGASIUS/TILAPIA/HOKI, KESKIARVO	WHITE FISH, PANGASIUS/HAKE/TILAPIA, AVERAGE
MEAT_FISH	TUONTIKALA, VAALEA, PANGASIUS/TILAPIA/HOKI, KESKIARVO, KEITETTY, EI SUOLAA	WHITE FISH, PANGASIUS/HAKE/TILAPIA, AVERAGE, BOILED WITHOUT SALT
PANTRY	URHEILUJUOMATIIVISTE, HIILIHYDRAATTIJUOMA, DEXAL HEAVY	SPORT BEVERAGE, CARBOHYDRATE DRINK, DEXAL HEAVY, CONCENTRATE
PANTRY	URHEILUJUOMA, PROTEIINIJUOMA, PRO FX ZERO CARB	SPORT BEVERAGE, PROTEIN DRINK, PRO FX ZERO CARB
PANTRY	URHEILUJUOMA, HIILIHYDRAATTIJUOMA, LEADER CARBO ENERGY	SPORT BEVERAGE, CARBOHYDRATE DRINK, LEADER CARBO ENERGY
MEAT_FISH	BROILERIFILEE, HUNAJAMARINADI, RAAKA	CHICKEN FILLET IN HONEY MARINADE
PANTRY	RAHKA, MAUSTETTU, RASVAA 4,5 %, VALIO RAHKAVAAHTO, LAKTOOSITON	QUARK, FLAVOURED, 4.5% FAT, VALIO RAHKAVAAHTO, LACTOSE-FREE
PANTRY	URHEILUJUOMA, PROTEIINIJUOMA, LEADER PROTEIN 40	SPORT BEVERAGE, PROTEIN DRINK, LEADER PROTEIN 40
PANTRY	(ARC)RAHKA, MAUSTETTU, RASVAA 2,9 %, VÄLIPALARAHKA, VALIO, VL	(ARC)QUARK, FLAVOURED, 2.9% FAT, VALIO VÄLIPALARAHKA, LOW-LACTOSE
DAIRY	(ARC)JOGURTTI, MAUSTETTU, ACTIVIA, RASVAA 3 %, VL, PROBIOOTTEJA	(ARC)YOGHURT, FLAVOURED, ACTIVIA, 3% FAT, LOW-LACTOSE, PROBIOTICS
PANTRY	KAHVI, MURUKAHVI, PIKAKAHVI, VALMISTAMATON	INSTANT COFFEE, POWDER
PANTRY	URHEILUJUOMA, PROTEIINI-HIILIHYDRAATTIJUOMA, PRO FX RECOVERY	SPORT BEVERAGE, CARBOHYDRATE-PROTEIN DRINK, PRO FX RECOVERY
PANTRY	URHEILUJUOMA, PROTEIINI-HIILIHYDRAATTIJUOMA, LEADER RECOVERY	SPORT BEVERAGE, CARBOHYDRATE-PROTEIN DRINK, LEADER RECOVERY
PANTRY	URHEILUJUOMA, PROTEIINI-HIILIHYDRAATTIJUOMA, TUOTEKESKIARVO	SPORT BEVERAGE, CARBOHYDRATE-PROTEIN DRINK, AVERAGE OF PRODUCTS
PANTRY	URHEILUJUOMA, HIILIHYDRAATTIJUOMA, TUOTEKESKIARVO	SPORT BEVERAGE, CARBOHYDRATE DRINK, AVERAGE OF PRODUCTS
PANTRY	URHEILUJUOMA, PROTEIINIJUOMA, TUOTEKESKIARVO	SPORT BEVERAGE, PROTEIN DRINK, AVERAGE OF PRODUCTS
MEAT_FISH	LOHI, LÄMMINSAVUSTETTU	SALMON, WARM SMOKED
PANTRY	PERUNASOSEJAUHE, VALMISTAMATON, RAINBOW	MASHED POTATO POWDER, RAINBOW
PANTRY	PERUNASOSEJAUHE, VALMISTAMATON, PIRKKA/FELIX	MASHED POTATO POWDER, PIRKKA/FELIX
PANTRY	PERUNASOSEJAUHE, VALMISTAMATON, ELDORADO	MASHED POTATO POWDER, ELDORADO
MEAT_FISH	ATERIANKORVIKE, PROTEIINIPATUKKA, 54 % PROTEIINIA, MAXIM	MEAL REPLACEMENT, PROTEIN BAR, 54 % PROTEIN
PANTRY	RAHKA, MAUSTETTU, DANIO, RASVAA 3 %	QUARK, FLAVOURED, 3% FAT, DANIO
PANTRY	RAHKA, MAUSTETTU, DANIO STRACCIATELLA, RASVAA 4,4 %	QUARK, FLAVOURED, 4.4% FAT, DANIO STRACCIATELLA
MEAT_FISH	SIIKA, LÄMMINSAVUSTETTU	POWAN, WARM SMOKED
MEAT_FISH	KIRJOLOHIFILEE, KYLMÄSAVUSTETTU	RAINBOW TROUT FILLET, COLD SMOKED
DAIRY	JOGURTTI, MAUSTETTU, RASVAA 2 %	YOGHURT, FLAVOURED, 2% FAT
MEAT_FISH	KIRJOLOHIFILEE, LÄMMINSAVUSTETTU	RAINBOW TROUT, FILLET, HOT SMOKED
MEAT_FISH	KALA, LÄMMINSAVUSTETTU, KESKIARVO	FISH, WARM SMOKED, AVERAGE
MEAT_FISH	KIRJOLOHIFILEE	RAINBOW TROUT, FILLET
MEAT_FISH	LOHIFILEE, KYLMÄSAVUSTETTU	SALMON FILLET, COLD SMOKED
MEAT_FISH	MAKRILLI, SAVUSTETTU	MACKEREL, SMOKED
PANTRY	KAHVI, KAHVIJUOMA, MURUKAHVI, PIKAKAHVI, KEITETTY	COFFEE, INSTANT, DRINK
PANTRY	MAKEINEN, VOHVELIA JA SUKLAATA, SUFFELI, FAZER	SUFFELI CHOCOLATE BAR, WAFFLE, TOFFEE FILLING AND MILK CHOCOLATE
PANTRY	BASILIKA, KUIVATTU	BASIL, DRIED
PANTRY	RUUSUNMARJA, KUIVATTU, RUUSUNMARJAJAUHE	ROSE HIP, DRIED, ROSE HIP POWDER
PANTRY	KAHVI, CAFFE LATTE, MAKEUTTAMATON, RASVATON MAITO	CAFE LATTE, UNSWEETENED, FAT-FREE MILK
PANTRY	KAHVI, CAFFE LATTE, MAKEUTTAMATON, KEVYTMAITO	CAFE LATTE, UNSWEETENED, LOW-FAT MILK
PANTRY	KAHVI, CAPPUCCINO, MAKEUTTAMATON, KEVYTMAITO	CAPPUCCINO, UNSWEETENED, LOW-FAT MILK
PANTRY	KAHVI, CAFFE LATTE, MAKEUTTAMATON, SOIJAJUOMA	CAFE LATTE, UNSWEETENED, SOY DRINK
PANTRY	MAKEINEN, VAAHTOKARKKI, VAAHTOKARAMELLI	MARSHMALLOW
DAIRY	JUUSTO, TUOTEKESKIARVO	CHEESE, AVERAGE
DAIRY	(ARC) SOIJAVÄLIPALA, HAPATETTU, MAUSTAMATON, RASVAA 2,3 %	(ARC)SOY PRODUCT, SOURED, PLAIN, 2.3% FAT
FRUITS_VEGETABLES	PINAATTI	SPINACH
DAIRY	JUUSTO, HALLOUMIJUUSTO, VUOHENMAITO, RASVAA 22 %	CHEESE, HALLOUMI CHEESE, 22% FAT
DAIRY	MAITO, KESKIARVO, D-VITAMIINIA 1 UG	MILK, AVERAGE, 1 UG ADDED VITAMIN D
FRUITS_VEGETABLES	JALAPENO, SÄILYKE, ETIKKALIEMI	JALAPENO PEPPER, CANNED, IN VINEGAR
FRUITS_VEGETABLES	(ARC) MARGARIINI 60%, KEIJU DELI VOIMAKAS, D-VIT 20 UG	(ARC)MARGARINE 60%, KEIJU DELI VOIMAKAS, 20 UG VITAMIN D
FRUITS_VEGETABLES	KASVIRASVALEVITE 70 %, KEIJU LAKTOOSITON, CATERING, D-VIT 20 UG	VEGETABLE FAT SPREAD 70%, KEIJU LACTOSE FREE, CATERING, 20 UG VITAMIN D
FRUITS_VEGETABLES	MARGARIINI 40 %, KEIJU KEVYT LAKTOOSITON, CATERING, D-VIT 20 UG	MARGARINE 40%, KEIJU LIGHT, LACTOSE-FREE, CATERING, 20 UG VITAMIN D
FRUITS_VEGETABLES	MARGARIINI 60 %, KEIJU NORMAALISUOLAINEN, CATERING, D-VIT 20 UG	MARGARINE 60%, KEIJU NORMALLY SALTED, CATERING, 20 UG VITAMIN D
FRUITS_VEGETABLES	PAPRIKA, PUNAINEN, SÄILYKE	SWEET PEPPER, RED, CANNED
FRUITS_VEGETABLES	KASVIRASVALEVITE 70 %, BECEL GOLD, D-VIT 20 UG	VEGETABLE FAT SPREAD 70%, BECEL GOLD, 20 UG VITAMIN D
PANTRY	SOIJAROUHE, VAALEA TAI TUMMA	SOYA MINCE, WHITE OR DARK
PANTRY	TOFU, PEHMEÄ, SOIJAVALMISTE	TOFU, SOFT, SOYA PRODUCT
PANTRY	NAKKI, SOIJANAKKI	VEGAN FRANKFURTER, TOFU SAUSAGE
PANTRY	MAKEUTUSAINE, STEVIA, CANDEREL GREEN -JAUHE	SWEETENER, STEVIA, CANDEREL GREEN POWDER
PANTRY	MAKEUTUSAINE, STEVIA, CANDEREL GREEN -PURISTE	SWEETENER, STEVIA, CANDEREL GREEN TABLET
PANTRY	MAKEUTUSAINE, STEVIA, CANDEREL GREEN -STICK	SWEETENER, STEVIA, CANDEREL GREEN STICK
PANTRY	RASVAJAUHE, ELINTARVIKETEOLLISUUDEN RAAKA-AINE	FAT POWDER, FOR FOOD INDUSTRY
PANTRY	SUKLAA, TUMMA, 80 %	CHOCOLATE, PLAIN, DARK CHOCOLATE, 80%
DAIRY	KANANMUNAJAUHE, ELINTARVIKETEOLLISUUDEN RAAKA-AINE	EGG POWDER, FOR FOOD INDUSTRY
DAIRY	VALKUAISJAUHE, ELINTARVIKETEOLLISUUDEN RAAKA-AINE	EGG WHITE POWDER, FOR FOOD INDUSTRY
DAIRY	KELTUAISJAUHE, ELINTARVIKETEOLLISUUDEN RAAKA-AINE	EGG YOLK POWDER, FOR FOOD INDUSTRY
PANTRY	MAUSTEKASTIKE, HAPANIMELÄ, DIPPIKASTIKE	SWEET AND SOUR SAUCE
DAIRY	JUUSTO, POLAR TÄYTELÄINEN, 28 % RASVAA, VALIO	CHEESE, POLAR TÄYTELÄINEN, 28% FAT
DAIRY	JUUSTO, POLAR 5 % RASVAA, VALIO	CHEESE, SEMI-HARD CHEESE, 5% FAT, VALIO POLAR
DAIRY	JUUSTO, POLAR 15 % RASVAA, VALIO	CHEESE, SEMI-HARD CHEESE, 15% FAT, VALIO POLAR
PANTRY	MANSIKKAHILLO, TEOLLINEN, SOKERIA 46 %	STRAWBERRY JAM, 46% SUGAR, INDUSTRIAL
PANTRY	PÄHKINÄ-HEDELMÄ-SEKOITUS	NUT AND FRUIT MIX, SALTED NUTS, DRIED FRUITS
PANTRY	PÄHKINÄSEKOITUS, SUOLATON	NUT MIX, WITHOUT SALT
PANTRY	PÄHKINÄSEKOITUS, SUOLATTU	NUT MIX, SALTED
PANTRY	PIIMÄ, AB-PIIMÄ, RASVAA 2 %, PROBIOOTTEJA	SOUR MILK, ACIDOPHILUS BIFIDUS, 2% FAT, PROBIOTICS
FROZEN	JÄÄTELÖ, SNICKERS	ICE CREAM, SNICKERS
MEAT_FISH	KALA, PAINOTETTU KESKIARVO	FISH, WEIGHTED AVERAGE
FRUITS_VEGETABLES	KAURAJUOMA, MAUSTAMATON, TUOTEKESKIARVO	OAT DRINK WITHOUT MILK, AVERAGE OF INDUSTRIAL PRODUCTS
FRUITS_VEGETABLES	SOIJAJUOMA, MAUSTAMATON, TUOTEKESKIARVO	SOYA DRINK, PLAIN, AVERAGE OF INDUSTRIAL PRODUCTS
FRUITS_VEGETABLES	RIISIJUOMA, MAUSTAMATON, TUOTEKESKIARVO	RICE DRINK, AVERAGE OF INDUSTRIAL PRODUCTS
PANTRY	PERUNASOSEJAUHE, VALMISTAMATON, TUOTEKESKIARVO	MASHED POTATO POWDER, AVERAGE OF INDUSTRIAL PRODUCTS
PANTRY	RAHKA, JÄLKIRUOKA/VÄLIPALA, TEOLLINEN, TUOTEKESKIARVO	QUARK, DESSERT QUARK, AVERAGE OF INDUSTRIAL PRODUCTS
BREAD_GRAINS	JAUHO, JAUHOSEOS, GLUTEENITON, TUOTEKESKIARVO	FLOUR MIXTURE, GLUTEN-FREE, AVERAGE OF INDUSTRIAL PRODUCTS
PANTRY	PASTA, GLUTEENITON, TUOTEKESKIARVO	PASTA, GLUTEN-FREE, AVERAGE OF INDUSTRIAL PRODUCTS
PANTRY	KASTIKEJAUHE, KASTIKEAINEKSET, TEOLLINEN, TUOTEKESKIARVO	SAUCE MIX, AVERAGE OF INDUSTRIAL PRODUCTS
DAIRY	PROFEEL PROTEIINIJUOMA, VALIO, D-VITAMIINIA 1 UG	PROFEEL PROTEIN DRINK, VALIO, 1 UG VITAMIN D
PANTRY	PIIMÄ, KEVYTPIIMÄ, 1% RASVAA, VL, D-VIT 1UG	SOUR MILK, 1% FAT, LOW-LACTOSE, 1 UG VITAMIN D
PANTRY	PIIMÄ, AB-PIIMÄ, RASVAA 2 %, D-VIT 1 UG, PROBIOOTTEJA	SOUR MILK, ACIDOPHILUS BIFIDUS, 2% FAT, 1 UG VITAMIN D, PROBIOTICS
PANTRY	PIIMÄ, AB-PIIMÄ, RASVAA 1,5 %, D-VIT 1 UG, PROBIOOTTEJA	SOUR MILK, ACIDOPHILUS BIFIDUS, 1.5% FAT, 1 UG VITAMIN D, PROBIOTICS
PANTRY	(ARC)PIIMÄ, AKTIIVIPIIMÄ, RASVAA 0,4 %, VL, D-VIT 1 UG, PROBIOOTTEJA	(ARC)SOUR MILK, 0.4% FAT, LOW-LACTOSE, 1 UG VITAMIN D, PROBIOTICS, AKTIIVI
PANTRY	PIIMÄ, KEVYTPIIMÄ, 2 % RASVAA, VL, D-VIT 1 UG	SOUR MILK, 2% FAT, LOW-LACTOSE, 1 UG VITAMIN D
PANTRY	PIIMÄ, KEVYTPIIMÄ, 2 % RASVAA	SOUR MILK, 2% FAT
PANTRY	PIIMÄ, ASIDOFILUS-BIFIDUS, RASVAA 1,5 %, VL, PROBIOOTTEJA	SOUR MILK, ACIDOPHILUS BIFIDUS, 1.5% FAT, LOW-LACTOSE, PROBIOTICS
DAIRY	(ARC)JOGURTTI, JUOTAVA, GEFILUS KIDIUS, 1,7%, D-VIT 1,5UG, PROB., 05/12 ALKAEN	(ARC)YOGHURT, DRINKABLE, KIDIUS GEFILUS, LOW-LACTOSE 1.7% FAT, VIT D, PROBIOTICS
DAIRY	JOGURTTI, MAUSTETTU, JUGUPALA, RASVAA 2,6 %, VL, -30% SOKERIA	YOGHURT, FLAVOURED, 2.6% FAT, LOW-LACTOSE, 30% LESS SUGAR
DAIRY	(ARC)JOGURTTI, MAUSTETTU, JUOTAVA, VITALINEA PROTEIN, RASVATON	(ARC)YOGHURT, DRINKABLE, FLAVOURED, FAT-FREE, VITALINEA
DAIRY	JOGURTTI, MAUSTETTU, AB, RASVAA 2,7 %, VL, PROBIOOTTEJA	YOGHURT, FLAVOURED, 2.7% FAT, AB, LOW-LACTOSE, PROBIOTICS
DAIRY	JOGURTTI, AB-KERROSLUONNONJOGURTTI, RASVAA 3,3 %, PROBIOOTTEJA	YOGHURT, FLAVOURED, AB, 3.3% FAT, CONTAINS PROBIOTICS
DAIRY	JOGURTTI, MAUSTAMATON, AB, RASVAA 2,5 %, PROBIOOTTEJA	YOGHURT, PLAIN, AB, 2.5% FAT, PROBIOTICS
DAIRY	JOGURTTI, MAUSTAMATON, AB, RASVATON, PROBIOOTTEJA	YOGHURT, PLAIN, AB, 0.2% FAT, PROBIOTICS
DAIRY	JOGURTTI, MAUSTETTU, AB, RASVATON, PROBIOOTTEJA	YOGHURT, FLAVOURED, AB, 0.2% FAT, PROBIOTICS
DAIRY	JOGURTTI, JUOTAVA, JOGURTTIJUOMA, RASVAA 0,9%, PROBIOOTTEJA	YOGHURT, DRINKABLE, 0.9% FAT, PROBIOTICS
DAIRY	(ARC)VÄLIPALAJUOMA, TEHOJUOMA,GEFILUS,RASVATON, LAKTOOSIT, D-VIT, PROB, ALK05/12	(ARC)GEFILUS DRINK, EFFECT DRINK, FAT-FREE, LACTOSE-FREE, VITAMIN D, PROBIOTICS
DAIRY	JOGURTTI, MAUSTETTU, A+, RASVAA 3,2 %, LAKTOOSITON, D-VIT 1 UG	YOGHURT, FLAVOURED, 3.2% FAT, LACTOSE-FREE, A+, 1 UG VITAMIN D
DAIRY	JOGURTTI, MAUSTETTU, REDUCOL, RASVAA 2 %, VL, KASVISTEROLI JA -STANOLI, PROB.	YOGHURT, FLAVOURED, REDUCOL, 2% FAT, LOW-LACTOSE, PLANT STEROLS, PROBIOTICS
FRUITS_VEGETABLES	KASVIRASVALEVITE 70 %, TEOLLINEN TUOTEKESKIARVO	VEGETABLE FAT SPREAD 70%, AVERAGE OF INDUSTRIAL PRODUCTS
DAIRY	JOGURTTI, MAUSTAMATON, REDUCOL, RASVAA 2,5%, VL, KASVISTEROLI JA -STANOLI, PROB.	YOGHURT, PLAIN, PIRKKA REDUCOL, 2.5% FAT, LOW-LACTOSE
DAIRY	VIILI, MAUSTAMATON, RASVAA 1,5 %, LAKTOOSITON	CURD MILK, PLAIN, 1.5% FAT, LACTOSE-FREE
PANTRY	(ARC)PIIMÄ, AKTIIVIPIIMÄ VANILJA, RASVAA 0,4 %, VL, D-VIT 0,9 UG, PROBIOOTTEJA	(ARC)SOUR MILK, 0.4% FAT, LOW-LACTOSE, 0.9 UG VIT D, PROBIOTICS, AKTIIVI VANILLA
DAIRY	MAITO, TÄYSMAITO, RASVAA 4,4 %, EI LISÄTTY D-VITAMIINIA, HOMOGENOIMATON	MILK, 4.4% FAT, WITHOUT ADDED VITAMIN D, UNHOMOGENIZED
FRUITS_VEGETABLES	TÄYSMEHU, APPELSIINITÄYSMEHU, C-VITAMIINIA 60 MG	ORANGE JUICE, UNSWEETENED, 60 MG VITAMIN C
MEAT_FISH	KOKOLIHALEIKKELE, KINKKULEIKKELE, VÄHÄRASVAINEN, RASVAA 2 %	HAM, COOKED, 2% FAT
DAIRY	JOGURTTI, MAUSTETTU, A+ VILJA, RASVAA 2 %, LAKTOOSITON, D-VIT 1 UG	YOGHURT, FLAVOURED, 2% FAT, LACTOSE-FREE, A+ CEREAL, 1 UG VITAMIN D
PANTRY	VESI, KEITETTY	WATER, BOILED
DAIRY	MAITO, KEVYTMAITO, LAKTOOSITON MAITOJUOMA, VALIO EILA, D-VITAMIINIA 2 UG	MILK, 1.5% FAT, LACTOSE-FREE, VALIO EILA, 2 UG ADDED VITAMIN D
DAIRY	MAITO, RASVATON, LAKTOOSITON MAITOJUOMA, VALIO EILA, D-VITAMIINIA 2 UG	MILK, 0% FAT, LACTOSE-FREE, VALIO EILA, 2 UG ADDED VITAMIN D
DAIRY	MAITO, TÄYSMAITO, RASVAA 3 %, LAKTOOSITON MAITOJUOMA, EILA, D-VITAMIINIA 2 UG	MILK, 3% FAT, LACTOSE-FREE, EILA, 2 UG ADDED VITAMIN D
MEAT_FISH	MEETVURSTI TAI SALAMI, KEVYT RASVAA, 22 %	SALAMI, LIGHT, 22% FAT
PANTRY	PIIMÄ, RASVATON, VALIO EILA LAKTOOSITON, D-VIT 2 UG	SOUR MILK, FAT-FREE, VALIO EILA, LACTOSE-FREE, 2 UG VITAMIN D
PANTRY	ÄIDINMAITO, RINTAMAITO	BREAST MILK
FRUITS_VEGETABLES	MARGARIINI 80 %, FLORA KULTA	MARGARINE 80%, FLORA KULTA
PANTRY	MEHU, GEFILUS ANANAS-PORKKANA + KALSIUM, C- JA D-VIT, PROB, 09/12 ALKAEN	JUICE DRINK, PINEAPPLE-CARROT, GEFILUS, CALCIUM, VITAMIN C AND D, PROBIOTICS
PANTRY	RAHKA, MAUSTETTU, PROFEEL PROTEIINIRAHKA, LAKTOOSITON	QUARK, FLAVOURED, PROFEEL PROTEIN QUARK, LACTOSE-FREE
PANTRY	SUKLAA, PÄHKINÄSUKLAA, MAITOSUKLAATA JA HASSELPÄHKINÄÄ	CHOCOLATE, MILK CHOCOLATE WITH HAZELNUTS
PANTRY	MAIZENA PIKASUURUSTE	CORN STARCH, MAIZENA EXPRESS
FRUITS_VEGETABLES	KAURAJUOMA, OATLY SUKLAA, LISÄTTY KALSIUMIA JA VITAMIINEJA, ALKAEN 09/12	OAT DRINK WITHOUT MILK, OATLY CHOCOLATE, CALCIUM, VITAMIN D
FRUITS_VEGETABLES	KAURAJUOMA, OATLY, LISÄTTY KALSIUMIA JA VITAMIINEJA, ALKAEN 09/12	OAT DRINK WITHOUT MILK, OATLY, CALCIUM, VITAMINS
DAIRY	(ARC)JOGURTTI, MAUSTETTU, GEFILUS KIDIUS, RASVAA 2,5%,VL,D-VIT 1,5UG, ALK. 09/12	(ARC)YOGHURT, FLAVOURED, KIDIUS GEFILUS, 2% FAT, LOW-LACTOSE, 1.5% VITAMIN D
DRINKS	MEHU, HERAJUOMA, GEFILUS, VL, VITAMIINEJA, PROBIOOTTEJA, 09/12 ALKAEN	JUICE DRINK, WHEY DRINK, GEFILUS, VITAMINS, PROBIOTICS, LOW-LACTOSE
PANTRY	MEHU, GEFILUS APPELSIINI-PERSIKKA + KUITU, C- JA D-VITAMIINEJA, PROB, ALK 09/12	JUICE DRINK, ORANGE-PEACH, GEFILUS, FIBRE, VITAMIN C AND D, PROBIOTICS
PANTRY	MEHU, GEFILUS, C- JA D-VITAMIINEJA, PROBIOOTTEJA	JUICE DRINK, GEFILUS, VITAMIN C AND D, PROBIOTICS
DAIRY	JOGURTTI, JUOTAVA, ACTIMEL, RASVAA 1,5 %, D-VIT 0,75 UG, PROB	YOGHURT, DRINKABLE, ACTIMEL, 1.5% FAT, 0.75 UG VITAMIN D, PROBIOTICS
DAIRY	JOGURTTI, JUOTAVA, ACTIMEL, RASVATON, KEINOT.MAK, D-VIT 0,75 UG, PROB	YOGHURT, DRINKABLE,ACTIMEL, FAT-FREE, VIT. D, PROBIOTICS, ARTIFICIALLY SWEETENED
DAIRY	(ARC)JOGURTTI, JUOTAVA, ACTIMEL POWERFRUIT, RASVAA 1,5%, C JA D-VIT,PROB,ALK9/12	(ARC)YOGHURT, DRINKABLE, ACTIMEL POWERFRUIT, 1.5% FAT, VITAMIN C+D, PROBIOTICS
DAIRY	KERMA, VALIO VAAHTOUTUVA MANSIKKA-/SUKLAAKERMA, LAKTOOSITON	CREAM, VALIO STRAWBERRY/CHOCOLATE, LACTOSE-FREE
FRUITS_VEGETABLES	QUORN, FILEET, KUUTIOT, ROUHE	QUORN, FILLET, PIECES, MINCE
MEAT_FISH	KOKOLIHALEIKKELE, KALKKUNALEIKKELE	TURKEY COLD CUTS
PANTRY	OMENASOSE, SOKEROITU	APPLESAUCE, SWEETENED
BREAD_GRAINS	NALLE KUITUPUUROSEOS, HIUTALE	PORRIDGE FLAKE MIX WITH FIBRE, NALLE
PANTRY	MAIZENA SUURUSTE RUSKEA/VAALEA	CORN STARCH, MAIZENA BROWN/LIGHT
DAIRY	MAITO, KEVYTMAITO, VALIO PLUS, D-VITAMIINIA 2 UG	MILK, 1.5% FAT, VALIO PLUS, 2 UG ADDED VITAMIN D
FRUITS_VEGETABLES	MERILEVÄ, NORI, KUIVATTU	SEAWEED, NORI, DRIED
FRUITS_VEGETABLES	MERILEVÄ, WAKAME, KUIVATTU	SEAWEED, WAKAME, DRIED
PANTRY	KOOKOSÖLJY	COCONUT OIL
FRUITS_VEGETABLES	RUKOLA, RUCOLA, SINAPPIKAALI	ROCKET, ARUGULA
MEAT_FISH	BROILERI, KOIPI NAHKOINEEN, RAAKA	CHICKEN DRUMSTICK WITH SKIN, RAW
PANTRY	NAUDANLIHA E-LAJITELMA, NAUDAN KASTIKELIHA, RAAKA	BEEF, ASSORTMENT E, MEAT FOR GRAVY
PANTRY	RYPSIPORSAS, LIHASUIKALE	RAPESEED PORK, PORK STRIPS
PANTRY	VILJAPORSAS, LIHASUIKALE	PORK, CEREAL-FED, STRIPS
PANTRY	NAUDANFILEE, SISÄFILEE	BEEF TENDERLOIN
PANTRY	PORSAANFILEE, ULKOFILEE	PORK FILLET, SIRLOIN
PANTRY	SIANLIHA, 0-LAJITELMA, SIAN KASTIKELIHA, RAAKA	PORK, ASSORTMENT 0, PORK FOR SAUCE
PANTRY	KASSLERPIHVI/-PAISTI, RAAKA	PORK, KASSLER STEAK, RAW
PANTRY	NAUDANLIHA, VÄHÄRASVAINEN, KESKIARVO	BEEF, LEAN, AVERAGE
FROZEN	PINAATTI, PAKASTE	SPINACH, FROZEN
FROZEN	HERNE, VIHREÄ, PAKASTE	PEA, GREEN, FROZEN
FRUITS_VEGETABLES	VILLIRUCOLA, PIKKUHIETASINAPPI	WILD ROCKET, SAND ROCKET
FRUITS_VEGETABLES	JÄÄSALAATTI	GARDEN LETTUCE
FRUITS_VEGETABLES	PUNASALAATTI, PUNASIKURI	RADICCHIO
FRUITS_VEGETABLES	ROOMANSALAATTI, SIDESALAATTI	ROMAINE LETTUCE
FRUITS_VEGETABLES	SIPULI, PUNASIPULI	ONION, RED ONION
FRUITS_VEGETABLES	VALKORETIKKA	RADISH, WHITE
FRUITS_VEGETABLES	HERNEENVERSO	PEA SHOOT
FRUITS_VEGETABLES	VUONANKAALI	CORN SALAD, LAMB'S LETTUCE
FRUITS_VEGETABLES	KORIANTERI, TUORE	CORIANDER, FRESH
FRUITS_VEGETABLES	HAAPAROUSKU	NORTHERN MILKCAP
FRUITS_VEGETABLES	SUPPILOVAHVERO	FUNNEL CHANTERELLE
FRUITS_VEGETABLES	KARVAROUSKU	WOOLLY MILKCAP
BREAD_GRAINS	JAUHO, LEIVONTAVEHNÄJAUHO V600	FLOUR, WHEAT FLOUR, SEMI-COARSE, V600
PANTRY	PAPU, HÄRKÄPAPU, TUORE	BEAN, BROAD BEAN, FAVA BEAN, FRESH
PANTRY	HERNE, SOKERIHERNE, TUORE	SUGAR SNAP PEAS, FRESH
PANTRY	SEESAMINSIEMEN, VALKOINEN, KOKONAINEN, KUORITTU	SESAME SEED, WHITE, WITHOUT HULL
BREAD_GRAINS	JAUHO, TÄYSJYVÄRUISJAUHO R800	FLOUR, RYE, WHOLEGRAIN RYE FLOUR R800
BREAD_GRAINS	JAUHO, TÄYSJYVÄRUISJAUHO R1000	FLOUR, RYE, WHOLEGRAIN RYE FLOUR R1000
BREAD_GRAINS	JAUHO, TÄYSJYVÄOHRAJAUHO	FLOUR, BARLEY, WHOLE GRAIN BARLEY FLOUR
BREAD_GRAINS	JAUHO, ERIKOISVEHNÄJAUHO, VÄHITTÄISKAUPPA	FLOUR, COARSE WHEAT FLOUR
MEAT_FISH	SIIKA, KASVATETTU	POWAN, WHITEFISH, POLLAN, LAVARET, FARMED
MEAT_FISH	SILLI, SÄILYKE, KIRKASLIEMINEN	HERRING, PICKLED, CANNED
FRUITS_VEGETABLES	MERILEVÄ, KOMBU, KUIVATTU	SEAWEED, KOMBU, DRIED
MEAT_FISH	LOHI, FILEE, KASVATETTU	SALMON, FARMED
MEAT_FISH	KIRJOLOHI, FILEE, KASVATETTU	RAINBOW TROUT, FARMED
DAIRY	JOGURTTI, MAUSTETTU, JUGUPALA, RASVAA 2,7 %	YOGHURT, FLAVOURED, 2.7% FAT
DAIRY	JOGURTTI, MAUSTETTU, RASVAA 2 %, VL, -30% SOKERIA, D-VIT 1 UG	BERRY AND FRUIT YOGHURT 2% FAT, LOW-LACTOSE, -30% SUGAR, VITD 1 UG
DRINKS	MEHU, MEHUJUOMA, 40 % VÄHEMMÄN SOKERIA, STEVIALLA MAKEUTETTU, VALIO GRANDI	JUICE DRINK, 40% LESS SUGAR, SWEETENED WITH STEVIA, VALIO GRANDI
FRUITS_VEGETABLES	MANGO, KUORITTU	MANGO, WITHOUT SKIN
PANTRY	PAPU, VALKOINEN, KUIVATTU	BEAN, WHITE BEAN, NAVY BEAN
PANTRY	SKYR, MAUSTAMATON, RASVAA <0,5 %	SKYR, <0.5% FAT
PANTRY	SKYR, MAKEUTETTU SOKERILLA, RASVAA <0,5 %	SKYR, SWEETENED WITH SUGAR, <0.5% FAT
PANTRY	SKYR, KEINOTEKOISESTI MAKEUTETTU, RASVAA <0,5 %	SKYR, ARTIFICIALLY SWEETENED, <0.5% FAT
PANTRY	SKYR, KEINOTEKOISESTI MAKEUTETTU, RASVAA 2 %	SKYR, ARTIFICIALLY SWEETENED, 2% FAT
PANTRY	SKYR, MAKEUTETTU SOKERILLA JA STEVIALLA, RASVAA <0,5 %	SKYR, SWEETENED WITH SUGAR AND STEVIA, <0.5% FAT
PANTRY	RAHKA, RAHKAJOGURTTI, MAUSTAMATON, RASVAA 0,9 %	QUARK, QUARK YOGHURT, PLAIN, 0.9% FAT
PANTRY	RAHKA, MAUSTAMATON, KERMARAHKA, RASVAA 10 %	CREAM QUARK, 10% FAT
PANTRY	RAHKA, MAITORAHKA, MAUSTAMATON, RASVAA 2,3 %, VL	QUARK, 2,3% FAT, LOW-LACTOSE
PANTRY	SKYR, MAUSTAMATON, RASVAA 4 %	SKYR, PLAIN, 4% FAT
PANTRY	RAHKA, MAUSTETTU, RASVAA 8,8 %, MINTTU-SUKLAA, VALIO, LAKTOOSITON	QUARK, FLAVOURED, 8.8% FAT, MINT CHOCOLATE, VALIO, LACTOSE-FREE
PANTRY	RAHKA, MAUSTETTU, RASVAA 7 %, VL	QUARK, FLAVOURED, 7% FAT, LOW-LACTOSE
PANTRY	RAHKA, MAUSTETTU, PROFEEL PROTEIINIKERROSRAHKA, LAKTOOSITON	QUARK, FLAVOURED, PROFEEL PROTEIN QUARK WITH JAM, LACTOSE-FREE
PANTRY	RAHKA, MAUSTETTU, PROFEEL PROTEIINIRAHKA, KEINOTEK. MAKEUTETTU, LAKTOOSITON	QUARK, FLAVOURED, PROFEEL PROTEIN QUARK, ARTIFICIALLY SWEETENED, LACTOSE-FREE
PANTRY	RAHKAJUOMA	QUARK, DRINKABLE
PANTRY	RAHKA, MAUSTETTU, RASVAA 4,5 %	QUARK, FLAVOURED, 4.5% FAT
PANTRY	RAHKA, MAUSTETTU, ARLA PROTEIN PROTEIINIRAHKA, LAKTOOSITON	QUARK, FLAVOURED, ARLA PROTEIN QUARK, LACTOSE-FREE
PANTRY	RAHKA, MAITORAHKA, MAUSTAMATON, RASVAA 0,3 %, PROTEIINIA 12 %, LAKTOOSITON	QUARK, 0.3% FAT, 12% PROTEIN, LACTOSE-FREE
DAIRY	JOGURTTI, MAUSTETTU, VALIO SILEÄ, RASVAA 4,6 %, D-VITAMIINIA 1 UG, VL	YOGHURT, FLAVOURED, 4,6% FAT, VALIO SILEÄ, 1 UG VITAMIN D, LOW-LACTOSE
DAIRY	(ARC)JOGURTTI, A+ KREIKKALAINEN KERROSJOGURTTI, VALIO, RASVAA 2 %, LAKTOOSITON	(ARC) YOGHURT, FLAVOURED, VALIO A+ KREIKKALAINEN, 2% FAT, LACTOSE-FREE
DAIRY	JOGURTTI, JUOTAVA, RASVAA 1,7 %, VALIO PLAY, LAKTOOSITON, D-VIT 1,5 UG	YOGHURT, DRINKABLE, 1.7% FAT, VALIO PLAY, LACTOSE-FREE, 1.5 UG VITAMIN D
DAIRY	JOGURTTI, MAUSTETTU, RAHKAINEN JOGURTTI, VALIO, RASVAA 1,7 %, VL	YOGHURT WITH QUARK, FLAVOURED, VALIO, 1.7% FAT, LOW-LACTOSE
DAIRY	(ARC)JOGURTTI, JUOTAVA, VALIOJOGURTTI RAHKAINEN, RASVAA 1,2 %, VL, D-VIT 1 UG	(ARC)YOGHURT, DRINKABLE, VALIO YOGHURT WITH QUARK, 1.2% FAT, 1 UG VITAMIN D
DAIRY	(ARC)JOGURTTI, MAUSTETTU,VALIO OLO 70, RASVAA 0,8%, LAKTOOSIT., D-VIT 1UG, PROB.	(ARC)YOGHURT, FLAVOURED, VALIO OLO 70, 0.8% FAT, 1 UG VITAMIN D, PROBIOTICS
DAIRY	JOGURTTI, MAUSTAMATON, KREIKKALAINEN, RASVAA 7 %, LAKTOOSITON	YOGHURT, PLAIN, GREEK, 7% FAT, LACTOSE-FREE
DAIRY	VÄLIPALAJUOMA, GEFILUS TEHOSHOT, RASVATON, LAKTOOSITON, D-VIT. 1,5 UG, PROB.	GEFILUS DRINK, EFFECT DRINK, FAT-FREE, LACTOSE-FREE, VITAMIN D, PROBIOTICS
DAIRY	JOGURTTI, JUOTAVA, GEFILUS SMOOTHIE, RASVAA 1,4 %, LAKTOOSITON, D-VIT. 1,5 UG	YOGHURT, DRINKABLE, GEFILUS SMOOTHIE, 1.4% FAT, LACTOSE-FREE, 1 UG VITAMIN D
PANTRY	VÄLIPALAJUOMA, GEFILUS KEFIR, RASVAA 2 %, LAKTOOSITON, D-VIT 1 UG, PROBIOOTTEJA	GEFILUS KEFIR DRINK, 2% FAT, LACTOSE-FREE, 1 UG VITAMIN D, PROBIOTICS
PANTRY	VÄLIPALAJUOMA, GEFILUS KEFIR, MAUSTAMATON, RASVAA 2,5 %, EILA, D-VIT 1UG , PROB.	GEFILUS KEFIR DRINK, PLAIN, FAT 2.5%, 1 UG VITAMIN D, LACTOSE-FREE, PROBIOTICS
DAIRY	JOGURTTI, MAUSTETTU, RASVAA 2,7%, GEFILUS KEFIR, LAKTOOSITON, D-VIT 1 UG, PROB.	YOGHURT, FLAVOURED, 2.7% FAT, GEFILUS KEFIR, LACTOSE-FREE,1 UG VITAMIN D, PROB.
DAIRY	JOGURTTI, JUOTAVA, RASVAA 2 %, VALIO KREIKKALAINEN, LAKTOOSITON, D-VIT 1 UG	YOGHURT, DRINKABLE, 2% FAT, VALIO GREEK, LACTOSE-FREE, 1 UG VITAMIN D
DAIRY	JOGURTTI, MAUSTETTU, VALIO KREIKKALAINEN, RASVAA 4,7 %, LAKTOOSITON	YOGHURT, FLAVOURED, VALIO GREEK, 4.7% FAT, LACTOSE-FREE
DAIRY	JOGURTTI, MAUSTETTU, VALIO KREIKKALAINEN, RASVAA 6 %, LAKTOOSITON	YOGHURT, FLAVOURED, VALIO GREEK, 6% FAT, LACTOSE-FREE
DAIRY	JOGURTTI, MAUSTETTU, RASVAA 3,3%, VALIO HEDELMÄINEN, LAKTOOSITON	YOGHURT, FLAVOURED, 3.3% FAT, VALIO FRUITY, LACTOSE-FREE
DAIRY	JOGURTTI, MAUSTETTU, RASVAA 2 %, -30% SOKERIA, LUOMU, LAKTOOSITON	YOGHURT, FLAVOURED, 2% FAT, -30% SUGAR, ORGANIC, LACTOSE-FREE
DAIRY	JOGURTTI, MAUSTETTU, RASVAA 2 %, -50% SOKERIA, LUOMU, LAKTOOSITON	YOGHURT, FLAVOURED, 2% FAT, -50% SUGAR, ORGANIC, LACTOSE-FREE
DAIRY	JOGURTTI, MAUSTAMATON, A+, RASVAA 2,5 %, LAKTOOSITON, D-VIT 1 UG	YOGHURT, PLAIN, A+, FAT 2.5%, LACTOSE-FREE, 1 UG VITAMIN D
DAIRY	JOGURTTI, MAUSTETTU, A+ LISÄAINEETON JOGURTTI, RASVAA 3 %, LAKTOOSITON	YOGHURT, FLAVOURED, A+ WITHOUT ADDITIVES, 3% FAT, LACTOSE-FREE
DAIRY	JOGURTTI, MAUSTAMATON, A+ KREIKKALAINEN, RASVAA 2 %, LAKTOOSITON, D-VIT 0,8 UG	YOGHURT, PLAIN, A+ GREEK, 2 % FAT, LACTOSE-FREE, 0.8 UG VITAMIN D
DAIRY	JOGURTTI, TURKKILAINEN/KREIKKALAINEN, RASVAA 10 %, LAKTOOSITON	YOGHURT, TURKISH/GREEK, 10% FAT, LACTOSE-FREE
DAIRY	JOGURTTI, MAUSTAMATON, RASVAA 2,5 %, LUOMU, LAKTOOSITON	YOGHURT, PLAIN, 2,5 % FAT, ORGANIC, LACTOSE-FREE
DAIRY	JOGURTTI, IHANA RAHKAISA JOGURTTI, ARLA, RASVAA 1,4%, 0,4 UG D-VIT., LAKTOOSITON	YOGHURT WITH QUARK, FLAVOURED, ARLA, 1.4% FAT, 0,4 UG VITAMIN D, LACTOSE-FREE
DAIRY	JOGURTTI, MAUSTAMATON, LUOMU, RASVAA 3 %	YOGHURT, PLAIN, ORGANIC, 3% FAT
DAIRY	JOGURTTI, MAUSTETTU, RASVAA 2%, ARLA LUONTO+ HUNAJA, D-VIT 1UG, PROB, LAKTOOSIT.	YOGHURT, FLAVOURED, 2% FAT, ARLA LUONTO+ HONEY, 1UG VITAMIN D, PROB,LACTOSE-FREE
DAIRY	JOGURTTI, MAUSTETTU, RASVAA 2 %, ARLA LUONTO+, D-VIT 1 UG, AB, LAKTOOSITON	YOGHURT, FLAVOURED, 2% FAT, ARLA LUONTO+, 1 UG VITAMIN D, AB, LACTOSE-FREE
DAIRY	JOGURTTI, MAUSTETTU, RASVAA 1,9%, ARLA LUONTO+, 0,8UG D-VIT., PROB., LAKTOOSITON	YOGHURT, FLAVOURED, 1,9% FAT, ARLA LUONTO+, 0,8UG VITAMIN D, PROB., LACTOSE-FREE
DAIRY	JOGURTTI, LUONTO+ RAHKAJOGURTTI, ARLA, RASVAA 1,2%, AB, 0,5 UG D-VIT, LAKTOOSIT.	YOGHURT WITH QUARK, FLAVOURED, LUONTO+, 1.2% FAT, AB, 0,5 UG VIT D, LACTOSE-FREE
DAIRY	(ARC)JOGURTTI,MAUSTAMATON,LUONTO+RAHKA-,RASVAA 1,4%, 0,6UG D-VIT, AB, LAKTOOSIT.	(ARC)YOGHURT WITH QUARK, PLAIN, ARLA LUONTO+, 1.4% FAT, VIT D, AB, LACTOSE-FREE
DAIRY	JOGURTTI, MAUSTETTU, LUONTO+, RASVATON, D-VIT 1 UG, AB, LAKTOOSITON	YOGHURT, FLAVOURED, LUONTO+, FAT-FREE, 1 UG VITAMIN D, AB, LACTOSE-FREE
DAIRY	JOGURTTI, MAUSTETTU, RASVATON, VL	YOGHURT, FLAVOURED, FAT-FREE, LOW-LACTOSE
DAIRY	JOGURTTI, MAUSTETTU, ARLA PROTEIN, RASVAA 1 %, LAKTOOSITON	YOGHURT, FLAVOURED, ARLA PROTEIN, 1% FAT, LACTOSE-FREE
DAIRY	(ARC) JOGURTTI, MAUSTAMATON, ARLA PROTEIN, RASVAA 1 %, LAKTOOSITON	(ARC)YOGHURT, PLAIN, ARLA PROTEIN, 1% FAT, LACTOSE-FREE
DAIRY	JOGURTTI, MAUSTETTU, ARLA PROTEIN JOGURTTIKOMBO, RASVAA N. 4 %, LAKTOOSITON	YOGHURT, FLAVOURED, ARLA PROTEIN  WITH GRANOLA, 4% FAT, LACTOSE-FREE
PANTRY	RAHKA, MAUSTETTU, RASVATON, KEINOTEKOISESTI MAKEUTETTU, LAKTOOSITON	QUARK, FLAVOURED, FAT-FREE, ARTIFICIALLY SWEETENED, LACTOSE-FREE
DAIRY	JOGURTTI, JUOTAVA, RASVATON, KEINOTEKOISESTI MAKEUTETTU	YOGHURT, DRINKABLE, FAT-FREE, ARTIFICIALLY SWEETENED
DAIRY	KANANMUNA, KUORETON, LUOMU	EGG, WITHOUT SHELL, ORGANIC
DAIRY	JOGURTTI, MAUSTETTU, ACTIVIA KEVYT, RASVATON, OSITTAIN KEINOT. MAKEUTETTU, PROB.	YOGHURT, FLAVOURED, ACTIVIA LIGHT, FAT-FREE, PARTIALLY ARTIFIC. SWEETENED, PROB.
DAIRY	JOGURTTI, JUOTAVA, DANUP DRINK, RASVAA 0,8%	YOGHURT, DRINKABLE, DANUP DRINK, 0.8% FAT
PANTRY	RAHKA, MAUSTETTU, RASVAA 4 %	QUARK, FLAVOURED, 4% FAT
PANTRY	RAHKA, MAUSTETTU, RASVATON, PROTEIINIRAHKA, VL	QUARK, FLAVOURED, FAT-FREE, PROTEIN QUARK, LOW-LACTOSE
DAIRY	JOGURTTI, MAUSTAMATON, RASVAA 4 %, LAKTOOSITON, PROBIOOTTEJA	YOGHURT, PLAIN, 4% FAT, LACTOSE-FREE, PROBIOTICS
DAIRY	JOGURTTI, MAUSTETTU, RASVAA 2 %, LAKTOOSITON	YOGHURT, FLAVOURED, 2% FAT, LACTOSE-FREE
DAIRY	JOGURTTI, MAUSTETTU, RASVAA 3,5 %, PROBIOOTTEJA	YOGHURT, FLAVOURED, 3.5% FAT, PROBIOTICS
DAIRY	JOGURTTI, MAUSTETTU, RASVAA 2 %, AB, VL	YOGHURT, FLAVOURED, 2% FAT, AB, LOW-LACTOSE
PANTRY	SIEMENSEKOITUS	SEED BLEND
DAIRY	JOGURTTI, MAUSTETTU, RASVATON, VL, D-VIT 1 UG	YOGHURT, FLAVOURED, FAT-FREE, LOW-LACTOSE, 1 UG VITAMIN D
FRUITS_VEGETABLES	PASSIONHEDELMÄ	PASSION FRUIT
FRUITS_VEGETABLES	KOOKOSVESI, MAKEUTTAMATON	COCONUT WATER, UNSWEETENED
FRUITS_VEGETABLES	PAPAIJA, KUORITTU	PAPAYA, WITHOUT SKIN
PANTRY	MAKARONI, TÄYSJYVÄ	MACARONI, DARK, WHOLE WHEAT AND DARK WHEAT FLOUR
DAIRY	MAITO, TÄYSMAITO, RASVAA 3 %, LAKTOOSITON MAITOJUOMA, EI LISÄTTY D-VITAMIINIA	MILK, 3% FAT, LACTOSE-FREE, NO ADDED VITAMIN D
FRUITS_VEGETABLES	MANTELIJUOMA, MAKEUTTAMATON, ALPRO	ALMOND DRINK, UNSWEETENED, ALRPO
PANTRY	PAPU, HÄRKÄPAPU, KUIVATTU, HÄRKÄPAPUROUHE	BEAN, BROAD BEAN, FAVA BEAN, DRY, BROAD BEAN GROATS
DAIRY	TUOREJUUSTO, MASCARPONE, RASVAA 38 %	CREAM CHEESE, MASCARPONE, 38% FAT
DAIRY	TUOREJUUSTO, RASVAA 15 %, MAUSTAMATON, LAKTOOSITON	CREAM CHEESE, LOW-FAT, 15% FAT, PLAIN, LACTOSE-FREE
DAIRY	TUOREJUUSTO, RASVAA 25 %, MAUSTAMATON, LAKTOOSITON	CREAM CHEESE, LOW-FAT, 25% FAT, PLAIN, LACTOSE-FREE
DAIRY	TUOREJUUSTO, RASVAA 20 %, MAUSTAMATON	CREAM CHEESE, LOW-FAT, 20% FAT, PLAIN
DAIRY	JOGURTTI, JUOTAVA, BENECOL TEHOJUOMA AURINKOINEN, RASVAA 2,1 %, KASVISTANOLEJA	YOGHURT, DRINKABLE, BENECOL AURINKOINEN, 2,1% FAT, PLANT STANOLS
DAIRY	JOGURTTI, JUOTAVA, BENECOL TEHOJUOMA, RASVAA 2,1 %, KASVISTANOLEJA	YOGHURT, DRINKABLE, BENECOL, 2,1% FAT, PLANT STANOLS
DAIRY	SOIJAVÄLIPALA, JUOTAVA, BENECOL TEHOJUOMA, RASVAA 2,9 %, KASVISTANOLIA	SOY PRODUCT, DRINKABLE, BENECOL, 2.9% FAT, WITH PLANT STANOL
PANTRY	MAKEINEN, SALMIAKKIPASTILLI, SOKERITON	SALTY LIQOURICE PASTILLE, UNSWEETENED
PANTRY	MAKEUTUSAINE, HERMESETAS GOLD, SAKARIINIA, ASPARTAAMIA JA SYKLAMAATTIA	SWEETENER, HERMESETAS GOLD, SACCHARIN, ASPARTAME AND CYCLAMATE BLEND
PANTRY	MAKEUTUSAINE, HERMESETAS LIQUID, SAKARIINI JA SYKLAMAATTI, NESTEMÄINEN	SWEETENER, HERMESETAS LIQUID, SACCHARIN AND CYCLAMATE BLEND
PANTRY	SUKLAAKONVEHTI, SUKLAATÄYTE	CHOCOLATE CONFECTION FILLED WITH CHOCOLATE
FRUITS_VEGETABLES	TÄYSMEHU, PUOLUKKATÄYSMEHU	LINGONBERRY JUICE, UNSWEETENED
FRUITS_VEGETABLES	SOIJAJUOMA, ALPRO SOYA VANILLA, KALSIUMIA JA VITAMIINEJA	SOYA DRINK, APLRO SOYA VANILLA, CALCIUM, VITAMINS
DAIRY	JUUSTO, POLAR 15 % RASVAA, VÄHEMMÄN SUOLAA, VALIO	CHEESE, SEMI-HARD CHEESE, 15% FAT, LOW-SODIUM, VALIO POLAR
FRUITS_VEGETABLES	MANTELIJUOMA, MAKEUTETTU, ALPRO	ALMOND DRINK, SWEETENED, ALRPO
FRUITS_VEGETABLES	KOOKOSJUOMA, KOOKOSPÄHKINÄJUOMA, VITAMINOITU, ALPRO	COCONUT DRINK, ADDED VITAMINS
FRUITS_VEGETABLES	HASSELPÄHKINÄJUOMA, VITAMINOITU, ALPRO	HAZELNUT DRINK, ADDED VITAMINS
PANTRY	CHIANSIEMEN	CHIA SEED
MEAT_FISH	KILOHAILI, TUORE	EUROPEAN SPRAT
DAIRY	MAITO, RASVATON, VALIO PROFEEL VOIMAMAITOJUOMA, D-VITAMIINIA 1 UG, LAKTOOSITON	MILK, 0% FAT, VALIO PROFEEL VOIMAMAITOJUOMA, 1 UG ADDED VITAMIN D, LACTOSE-FREE
PANTRY	PÄHKINÄSEKOITUS, SUOLATON, PAAHDETTU	NUT MIX, WITHOUT SALT, ROASTED
FRUITS_VEGETABLES	KAURAJUOMA, OATLY IKAFFE, LISÄTTY KALSIUMIA JA VITAMIINEJA	OAT DRINK WITHOUT MILK, OATLY IKAFFE, CALCIUM, VITAMINS
PANTRY	HÄRKIS, HÄRKÄPAPUVALMISTE	HÄRKIS, BROAD BEAN PRODUCT
DAIRY	MIFU, PAISTETTAVA RUOKARAE, LAKTOOSITON	MIFU, LACTOSE-FREE MILK PROTEIN PRODUCT
PANTRY	RIISI-OHRASEOS	RICE AND BARLEY MIX
PANTRY	RIISI-RUISSEOS	RICE AND RYE MIX
PANTRY	NYHTÖKAURA, MAUSTAMATON, NUDE	PULLED OATS
PANTRY	RASVASEOS 60 %, BENECOL VOI & RYPSI	BLENDED SPREAD 60%, BENECOL VOI & RYPSI
PANTRY	RASVASEOSLEVITE 70 %, BECEL VOI & KASVIÖLJYT	BLENDED SPREAD 70%, BECEL VOI & KASVIÖLJYT
PANTRY	RASVASEOSLEVITE 70 %, FLORA & VOI NORMAALISUOLAINEN	BLENDED SPREAD 70%, FLORA & VOI, NORMALLY SALTED
FRUITS_VEGETABLES	KASVIRASVALEVITE 39 %, LÄTTA ORIGINAL	VEGETABLE FAT SPREAD 39 %, LÄTTA ORIGINAL
PANTRY	RASVASEOSLEVITE 70 %, CREME BONJOUR VOI & RYPSIÖLJY, NORMAALISUOLAINEN	BLENDED SPREAD 70%, CREME BONJOUR VOI & RYPSIÖLJY, NORMALLY SALTED
FRUITS_VEGETABLES	KASVIRASVALEVITE 75 %, KEIJU RYPSI	VEGETABLE FAT SPREAD 75 %, KEIJU RYPSI
FRUITS_VEGETABLES	KASVIRASVALEVITE 55 %, KEIJU RYPSI	VEGETABLE FAT SPREAD 55 %, KEIJU RYPSI
FRUITS_VEGETABLES	MARGARIINI 60 %, KEIJU ALENTAJA	MARGARINE 60%, KEIJU ALENTAJA
PANTRY	RASVASEOSLEVITE 75 %, INGMARIINI, NORMAALISUOLAINEN, LAKTOOSITON	BLENDED SPREAD 75%, INGMARIINI, NORMALLY SALTED, LACTOSE-FREE
PANTRY	RASVASEOSLEVITE 72 %, OIVARIINI, PEHMEÄSTI LEVITTYVÄ, VL	BLENDED SPREAD 72%, OIVARIINI, NORMALLY SALTED, LOW-LACTOSE, SOFT
PANTRY	(ARC)RASVASEOS 40%, VALIO BETTER RAHKARIINI, VL	(ARC)BLEND 40%, VALIO BETTER RAHKARIINI, LOW-LACTOSE
BREAD_GRAINS	KAURAKUITUNEN, KAURAROUHE	OAT, COARSE-GROUND OAT, KAURAKUITUNEN
FRUITS_VEGETABLES	OLIIVI, KESKIARVO, KIVETÖN, SUOLALIEMESSÄ, VIHREÄ	OLIVE, AVERAGE, WITHOUT STONE, IN BRINE, GREEN
DAIRY	SOIJAVÄLIPALA, ALPRO GO ON, HAPATETTU, MAUSTAMATON, RASVAA 3,6 %	SOY PRODUCT, ALPRO GO ON, SOURED, PLAIN, FAT 3.6%
DAIRY	SOIJAVÄLIPALA, ALPRO GO ON, HAPATETTU, MAUSTETTU, RASVAA 2,9 %	SOY PRODUCT, ALPRO GO ON, SOURED, FLAVOURED, FAT 2,9%
DAIRY	JUUSTO, POLAR, 20 % RASVAA, VALIO	CHEESE, POLAR, 20% FAT
PANTRY	HERAPROTEIINIKONSENTRAATTI	WHEY PROTEIN CONCENTRATE
DAIRY	KAAKAOJUOMA, VALIO PLAY MAITOKAAKAOJUOMA, LAKTOOSITON	CHOCOLATE MILK, COLD, VALIO PLAY, LACTOSE-FREE
DAIRY	KAHVIJUOMA, KYLMÄ, MAITOKAHVIJUOMA, D-VITAMIINIA, LAKTOOSITON	COFFEE DRINK, COLD, COFFEE WITH MILK, VITAMIN D, LACTOSE-FREE
DAIRY	KAHVIJUOMA, KYLMÄ, MAITOKAHVIJUOMA, RASVAA 1,8 %, LAKTOOSITON	COFFEE BEVERAGE, ICED COFFEE, 1.8% FAT, LACTOSE-FREE
DRINKS	KIVENNÄISVESI, MEHU-KIVENNÄISVESI	MINERAL WATER WITH JUICE
DRINKS	VITAMIINIVESI, VITAMIN WELL, FRUKTOOSIA	VITAMIN WATER, VITAMIN WELL, SWEETENED WITH FRUCTOSE
PANTRY	ATERIANKORVIKE, HERAPROTEIINIJAUHE, 74 % PROTEIINIA	MEAL REPLACEMENT, WHEY PROTEIN POWDER, 74% PROTEIN
MEAT_FISH	ATERIANKORVIKE, HERAPROTEIINIJAUHE, 85 % PROTEIINIA	MEAL REPLACEMENT, WHEY PROTEIN POWDER, 85% PROTEIN
MEAT_FISH	ATERIANKORVIKE, PROTEIINIPATUKKA, KESKIARVO, N. 20 % PROTEIINIA	MEAL REPLACEMENT, PROTEIN BAR, AVERAGE, C. 20% PROTEIN
PANTRY	ATERIANKORVIKE, SOIJAPROTEIINIJAUHE, N. 80 % PROTEIINIA	MEAL REPLACEMENT, SOY PROTEIN POWDER, C. 80% PROTEIN
MEAT_FISH	ATERIANKORVIKE, HERAPROTEIINIJAUHE, N. 90 % PROTEIINIA	MEAL REPLACEMENT, WHEY PROTEIN POWDER, C. 90% PROTEIN
DAIRY	PROFEEL PROTEIINIJUOMA, SOKEROIMATON, VALIO, D-VITAMIINIA 1 UG	PROFEEL PROTEIN DRINK, SUGAR-FREE, VALIO, 1 UG VITAMIN D
PANTRY	URHEILUJUOMA, PALAUTUSJUOMA, GAINOMAX	SPORT BEVERAGE, RECOVERY DRINK, GAINOMAX
PANTRY	URHEILUJUOMA, PROTEIINIJUOMA, PROTEIN SHAKE, FAST	SPORT BEVERAGE, PROTEIN DRINK, PROTEIN SHAKE, FAST
PANTRY	VOI, LAKTOOSITON, VÄHÄSUOLAINEN	BUTTER LACTOSE-FREE, LOW SODIUM
PANTRY	URHEILUJUOMA, PROTEIINIJUOMA, PROTEIN SMOOTHIE, FAST	SPORT BEVERAGE, PROTEIN DRINK, PROTEIN SMOOTHIE, FAST
MEAT_FISH	ATERIANKORVIKE, HERAPROTEIINIVÄLIPALAJAUHE, PROFEEL, 44 % PROTEIINIA	MEAL REPLACEMENT, WHEY PROTEIN POWDER, PROFEEL, 44% PROTEIN
PANTRY	URHEILUJUOMA, PROTEIINIJUOMA, RASVAA 1,6 %	SPORT BEVERAGE, PROTEIN DRINK, 1,6% FAT
PANTRY	VÄLIPALAPATUKKA, RAAKAPATUKKA, BARE BAR, VILJATON	SNACK BAR, DATE BAR WITH NUTS, BARE BAR
PANTRY	KASVIÖLJYVALMISTE, JUOKSEVA, 70 %, KESKIARVO	MARGARINE 70%, FLUID
PANTRY	ATERIANKORVIKE, PROTEIINIPATUKKA, 30 % PROTEIINIA, KUITUA, SOFT BAR	MEAL REPLACEMENT, PROTEIN BAR, C. 30% PROTEIN, FIBRE, SOFT BAR
FRUITS_VEGETABLES	MARGARIINI 60 %, RAINBOW/PIRKKA/X-TRA, LAKTOOSITON	MARGARINE 60%, RAINBOW/PIRKKA,/X-TRA, LACTOSE FREE
FRUITS_VEGETABLES	MARGARIINI 60 %, PIRKKA, SUOLAINEN	MARGARINE 60%, PIRKKA, HIGH SODIUM
MEAT_FISH	ATERIANKORVIKE, ENERGIAPATUKKA, VITAMINOITU, KESKIARVO	MEAL REPLACEMENT, ENERGY BAR, VITAMINS, AVERAGE
MEAT_FISH	ATERIANKORVIKE, PROTEIINIPATUKKA, KESKIARVO, N. 40 % PROTEIINIA	MEAL REPLACEMENT, PROTEIN BAR, AVERAGE, C. 40% PROTEIN
MEAT_FISH	ATERIANKORVIKE, HERAPROTEIINIJAUHE, N. 40 % PROTEIINIA	MEAL REPLACEMENT, WHEY PROTEIN POWDER, C. 40% PROTEIN
PANTRY	TEE, INKIVÄÄRIJUOMA, INKIVÄÄRITEE, KOTITEKOINEN	GINGER TEA, GINGER DRINK, HOMEMADE
PANTRY	AROMIRUISMALLAS, VAALEA MALLAS	AROMA RYE MALT
DRINKS	KIVENNÄISVESI, NOVELLE PLUS, MULTI B + C, FRUKTOOSIA, HARTWALL	MINERAL WATER, NOVELLE PLUS, ADDED VITAMIN B AND C, SWEETENED WITH FRUCTOSE
DRINKS	KIVENNÄISVESI, NOVELLE PLUS, C- JA E-VITAMIINIA, SOKERIA, HARTWALL	MINERAL WATER, NOVELLE PLUS, ADDED VITAMIN C AND E, SWEETENED WITH SUGAR
DRINKS	KIVENNÄISVESI, NOVELLE PLUS, KROMI JA SINKKI, SOKERIA, HARTWALL	MINERAL WATER, NOVELLE PLUS, ADDED CHROMIUM AND ZINC, SWEETENED WITH SUGAR
FROZEN	JÄÄTELÖ, ELOVENA VÄLIPALAJÄÄTELÖ	ICE CREAM WITH BISCUIT, ELOVENA ICE CREAM SNACK
BREAD_GRAINS	NELJÄN VILJAN HIUTALE, GLUTEENITON	4-GRAIN FLAKES, GLUTEN FREE
PANTRY	RAHKA, MAUSTAMATON, KERMARAHKA, RASVAA 4,3 %	CREAM QUARK, 4.3% FAT
PANTRY	PIIMÄ, GEFILUS MUSTIKKA/MANGOPIIMÄ, VL, D-VIT 1 UG	SOUR MILK, GEFILUS BLUEBERRY/MANGO, LOW-LACTOSE, 1 UG VITAMIN D
PANTRY	HÄRKISPIHVI, KYPSÄ HÄRKÄPAPUPIHVI, VERSO FOOD	HÄRKIS CUTLET, VERSO FOOD
DAIRY	KAURAVALMISTE, HAPATETTU, MAUSTAMATON, YOSA GREEK STYLE, PROBIOOTTEJA	OAT PRODUCT, FERMENTED OAT, YOSA GREEK STYLE, PROBIOTICS
DAIRY	KAURAVALMISTE, HAPATETTU, MAUSTETTU, YOSA SPORT, KESKIARVO, PROBIOOTTEJA	OAT PRODUCT, FERMENTED OAT, FLAVOURED, YOSA SPORT, AVERAGE, PROBIOTICS
FRUITS_VEGETABLES	CASHEWPÄHKINÄJUOMA, MAKEUTTAMATON, GOGREEN	CASHEW NUT DRINK, UNSWEETENED, GOGREEN
PANTRY	MEHU, MEHUJUOMA, VALIO HÖRPPY	JUICE DRINK, FRUIT, BERRY, CONTAINS SUGAR, VALIO HÖRPPY
DRINKS	VIRKISTYSJUOMA, VITAMINOITU, KEINOTEKOISESTI MAKEUTETTU, CELSIUS	FITNESS DRINK WITH ADDED VITAMINS, ARTIFICIALLY SWEETENED, CELSIUS
DAIRY	KASVISLEVITE, RASVAA 20 %, OATLY PÅMACKAN	OAT SPREAD, 20 % FAT, OATLY PÅMACKAN
MEAT_FISH	ATERIANKORVIKE, PROTEIINIVÄLIPALA, KAURA PRO	MEAL REPLACEMENT, PROTEIN POWDER, OAT BRAN, KAURA PRO
PANTRY	RASVASEOSLEVITE 70 %, KEIJU JUHLA	BLENDED SPREAD 70%, KEIJU JUHLA
PANTRY	SOKERI, STEVIASOKERI	SUGAR, STEVIA SUGAR
PANTRY	HAMPUNSIEMEN, KUORITTU	HEMP SEED, WITHOUT HULL
PANTRY	UNIKONSIEMEN, KOKONAINEN	POPPY SEED
PANTRY	MAKEUTUSAINE, SYKLAMAATTI, MAKONEN	SWEETENER, CYCLAMATE
PANTRY	MAKEUTUSAINE, RAINBOW, ASPARTAAMI JA ASESULFAAMI-K, PURISTE	SWEETENER, ASPARTAM, ACESULFAME K
PANTRY	MAKEUTUSAINE, CANDEREL, ASPARTAAMI JA ASESULFAAMI-K, JAUHE	SWEETENER, CANDEREL, ASPARTAM AND ACESULFAME-K, POWDER
PANTRY	RIISI-KVINOA-MONIVILJASEOS	RICE, QUINOA AND MULTIGRAIN MIX
PANTRY	KAHVI, ESPRESSOKAHVIJUOMA	ESPRESSO COFFEE DRINK
PANTRY	KARPPISOKERI, ERYTRITOLI	ERYTHRITOL
MEAT_FISH	ATERIANKORVIKE, KEITTOJAUHE, CAMBRIDGE	MEAL REPLACEMENT, SOUP POWDER, CAMBRIDGE
MEAT_FISH	ATERIANKORVIKE, SPAGHETTI BOLOGNESE, JAUHE, CAMBRIDGE	MEAL REPLACEMENT, SPAGHETTI BOLOGNESE, POWDER, CAMBRIDGE
MEAT_FISH	ATERIANKORVIKE, PROTEIINIPATUKKA, CRANBERRY CRUNCH, CAMBRIDGE	MEAL REPLACEMENT, PROTEIN BAR, CRANBERRY CRUNCH, CAMBRIDGE
MEAT_FISH	PORONLIHA, KUIVATTU	REINDEER, DRIED
MEAT_FISH	NAUDANPAISTI, KUIVATTU	BEEF ROUND, DRIED
MEAT_FISH	LIHA, KUIVATTU, KESKIARVO	DRIED MEAT, AVERAGE
PANTRY	PELLAVANSIEMENROUHE, PAAHDETTU, VALO24	LINSEED, CRUSHED, ROASTED, VALO24
PANTRY	RUOKASUOLA, KESKIARVO, JODIOITU 50% JA JODIOIMATON 50%	SALT, AVERAGE
PANTRY	PAISTOÖLJY UPPO- JA PINTAPAISTOON, KULTASULA PAISTOÖLJY	OIL FOR FRYING AND  DEEP FAT FRYING, KULTASULA PAISTOÖLJY
PANTRY	KAKKU- JA TAIKINAMARGARIINI RAISA 5	MARGARINE USED IN CAKES RAISA 5
PANTRY	KARPALO, KUIVATTU, KARPALOJAUHE	CRANBERRY, DRIED, CRANBERRY POWDER
FRUITS_VEGETABLES	KANGASTATTI	VELVET BOLETE
FRUITS_VEGETABLES	LAMPAANKÄÄPÄ	FOREST LAMB MUSHROOM, SHEEP POLYPORE
FRUITS_VEGETABLES	PUNIKKITATTI	BOLETE
FRUITS_VEGETABLES	KUUSENKERKKÄ	SPRUCE BUD
FRUITS_VEGETABLES	MAITOHORSMA, VERSO	ROSEBAY WILLOW HERB OR FIREWEED, SHOOT
FRUITS_VEGETABLES	VOIKUKKA, LEHTI, VOIKUKAN LEHTI	DANDELION, LEAF
FRUITS_VEGETABLES	VOIKUKKA, NUPPU, VOIKUKAN NUPPU	DANDELION, BUD
FRUITS_VEGETABLES	VUOHENPUTKI, LEHTI	GOUTWEED, GROUND ELDER, HERB GERARD, LEAF
FRUITS_VEGETABLES	MUSTAHERUKKA, LEHTI, MUSTAHERUKAN LEHTI	BLACK CURRANT, LEAF
FRUITS_VEGETABLES	JUOLUKKA	BOG BILBERRY, BOG WHORTLEBERRY
FRUITS_VEGETABLES	MARJA-ARONIA	CHOKEBERRY
PANTRY	MARJA-ARONIA, KUIVATTU, MARJA-ARONIAJAUHE	CHOKEBERRY, DRIED, CHOKEBERRY POWDER
PANTRY	MUSTAHERUKANLEHTIUUTE, ALKOHOLITON KASVIGLYSERIINIUUTE, GROSELLERO	BLACK CURRANT LEAF EXTRACT, NON-ALCOHOLIC VEGETABLE GLYCERIN EXTRACT, GROSELLERO
PANTRY	MUSTAHERUKKA, KUIVATTU, MUSTAHERUKKAJAUHE	BLACK CURRANT, DRIED, BLACK CURRANT POWDER
FRUITS_VEGETABLES	MUSTIKKA, PENSASMUSTIKKA	BLUEBERRY
PANTRY	PIHLAJANMARJA, KUIVATTU, PIHLAJANMARJAJAUHE	ROWANBERRY, DRIED, ROWANBERRY POWDER
FRUITS_VEGETABLES	TÄYSMEHU, PIHLAJANMARJATÄYSMEHU	ROWANBERRY JUICE, WITHOUT SUGAR
PANTRY	PUOLUKKA, KUIVATTU, PUOLUKKAJAUHE	LINGONBERRY, DRIED, LINGONBERRY POWDER
PANTRY	TYRNIMARJA, KUIVATTU, TYRNIMARJAJAUHE	SEA BUCKTHORN, DRIED, SEA BUCKTHORN POWDER
FRUITS_VEGETABLES	TÄYSMEHU, TYRNITÄYSMEHU	SEA BUCKTHORN JUICE, WITHOUT SUGAR
FRUITS_VEGETABLES	VARIKSENMARJA	BLACK CROWBERRY
PANTRY	RASVASEOS 80 %, OIVARIINI JUOKSEVA, LAKTOOSITON	FAT BLEND 80 %, LIQUID FORM, OIVARIINI JUOKSEVA, LACTOSE-FREE
FRUITS_VEGETABLES	VOIKUKKA, NUPPU JA LEHTI, KESKIARVO	DANDELION, BUD AND LEAF, AVERAGE
FRUITS_VEGETABLES	VÄINÖNPUTKI	ANGELICA
FRUITS_VEGETABLES	SIANKÄRSÄMÖ	YARROW
FRUITS_VEGETABLES	MUSTATORVISIENI, KUIVATTU	HORN OF PLENTY, DRIED
FROZEN	MÄNNYNHERKKUTATTI, PAKASTE	PINE BOLETE, FROZEN
PANTRY	KATAJANMARJA	JUNIPER BERRY
PANTRY	NOKKONEN, LEHTI, KUIVATTU	NETTLE, LEAF, DRIED
PANTRY	TOFU, KOVA/KIINTEÄ, SOIJAVALMISTE	TOFU, FIRM, SOYA PRODUCT
PANTRY	PAPU, HÄRKÄPAPU, KUIVATTU, KEITETTY ILMAN SUOLAA	BEAN, BROAD BEAN, FAVA BEAN, DRIED, BOILED WITHOUT SALT
PANTRY	ELOVENA MURU KAURAJAUHIS	ELOVENA MURU, BROAD BEAN PRODUCT
DAIRY	KAURAVALMISTE, HAPATETTU,ODDLYGOOD KAURAPOHJAINEN GURTTI, MAUSTETTU, VITAMINOITU	VALIO ODDLYGOOD GURTTI, OAT PRODUCT, FLAVOURED
DAIRY	KAURAVALMISTE, HAPATETTU, ODDLYGOOD KAURAPOHJAINEN GURTTI, MAUSTAMATON, VITAMIN.	VALIO ODDLYGOOD GURTTI, OAT PRODUCT, UNFLAVOURED,  WITH VITAMINS
DAIRY	KAURAVALMISTE, HAPATETTU, OATLY HAVREGURT, MAUSTAMATON, VITAMINOITU	OATLY HAVREGURT, OAT PRODUCT, UNFLAVOURED,  WITH VITAMINS
PANTRY	PAPU, MUSTA, MUSTAPAPU, KUIVATTU	BEAN, BLACK BEAN, TURTLE BEAN, DRIED
DAIRY	KAURAVALMISTE, HAPATETTU, OATLY HAVREGURT, MAUSTETTU, VITAMINOITU	OATLY HAVREGURT, OAT PRODUCT, FLAVOURED,  WITH VITAMINS
PANTRY	PAPU, MUSTA, MUSTAPAPU, SUOLALIEMESSÄ, SÄILYKE	BEAN, BLACK BEAN, TURTLE BEAN, IN BRINE, CANNED
PANTRY	LIHALIEMI, LAIMENNETTU	MEAT BOUILLON
PANTRY	MAKARONI, TUMMA, KEITETTY, SUOLATON	MACARONI, DARK, BOILED WITHOUT SALT
BREAD_GRAINS	MURO, MAISSIHIUTALE, CORN FLAKES	BREAKFAST CEREAL, CORN FLAKES
PANTRY	RIISI, LUONNONRIISI RIISI-VILLIRIISISEOS, KEITETTY, SUOLATON	RICE, NATURAL RICE, MIXED RICE AND WILD RICE, BOILED WITHOUT SALT
PANTRY	PASTA, SPAGETTI, PINAATTISPAGETTI, KEITETTY, SUOLATON	PASTA, SPAGHETTI, SPINACH, BOILED WITHOUT SALT
PANTRY	MAKARONI, KEITETTY, ÖLJYÄ, SUOLATON	MACARONI, BOILED, OIL
PANTRY	PASTA, SPAGETTI, KEITETTY, ÖLJYÄ, SUOLATON	PASTA, SPAGHETTI, BOILED, OIL, WITHOUT SALT
PANTRY	KAURAMAKARONI, KEITETTY, SUOLATON	OAT MACARONI, BOILED, NO ADDED SALT
PANTRY	KAURAMAKARONI, KEITETTY, ÖLJYÄ, SUOLATON	OAT MACARONI, BOILED, ADDED OIL
FROZEN	PAKASTEKASVISSEKOITUS, KEITTOJUURES, PORKKANA, LANTTU, JUURISELLERI, PURJO	FROZEN VEGETABLE MIX, ROOT VEGETABLES, CARROT-SWEDE-CELERIAC-LEEK
FROZEN	PAKASTEKASVISSEKOITUS, HERNE-MAISSI-PAPRIKA	FROZEN VEGETABLE MIX, PEA-SWEET CORN-SWEET PEPPER
PANTRY	TUOREMEHUCAMPARI, KATKERODRINKKI	ORANGE CAMPARI, COCKTAIL
PANTRY	IRISH COFFEE KAHVIJUOMA, 8 TIL%	IRISH COFFEE, 8% VOLUME
PANTRY	VIINIGLÖGI	WINE, MULLED
PANTRY	BLOODY MARY TOMAATTIMEHUVODKA	BLOODY MARY
PANTRY	ROMMIKOLA	RUM COLA
PANTRY	SCREWDRIVER, TUOREMEHUVODKA	SCREWDRIVER
PANTRY	GIN TONIC, 4 TIL%	GIN TONIC
PANTRY	TOM COLLINS GINIDRINKKI	TOM COLLINS, GIN COCKTAIL
PANTRY	DRY MARTINI GINIDRINKKI	DRY MARTINI
PANTRY	MUNATOTI	EGGNOG
BREAD_GRAINS	RUISVELLI, VESI, RUISJAUHO, SUOLAA	RYE GRUEL, RYE FLOUR, WATER, SALT
BREAD_GRAINS	RUISVELLI, MEHU, RUISJAUHO, SUOLAA	RYE GRUEL, RYE FLOUR, JUICE, SALT
BREAD_GRAINS	RUISPUURO, VESI, RUISJAUHO, SUOLAA	RYE PORRIDGE, RYE FLOUR, WATER, SALT
BREAD_GRAINS	RUISPUURO, MAITO, RUISJAUHO, SUOLAA	RYE PORRIDGE, RYE FLOUR, MILK, SALT
BREAD_GRAINS	RUIS-PERUNAPUURO, VESI, SUOLAA	RYE POTATO PORRIDGE, WATER, SALT
BREAD_GRAINS	RUIS-MARJAPUURO, VESI, PUOLUKKA, SOKERI, SUOLAA	RYE BERRY PORRIDGE, WATER, LINGONBERRY, SUGAR, SALT
BREAD_GRAINS	RUISPUURO, RUISJAUHO, PUOLUKKA, SOKERITON, SUOLAA	RYE LINGONBERRY PORRIDGE, SALT, WITHOUT SUGAR
BREAD_GRAINS	RUISLEIPÄ, PERINTEINEN, VESI, TÄYSJYVÄRUISJAUHO	RYEBREAD, WATER, WHOLEGRAIN RYE FLOUR
BREAD_GRAINS	SEKALEIPÄ, HAPANIMELÄLEIPÄ, PIIMÄ, VEHNÄ-, RUISJAUHO	MULTIGRAIN BREAD, SWEET-AND-SOUR BREAD, SOUR MILK, WHEAT AND RYE FLOUR
BREAD_GRAINS	KARJALANPIIRAKKA, PERINTEINEN, VOIDELTU, RIISI, RUISVEHNÄKUORI	KARELIAN PASTY, RICE FILLING
BREAD_GRAINS	PERUNAPIIRAKKA, RUISKUORI	KARELIAN PASTY, POTATO FILLING, RYE CRUST
BREAD_GRAINS	MARJAPIIRAKKA, RUKIINEN, MARJASURVOS, RUISKUORI	BERRY PIE, CRUSHED BERRIES, RYE CRUST
BREAD_GRAINS	KEITINPIIRAKKA, RIISI, MUNA, RUISKUORI, SULHASPIIRAKKA	BOILED KARELIAN PASTY, RICE FILLING IN RYE CRUST
BREAD_GRAINS	LEIPÄPUURO, VESI, PUOLUKKA, MANNASUURIMO, RUISLEIPÄ, SOKERIA, SUOLAA	BREAD PORRIDGE, LINGONBERRIES, RYE BREAD, SEMOLINA
BREAD_GRAINS	MÄMMI	MÄMMI, SWEETENED MALT PORRIDGE, FINNISH EASTER PUDDING
BREAD_GRAINS	RUISVELLI, MAITO, RUISHIUTALE, SUOLAA	RYE GRUEL, RYE FLAKES, MILK, SALT
BREAD_GRAINS	RUISPUURO, VESI, RUISHIUTALE, SUOLAA	RYE PORRIDGE, RYE FLAKES, WATER, SALT
BREAD_GRAINS	RUISPUURO, MAITO, RUISHIUTALE, SUOLAA	RYE PORRIDGE, RYE FLAKES, MILK, SALT
BREAD_GRAINS	NELJÄNVILJANVELLI, MAITO, SUOLAA	MIXED FLAKE GRUEL, MILK, SALT
BREAD_GRAINS	NELJÄNVILJANPUURO, MAITO, SUOLAA	MIXED FLAKE PORRIDGE, MILK, SALT
PANTRY	VEHNÄTORTILLA, BURRITO, WRAP, KASVISTÄYTE	WHEAT TORTILLA, BURRITO, WRAP, VEGETABLE FILLING
BREAD_GRAINS	KRUSKAPUURO, ROUHEPUURO, RUSINA, VESI, SUOLAA	KRUSKA PORRIDGE, CRUSHED GRAINS AND RAISINS, WATER, SALT
PANTRY	VEHNÄTORTILLA, BURRITO, WRAP, JAUHELIHATÄYTE	WHEAT TORTILLA, BURRITO, WRAP, PORK BEEF MINCE FILLING
PANTRY	VEHNÄTORTILLA, BURRITO, WRAP, BROILERITÄYTE	WHEAT TORTILLA, BURRITO, WRAP, CHICKEN FILLING
BREAD_GRAINS	RUISLEIPÄ, RUISTA 51%	RYE BREAD, 51% RYE
BREAD_GRAINS	VAALEA LEIPÄ, PITALEIPÄ	WHITE BREAD, PITA BREAD
BREAD_GRAINS	VEHNÄVELLI, MAITO, VEHNÄJAUHO, SOKERIA, SUOLAA	WHEAT GRUEL, MILK, WHEAT FLOUR, SUGAR, SALT
BREAD_GRAINS	MUNAVELLI, MAITO, SOKERIA, SUOLAA	EGG GRUEL WITH MILK
BREAD_GRAINS	VEHNÄPUURO, KEVYTMAITO, VEHNÄJAUHO, SOKERI, SUOLAA	WHEAT PORRIDGE, LOW-FAT MILK, WHEAT FLOUR, SUGAR, SALT
BREAD_GRAINS	VAALEA LEIPÄ, RANSKANLEIPÄ, KEVYTMAITO, VEHNÄJAUHO	WHITE BREAD, FRENCH BREAD, LOW-FAT MILK, WHEAT FLOUR
BREAD_GRAINS	VAALEA LEIPÄ, VEHNÄSÄMPYLÄ, KEVYTMAITO	WHITE BREAD, WHEAT ROLL, LOW-FAT MILK
BREAD_GRAINS	SEKALEIPÄ, RIESKA, KEVYTMAITO, VEHNÄ-, RUISJAUHO	MULTIGRAIN BREAD, FLATBREAD, LOW-FAT MILK, WHEAT AND RYE FLOUR
BREAD_GRAINS	VIINERI, KEVYTMAITO, RUNSASRASVAINEN, RASVAA 20 %	DANISH PASTRY, LOW-FAT MILK, 20% FAT
BREAD_GRAINS	MUNKKI, KEVYTMAITO, KOTITEKOINEN	DOUGHNUT, LOW-FAT MILK, HOME-MADE
BREAD_GRAINS	SOKERIRINKELI, KEVYTMAITO	BAGEL, SWEET, LOW-FAT MILK
BREAD_GRAINS	TORTTUPOHJA, SOKERITON	DOUGH, UNSWEETENED
BREAD_GRAINS	MARJAPIIRAKKA, PULLAPOHJA, KEVYTMAITO	BERRY PIE, BASIC SWEET DOUGH, LOW-FAT MILK
BREAD_GRAINS	MARJAPIIRAKKA, PULLAPOHJA, RASVATON MAITO	BERRY PIE, BASIC SWEET DOUGH, FAT-FREE MILK
BREAD_GRAINS	MARJAPIIRAKKA, PULLAPOHJA, TÄYSMAITO	BERRY PIE, BASIC SWEET DOUGH, WHOLE MILK
BREAD_GRAINS	HILLOPIIRAKKA, PULLAPOHJA, KEVYTMAITO	JAM PIE, BASIC SWEET DOUGH, LOW-FAT MILK
BREAD_GRAINS	HILLOPIIRAKKA, PULLAPOHJA, RASVATON MAITO	JAM PIE, BASIC SWEET DOUGH, FAT-FREE MILK
BREAD_GRAINS	OMENAPIIRAKKA, PULLAPOHJA, KEVYTMAITO	APPLE PIE, BASIC SWEET DOUGH, LOW-FAT MILK
BREAD_GRAINS	RAHKAPIIRAKKA, PULLAPOHJA, KEVYTMAITO	QUARK PIE, BASIC SWEET DOUGH, LOW-FAT MILK
BREAD_GRAINS	MARJAPIIRAKKA, MUROPOHJA	BERRY PIE, SHORTBREAD CRUST
BREAD_GRAINS	MARJAPIIRAKKA, MUROPOHJA, KERMAVIILITÄYTE	BERRY PIE WITH SOUR MILK, SHORTBREAD CRUST
BREAD_GRAINS	HILLOPIIRAKKA, MUROPOHJA	JAM PIE, SHORTBREAD CRUST
BREAD_GRAINS	RAPARPERIPIIRAKKA, MUROPOHJA	RHUBARB PIE, SHORTBREAD CRUST
BREAD_GRAINS	OMENAPIIRAKKA, MUROPOHJA	APPLE PIE, SHORTBREAD CRUST
BREAD_GRAINS	RAHKAPIIRAKKA, MUROPOHJA	QUARK PIE, SHORTBREAD CRUST
BREAD_GRAINS	OMENA-RAHKAPIIRAKKA, MUROPOHJA	APPLE PIE WITH QUARK FILLING, SHORTBREAD CRUST
BREAD_GRAINS	KÄÄRETORTUN/TÄYTEKAKUN POHJA, SOKERITON	SWISS ROLL DOUGH, UNSWEETENED
BREAD_GRAINS	KUIVAKAKKU, TOSCAKAKKU	TOSCA CAKE
BREAD_GRAINS	TÄYTEKAKKU, MARJA-KERMAKAKKU	SPONGE CAKE, BERRY AND CREAM FILLING
BREAD_GRAINS	TÄYTEKAKKU, KINUSKI-KERMAKAKKU	SPONGE CAKE, CARAMEL CAKE WITH WHIPPED CREAM
BREAD_GRAINS	TÄYTEKAKKU, KREEMITÄYTEKAKKU	SPONGE CAKE WITH CUSTARD
BREAD_GRAINS	TÄYTEKAKKU, HEDELMÄ-KERMAKAKKU, LIIVATEKUORRUTUS	SPONGE CAKE, FRUIT AND CREAM FILLING, GELATIN TOPPING
BREAD_GRAINS	PORKKANAPIIRAKKA, VOITAIKINA	CARROT PIE, BUTTER DOUGH
BREAD_GRAINS	SIENIPIIRAKKA, VOITAIKINA	MUSHROOM PIE, BUTTER DOUGH
BREAD_GRAINS	KASVISPIIRAKKA, KASVIKSIA, JUUSTOA, MUROPOHJA	VEGETARIAN PIE, SHORTCRUST PASTRY
PANTRY	OHUKAINEN, KEVYTMAITO	THIN PANCAKE, LOW-FAT MILK
PANTRY	BLINI, KEVYTMAITO, OHRAJAUHO	BLIN WITH LOW-FAT MILK, BARLEY FLOUR
PANTRY	PANNUKAKKU, KEVYTMAITO	OVEN-BAKED PANCAKE, LOW-FAT MILK
DAIRY	MAITOKASTIKE, VALKOKASTIKE, KEVYTMAITO, RASVA-JAUHOSUURUS	WHITE SAUCE, LOW-FAT MILK, THICKENED WITH FLOUR AND FAT
DAIRY	MAITOKASTIKE, VALKOKASTIKE, KEVYTMAITO, JAUHOSUURUS	WHITE SAUCE, LOW-FAT MILK, THICKENED WITH FLOUR
PANTRY	VAALEA KASTIKE, LIHALIEMI, JAUHOSUURUS	SAUCE VELOUTE, MEAT BOUILLON, THICKENED WITH FLOUR
PANTRY	RUSKEA KASTIKE, RASVA-JAUHOSUURUS	BROWN GRAVY, THICKENED WITH FAT AND FLOUR
PANTRY	PAISTINKASTIKE, KERMA	THIN BROWN SAUCE WITH CREAM
PANTRY	HOLLANDAISEKASTIKE, RASVA, KELTUAINEN, VEHNÄJAUHO	HOLLANDAISE SAUCE
DAIRY	MUNAKASTIKE, KEVYTMAITO, RASVA-JAUHOSUURUS	EGG SAUCE, LOW-FAT MILK, THICKENED WITH FLOUR AND FAT
BREAD_GRAINS	VANUKAS, LUUMUVANUKAS	PUDDING, PRUNE PUDDING
BREAD_GRAINS	KÖYHÄT RITARIT, KEVYTMAITO, EI KERMAA, EI HILLOA	FRENCH TOAST WITH LOW-FAT MILK
BREAD_GRAINS	PAPPILAN HÄTÄVARA, KERMAA, HILLOA, PIKKULEIPÄÄ	COOKIE CRUMBS, WHIPPED CREAM AND JAM DESSERT, PAPPILAN HÄTÄVARA
BREAD_GRAINS	GRAHAMVELLI, MAITO, SUOLAA	GRAHAM GRUEL, MILK, SALT
BREAD_GRAINS	GRAHAMPUURO, VESI, SUOLAA	GRAHAM PORRIDGE, WATER, SALT
BREAD_GRAINS	GRAHAM-MARJAPUURO, VESI, PUOLUKKA, SOKERI, SUOLA	GRAHAM BERRY PORRIDGE, WATER, LINGONBERRY, SUGAR, SALT
BREAD_GRAINS	SEKALEIPÄ, GRAHAMLEIPÄ, KEVYTMAITO, GRAHAMJAUHO	MULTIGRAIN BREAD, GRAHAM BREAD, LOW-FAT MILK, GRAHAM FLOUR
BREAD_GRAINS	SEKALEIPÄ, GRAHAMSÄMPYLÄ, KEVYTMAITO, GRAHAM-, VEHNÄJAUHO	MULTIGRAIN BREAD, GRAHAM ROLL, LOW-FAT MILK, GRAHAM FLOUR, WHEAT FLOUR
BREAD_GRAINS	MANNAVELLI, MAITO, SUOLAA	SEMOLINA GRUEL, MILK, SALT
BREAD_GRAINS	MANNAPUURO, MAITO, SUOLAA	SEMOLINA PORRIDGE, MILK, SALT
BREAD_GRAINS	MANNAPUURO, VISPIPUURO, PUOLUKKA	SEMOLINA LINGONBERRY PORRIDGE, WHIPPED
BREAD_GRAINS	MANNAPUURO, VISPIPUURO, PUOLUKKA, SOKERITON, SUOLAA	SEMOLINA LINGONBERRY PORRIDGE, WHIPPED, SALT, WITHOUT SUGAR
BREAD_GRAINS	MANNAPUURO, VISPIPUURO, APRIKOOSI, SOKERI, SUOLATON	SEMOLINA APRICOT PORRIDGE, WHIPPED, WITHOUT SALT
BREAD_GRAINS	MANNAPUURO, MAITO, KAAKAOJAUHE, SOKERI, SUOLATON	SEMOLINA CHOCOLATE PORRIDGE, MILK, WITHOUT SALT
BREAD_GRAINS	MANNAVELLI, MAITO, TUMMA MANNASUURIMO, SUOLAA	SEMOLINA GRUEL, WHOLE GRAIN SEMOLINA, MILK
BREAD_GRAINS	MANNAPUURO, VESI, TUMMA MANNASUURIMO, SUOLAA	SEMOLINA PORRIDGE, WHOLE GRAIN SEMOLINA, WATER
BREAD_GRAINS	MANNAPUURO, MAITO, TUMMA MANNASUURIMO, SUOLAA	SEMOLINA PORRIDGE, WHOLE GRAIN SEMOLINA, MILK
BREAD_GRAINS	VEHNÄVELLI, MAITO, VEHNÄHIUTALE, SUOLAA	WHEAT GRUEL, MILK, WHEAT FLAKES, SALT
BREAD_GRAINS	VEHNÄVELLI, VESI, VEHNÄHIUTALE, SUOLAA	WHEAT GRUEL, WATER, WHEAT FLAKES, SALT
BREAD_GRAINS	VEHNÄPUURO, MAITO, VEHNÄHIUTALE, SUOLAA	WHEAT PORRIDGE, MILK, WHEAT FLAKES, SALT
BREAD_GRAINS	MAKARONIVELLI, MAITO, SUOLAA	MACARONI GRUEL, MILK, SALT
BREAD_GRAINS	MAKARONIPUURO, MAITO, SUOLAA	MACARONI PORRIDGE, MILK, SALT
PANTRY	MAKARONILAATIKKO, LIHATON, KEVYTMAITO	MACARONI CASSEROLE, LOW-FAT MILK, WITHOUT MEAT
PANTRY	MAKARONI, PAISTETTU	MACARONI, FRIED
BREAD_GRAINS	VAALEA LEIPÄ, HIIVALEIPÄ, VESI, HIIVALEIPÄJAUHO	WHITE BREAD, DARK WHEAT FLOUR, WATER
BREAD_GRAINS	SEKALEIPÄ, PIIMÄLIMPPU, PIIMÄ, VEHNÄ-, HIIVALEIPÄJAUHO	MULTIGRAIN BREAD, BUTTERMILK BREAD, SOUR MILK, WHEAT AND DARK WHEAT FLOUR
BREAD_GRAINS	SEKALEIPÄ, PORKKANASÄMPYLÄ, KEVYTMAITO, HIIVALEIPÄ-, SÄMPYLÄJAUHO	MULTIGRAIN BREAD, CARROT ROLL, LOW-FAT MILK, DARK WHEAT FLOUR, FLOUR MIX
BREAD_GRAINS	SEKALEIPÄ, SÄMPYLÄ, KEVYTMAITO, SÄMPYLÄJAUHO	MULTIGRAIN BREAD, BREAD ROLL, LOW-FAT MILK, FLOUR MIX
BREAD_GRAINS	MARJAPIIRAKKA, MURO/PULLAPOHJA, KESKIARVO	BERRY PIE, SHORTBREAD CRUST/BASIC SWEET DOUGH, AVERAGE
BREAD_GRAINS	PULLA, KORVAPUUSTI, RUNSASRASVAINEN, KEVYTMAITO	BUN, CINNAMON BUN, HIGH-FAT, LOW-FAT MILK
BREAD_GRAINS	VAALEA LEIPÄ, PATONKI/RANSKANLEIPÄ, VESI, VEHNÄJAUHO, TEOLLINEN	WHITE BREAD, WHEAT BREAD, FRENCH BREAD, INDUSTRIAL
BREAD_GRAINS	SEKALEIPÄ, TATTARILEIPÄ, VESI, TATTARIJAUHO, LUONTAISESTI GLUTEENITON	MULTIGRAIN BREAD, BUCKWHEAT BREAD, WATER, BUCKWHEAT FLOUR, NATURALLY GLUTEN-FREE
BREAD_GRAINS	KÄÄRETORTTU, GLUTEENITON	SWISS ROLL, GLUTEN-FREE
BREAD_GRAINS	RUISLEIPÄ, RUISHIIVALEIPÄ, VESI, RUIS-, HIIVALEIPÄJAUHO	RYE BREAD, WATER, RYE AND DARK WHEAT FLOUR
BREAD_GRAINS	RUISLEIPÄ, RUIS-, HIIVALEIPÄJAUHO, TEOLLINEN	RYE BREAD, WHOLEGRAIN RYE, DARK WHEAT FLOUR, INDUSTRIAL
BREAD_GRAINS	SEKALEIPÄ, GRAHAMLEIPÄ, VESI, HIIVALEIPÄ-, GRAHAMJAUHO	MULTIGRAIN BREAD, GRAHAM BREAD, WATER, DARK WHEAT FLOUR, GRAHAM FLOUR
BREAD_GRAINS	SEKALEIPÄ, GRAHAMLEIPÄ, KEVYTMAITO, HIIVALEIPÄ-, GRAHAMJAUHO	MULTIGRAIN BREAD, GRAHAM BREAD, LOW-FAT MILK, DARK WHEAT FLOUR, GRAHAM FLOUR
BREAD_GRAINS	RUISLEIPÄ, RUISROUHELEIPÄ PERUNAINEN, RUISPALAT	RYE BREAD, WHOLEGRAIN RYE, POTATO, RUISPALAT
BREAD_GRAINS	SEKALEIPÄ, SIEMENLEIPÄ, VESI, VEHNÄJAUHO, VEHNÄROUHE, SEESAM/PELLAVANSIEMEN	MULTIGRAIN BREAD, SEED BREAD, WATER, WHEAT FLOUR, CRUSHED WHEAT GRAINS, SEEDS
BREAD_GRAINS	SEKALEIPÄ, ROUHELEIPÄ, VESI, VEHNÄJAUHO, RUIS-, VEHNÄROUHE, KAURAHIUTALE	MULTIGRAIN BREAD, CRUSHED GRAINS, WATER, WHEAT AND RYE FLOUR, OAT FLAKES
BREAD_GRAINS	RUISLEIPÄ, TUMMA TÄYSJYVÄLEIPÄ VÄHÄSUOLAINEN	RYE BREAD, WHOLEGRAIN RYE, LOW-SODIUM
BREAD_GRAINS	MARJA-RAPARPERIPIIRAKKA, PEHMEÄ	BERRY AND RHUBARB PIE, SOFT
BREAD_GRAINS	MARJAPIIRAKKA, FRUKTOOSILLA MAKEUTETTU, PEHMEÄ	BERRY PIE, SWEETENED WITH FRUCTOSE, SOFT
BREAD_GRAINS	JOULUTORTTU, LUUMUTÄYTE	CHRISTMAS STAR PASTRY
BREAD_GRAINS	MYSLI, HEDELMÄINEN	MUESLI WITH DRIED FRUIT
PANTRY	RIISI, KEITETTY, SUOLATON	RICE, BOILED WITHOUT SALT
PANTRY	MAKARONI, KEITETTY, SUOLAA	MACARONI, BOILED, SALT
PANTRY	PASTA, SPAGETTI, KEITETTY, SUOLAA	PASTA, SPAGHETTI, BOILED, SALT
PANTRY	MAKARONI, TUMMA, KEITETTY, SUOLAA	MACARONI, DARK, BOILED, SALT
PANTRY	RUIS-RIISISEOS, KEITETTY, SUOLAA	CRASHED RYE GRAIN E AND RICE MIX, BOILED, SALT
PANTRY	RIISI, PITKÄJYVÄINEN, KEITETTY, SUOLAA	RICE, LONG-GRAIN, BOILED, SALT
PANTRY	TÄYSJYVÄRIISI, KEITETTY, SUOLATON	RICE, WHOLEGRAIN, BOILED WITHOUT SALT
PANTRY	RIISI, LUONNONRIISI RIISI-VILLIRIISISEOS, KEITETTY, SUOLAA	RICE, NATURAL RICE, MIXED RICE AND WILD RICE, BOILED, SALT
PANTRY	RIISI, KEITETTY, SUOLAA	RICE, BOILED, SALT
BREAD_GRAINS	RUIS-VEHNÄ-PERUNATAIKINA	RYE, WHEAT AND POTATO DOUGH
BREAD_GRAINS	RUISLEIPÄ, MALLASLEIPÄ, SAARISTOLAISLEIPÄ, RUKIINEN	RYE BREAD, SWEET AND SOUR RYE MALT BREAD
PANTRY	TÄYTETTY LEIPÄ, PATONKI, TOMAATTI, PAPRIKA, JUUSTO, SALAATTI, SIPULI	SANDWICH, BAGUETTE, TOMATO, SWEET PEPPER, CHEESE, LETTUCE, ONION
PANTRY	TOMAATTISALSA	TOMATO SALSA
PANTRY	PUNAVIINIKASTIKE	RED WINE SAUCE
BREAD_GRAINS	JUUSTOSARVI, HIIVATAIKINA	CHEESE PASTY
BREAD_GRAINS	OHRAVELLI, MAITO, OHRAJAUHO, SUOLAA	BARLEY GRUEL, BARLEY FLOUR, MILK, SALT
BREAD_GRAINS	OHRAPUURO, VESI, OHRAJAUHO, SUOLAA	BARLEY PORRIDGE, PEARL BARLEY, WATER, SALT
BREAD_GRAINS	SEKALEIPÄ, OHRALEIPÄ, KEVYTMAITO, HIIVALEIPÄ-, OHRAJAUHO, KAURAHIUTALE	MULTIGRAIN BREAD, BARLEY BREAD, LOW-FAT MILK, DARK WHEAT AND BARLEY FLOUR, OAT
BREAD_GRAINS	SEKALEIPÄ, RIESKA, PERUNA-OHRA, VESI, OHRAJAUHO, KOTITEKOINEN	MULTIGRAIN BREAD, FLATBREAD, POTATO AND BARLEY, WATER, BARLEY FLOUR, HOME-MADE
BREAD_GRAINS	OHRAVELLI, MAITO, OHRASUURIMO, SUOLAA	BARLEY GRUEL, PEARL BARLEY, MILK, SALT
BREAD_GRAINS	OHRAPUURO, MAITO, OHRASUURIMO, SUOLAA	BARLEY PORRIDGE, PEARL BARLEY, MILK, SALT
BREAD_GRAINS	OHRAPUURO, VESI, OHRASUURIMO, PUOLUKKA, SOKERI, SUOLAA	BARLEY PORRIDGE, PEARL BARLEY, LINGONBERRY, SUGAR, SALT
BREAD_GRAINS	SEKALEIPÄ, RIESKA, OHRASUURIMO, PIIMÄ	MULTIGRAIN BREAD, FALTBREAD, PEARL BARLEY, SOUR MILK
BREAD_GRAINS	OHRAPUURO, VESI, OHRAHIUTALE, SUOLAA	BARLEY PORRIDGE, BARLEY FLAKES, WATER, SALT
BREAD_GRAINS	OHRAPUURO, MAITO, OHRAHIUTALE, SUOLAA	BARLEY PORRIDGE, BARLEY FLAKES, MILK, SALT
BREAD_GRAINS	KAURAVELLI, VESI, SUOLAA	OAT GRUEL, OAT FLAKES, WATER, SALT
BREAD_GRAINS	KAURAVELLI, MAITO, SUOLAA	OAT GRUEL, OAT FLAKES, MILK, SALT
BREAD_GRAINS	KAURAPUURO, VESI, SUOLAA	OAT PORRIDGE, OAT FLAKES, WATER, SALT
BREAD_GRAINS	KAURAPUURO, KEVYTMAITO, SUOLAA	OAT PORRIDGE, OAT FLAKES, LOW-FAT MILK, SALT
BREAD_GRAINS	LUUMUKEITTO, KAURAHIUTALEITA	PRUNE KISSEL, PRUNE SOUP, WITH OAT FLAKES
BREAD_GRAINS	LUUMU-KAURAPUURO, VESI, SOKERI, SUOLA	PRUNE PORRIDGE, OAT FLAKES, PRUNES, WATER, SUGAR, SALT
BREAD_GRAINS	SEKALEIPÄ, KAURALEIPÄ, KEVYTMAITO, VEHNÄJAUHO, KAURAHIUTALE	MULTIGRAIN BREAD, OAT BREAD, LOW-FAT MILK, WHEAT FLOUR, OAT FLAKES
BREAD_GRAINS	SEKALEIPÄ, KAURASÄMPYLÄ, KEVYTMAITO, HIIVALEIPÄJAUHO, KAURAHIUTALE	MULTIGRAIN BREAD, OAT ROLL, LOW-FAT MILK, DARK WHEAT FLOUR, OAT FLAKES
PANTRY	KEKSI, KAURALASTU, SISÄLTÄÄ VEHNÄÄ	OAT BISCUIT, LACY OATMEAL COOKIES, CONTAINS WHEAT
BREAD_GRAINS	TALKKUNAPUURO, VESI, SUOLAA	TALKKUNA PORRIDGE, TALKKUNA POWDER, WATER, SALT
BREAD_GRAINS	TALKKUNAPIIMÄ, PIIMÄ, TALKKUNAJAUHO	TALKKUNA POWDER WITH SOUR MILK
BREAD_GRAINS	RAPARPERI-RIISIPUURO, VESI, SOKERI	RHUBARB RICE PORRIDGE, WATER, SUGAR
BREAD_GRAINS	OMENA-RIISIPUURO, VESI, SOKERI	APPLE RICE PORRIDGE, WATER, SUGAR
BREAD_GRAINS	APRIKOOSI-RIISIPUURO, VESI, SOKERI	APRICOT RICE PORRIDGE, WATER, SUGAR
DAIRY	RIISI-KERMAJÄLKIRUOKAPOHJA	RICE AND CREAM DESSERT
FRUITS_VEGETABLES	LUUMU-RIISIJÄLKIRUOKA	PRUNE RICE DESSERT
BREAD_GRAINS	HIRSSIPUURO, VESI, SUOLAA	MILLET PORRIDGE, WATER, SALT
BREAD_GRAINS	HIRSSIPUURO, MAITO, SUOLAA	MILLET PORRIDGE, MILK, SALT
BREAD_GRAINS	TATTARIVELLI, MAITO, SUOLAA	BUCKWHEAT GRUEL, MILK, SALT
BREAD_GRAINS	TATTARIPUURO, VESI, SUOLAA	BUCKWHEAT PORRIDGE, WATER, SALT
BREAD_GRAINS	TATTARIPUURO, MAITO, SUOLAA	BUCKWHEAT PORRIDGE, MILK, SALT
BREAD_GRAINS	PERUNAVELLI, MAITO, PERUNASUURIMO, SUOLAA	POTATO GRUEL, POTATO PEARLS, MILK, SALT
BREAD_GRAINS	PERUNAPUURO, MAITO, PERUNASUURIMO, SUOLAA	POTATO PORRIDGE, POTATO PEARLS, MILK, SALT
BREAD_GRAINS	MAISSIVELLI, MAITO, SUOLAA	MAIZE GRUEL, MILK, SALT
DAIRY	VANUKAS, MAISSIVANUKAS, KEVYTMAITO	PUDDING, MAIZE PUDDING, LOW-FAT MILK
PANTRY	POPCORN, RUOKAÖLJY	POPCORN, COOKING OIL
BREAD_GRAINS	SEKALEIPÄ, SÄMPYLÄ, VESI, SÄMPYLÄJAUHO	MULTIGRAIN BREAD, BREAD ROLL, WATER, FLOUR MIX
BREAD_GRAINS	RIISIPUURO, MAITO, TÄYSJYVÄRIISI, SUOLAA	RICE PORRIDGE, WHOLE GRAIN RICE, MILK, SALT
PANTRY	RIISI, PITKÄJYVÄINEN, LIHALIEMESSÄ, KEITETTY	RICE, LONG-GRAIN, BOILED, MEAT BOUILLON
BREAD_GRAINS	KAURAPUURO, VESI, SUOLATON	OAT PORRIDGE, OAT FLAKES, WATER, WITHOUT SALT
BREAD_GRAINS	VEHNÄPUURO, VESI, VEHNÄHIUTALE, SUOLATON	WHEAT PORRIDGE, WATER, WHEAT FLAKES, WITHOUT SALT
BREAD_GRAINS	RUISPUURO, VESI, RUISHIUTALE, SUOLATON	RYE PORRIDGE, RYE FLAKES, WATER, WITHOUT SALT
BREAD_GRAINS	NELJÄNVILJANPUURO, VESI, SUOLATON	MIXED FLAKE PORRIDGE, WATER, WITHOUT SALT
BREAD_GRAINS	RIISIPUURO, MAITO, RIISIHIUTALE, SUOLATON	RICE PORRIDGE, RICE FLAKES, MILK, WITHOUT SALT
BREAD_GRAINS	RIISIPUURO, VESI, RIISIHIUTALE, SUOLATON	RICE PORRIDGE, WATER, WITHOUT SALT
BREAD_GRAINS	MANNAPUURO, MAITO, SUOLATON	SEMOLINA PORRIDGE, MILK, WITHOUT SALT
BREAD_GRAINS	RIISIPUURO, MAITO, RIISI, SUOLAA	RICE PORRIDGE, MILK, SALT
BREAD_GRAINS	RIISIVELLI, MAITO, RIISI, SUOLAA	RICE GRUEL, RICE, MILK, SALT
BREAD_GRAINS	RIISIVELLI, MAITO, RIISIHIUTALE, SUOLAA	RICE GRUEL, RICE FLAKES, MILK, SALT
BREAD_GRAINS	RIISIVELLI, VESI, RIISIHIUTALE, SUOLAA	RICE GRUEL, RICE FLAKES, WATER, SALT
PANTRY	HIRSSI, KEITETTY, SUOLAA	MILLET, BOILED WITH SALT
PANTRY	TATTARI, KEITETTY, SUOLAA	BUCKWHEAT, BOILED, SALT
PANTRY	ROUHE, VEHNÄROUHE, KEITETTY, SUOLAA	WHEAT GRAIN, BOILED, SALT
PANTRY	HIRSSI, KEITETTY, SUOLATON	MILLET, BOILED WITHOUT SALT
PANTRY	TATTARI, KEITETTY, SUOLATON	BUCKWHEAT, BOILED WITHOUT  SALT
PANTRY	ROUHE, VEHNÄROUHE, KEITETTY, SUOLATON	WHEAT GRAIN, BOILED WITHOUT SALT
BREAD_GRAINS	SEKALEIPÄ, RIESKA, OHRA-PERUNA, VEHNÄJAUHO, MAITO	MULTIGRAIN BREAD, FLATBREAD, BARLEY AND POTATO, WHEAT FLOUR, MILK
PANTRY	PASTA, TÄYTEPASTA, RAVIOLI, PINAATTITÄYTE, KEITETTY	RAVIOLI WITH SPINACH FILLING, BOILED
FRUITS_VEGETABLES	PERUNA, PAISTETTU	POTATO, FRIED
FRUITS_VEGETABLES	MAITOPERUNA, KEVYTMAITO	POTATOES IN LOW-FAT MILK
FRUITS_VEGETABLES	PURJO-PERUNASOSEKEITTO, VESI	PURÉED POTATO LEEK SOUP
PANTRY	SALAATTI, PERUNASALAATTI, PERUNA, SIPULI, EI MAJONEESIA	SALAD, POTATO SALAD, ONION, WITHOUT MAYONNAISE
FRUITS_VEGETABLES	PERUNALAATIKKO, PERUNASOSELAATIKKO, MUNAMAITO, LIHATON	MASHED POTATO CASSEROLE, MILK, EGGS, WITHOUT MEAT
FRUITS_VEGETABLES	PERUNA-SIPULILAATIKKO, KEVYTMAITO	POTATO AND ONION CASSEROLE, LOW-FAT MILK
FRUITS_VEGETABLES	KERMAPERUNA	SLICED BAKED POTATOES WITH CREAM
FRUITS_VEGETABLES	VALKOSIPULIPERUNA	SCALLOPED GARLIC POTATOES
FRUITS_VEGETABLES	PERUNASOSE, VESI, PERUNASOSEJAUHEESTA	MASHED POTATOES, MASHED POTATO POWDER, WATER
FRUITS_VEGETABLES	LOHKOPERUNA	POTATO WEDGES, OVEN-BAKED
FRUITS_VEGETABLES	RANSKANPERUNA, UUNISSA KYPSENNETTY	FRENCH FRIES, OVEN-BAKED
FRUITS_VEGETABLES	PERUNA-PINAATTISOSE	MASHED POTATOES AND SPINACH
FRUITS_VEGETABLES	PERUNASOSE, KEVYTMAITO	MASHED POTATOES, LOW-FAT MILK
FRUITS_VEGETABLES	RÖSTIPERUNA	POTATO CUTLET
FRUITS_VEGETABLES	JUUSTORÖSTIPERUNA	POTATO WITH CHEESE, FRIED
FRUITS_VEGETABLES	PERUNA, KUORITTU, KEITETTY, SUOLAA	POTATO, PEELED, BOILED WITH SALT
FRUITS_VEGETABLES	PORKKANA, PAISTETTU	CARROT, FRIED
FRUITS_VEGETABLES	PORKKANASURVOS	MASHED CARROT
FRUITS_VEGETABLES	PORKKANAMUHENNOS	CARROT STEW
FRUITS_VEGETABLES	PORKKANASOSEKEITTO, VESI	PURÉED CARROT SOUP
FRUITS_VEGETABLES	PORKKANASOSEKEITTO, MAITO	PURÉED CARROT SOUP, MILK
FRUITS_VEGETABLES	PORKKANALAATIKKO, KEVYTMAITO	CARROT CASSEROLE, LOW-FAT MILK
FRUITS_VEGETABLES	PORKKANAOHUKAINEN, KEVYTMAITO	THIN CARROT PANCAKE, CARROT CREPES, LOW-FAT MILK
FRUITS_VEGETABLES	LANTTU, HAUDUTETTU	SWEDE, SIMMERED
FRUITS_VEGETABLES	LANTTUSURVOS	SWEDE, MASHED
FRUITS_VEGETABLES	LANTTUPIIRAKKA, LANTTUSURVOS, RUISKUORI	SWEDE PASTY WITH RYE CRUST
FRUITS_VEGETABLES	HAPANLOHKO, NAURIS, PERUNA, KERMA, RUISJAUHOT	STEW WITH POTATO, RUTABAGA AND RYE DOUGH
FRUITS_VEGETABLES	PUNAJUURIPIHVI, KASVISPIHVI, PAISTETTU	BEETROOT PATTY, FRIED
PANTRY	ROSOLLI, EI KASTIKETTA, EI SILLIÄ	ROSOLLI SALAD, MIXED BEETROOT SALAD, NO DRESSING, NO HERRING
FRUITS_VEGETABLES	PUNAJUURIKEITTO, KASVISKEITTO	BEETROOT SOUP
FRUITS_VEGETABLES	PALSTERNAKKAMUHENNOS	PARSNIP STEW
FRUITS_VEGETABLES	MAA-ARTISOKKAKEITTO, KERMA	CREAMY JERUSALEM ARTICHOKE SOUP
FRUITS_VEGETABLES	SELLERIMUHENNOS	CELERIAC, MASHED
FRUITS_VEGETABLES	MUSTAJUURIMUHENNOS	BLACK SALSIFY STEW
FRUITS_VEGETABLES	PERUNA-KASVISPATA, PORKKANA, LANTTU, KUKKAKAALI	VEGETABLE STEW WITH POTATO, CARROT, SWEDE AND CAULIFLOWER
PANTRY	OHUKAINEN, KASVISTÄYTE, KEVYTMAITO	CREPES FILLED WITH VEGETABLES, LOW-FAT MILK
FRUITS_VEGETABLES	PARSA, VOISULAA	ASPARAGUS WITH MELTED BUTTER
FRUITS_VEGETABLES	MUNAKOISO, PAISTETTU	AUBERGINE, FRIED
FRUITS_VEGETABLES	MAISSINJYVÄ, KEITETTY, SUOLATON	SWEET CORN, BOILED
FRUITS_VEGETABLES	KAALI, VALKOKAALI, PAISTETTU	CABBAGE, FRIED
FRUITS_VEGETABLES	KAALIKEITTO, RUSKISTETTU KAALI, EI LIHAA	CABBAGE SOUP, SAUTÉED CABBAGE
FRUITS_VEGETABLES	KAALI-PERUNAKEITTO, EI LIHAA	CABBAGE SOUP WITH POTATOES
FRUITS_VEGETABLES	HAPANKAALI	SOUR CABBAGE/SAUERKRAUT
FRUITS_VEGETABLES	PUNAKAALIMUHENNOS, HAUDUTETTU PUNAKAALI	RED CABBAGE STEW
FRUITS_VEGETABLES	KUKKAKAALISOSEKEITTO, KERMA	CREAMY CAULIFLOWER SOUP, PURÉED
FRUITS_VEGETABLES	KUKKAKAALIMUHENNOS	CAULIFLOWER STEW
FRUITS_VEGETABLES	KUKKAKAALI, KUORRUTETTU, KEVYTMAITO, KUKKAKAALIGRATIINI	CAULIFLOWER GRATIN, LOW-FAT MILK
FRUITS_VEGETABLES	PARSAKAALIMUHENNOS	BROCCOLI STEW
FRUITS_VEGETABLES	RUUSUKAALIKEITTO, KERMA	CREAMY BRUSSELS SPROUT SOUP
FRUITS_VEGETABLES	KYSSÄKAALIMUHENNOS	KOHLRABI STEW
FRUITS_VEGETABLES	PINAATTIKEITTO	SPINACH SOUP
FRUITS_VEGETABLES	PINAATTIMUHENNOS, KEVYTMAITO	SPINACH STEW, LOW-FAT MILK
PANTRY	PINAATTIOHUKAINEN, KEVYTMAITO	THIN SPINACH PANCAKE, SPINACH CREPES, LOW-FAT MILK
FRUITS_VEGETABLES	PINAATTI-RIISILAATIKKO, KEVYTMAITO	SPINACH AND RICE CASSEROLE, LOW-FAT MILK
FRUITS_VEGETABLES	NOKKOSMUHENNOS, KEVYTMAITO	NETTLE STEW, LOW-FAT MILK
FRUITS_VEGETABLES	SIPULI, PAISTETTU	ONION, FRIED
FRUITS_VEGETABLES	SIPULI, PAISTETTU, HAUDUTETTU, KASVISLIEMI, SIIRAPPI	ONION COOKED IN VEGETABLE BOUILLON AND SYRUP
FRUITS_VEGETABLES	PURJO, PAISTETTU, HAUDUTETTU, KASVISLIEMI, SIIRAPPI	LEEK COOKED IN VEGETABLE BOUILLON AND SYRUP
FRUITS_VEGETABLES	SIPULIKEITTO, JUUSTOKUORRUTETTU	ONION SOUP, GRATINATED WITH CHEESE
FRUITS_VEGETABLES	SIPULIMUHENNOS, KEVYTMAITO	ONION STEW, LOW-FAT MILK
FRUITS_VEGETABLES	HILLOSIPULISÄILYKE	PICKLED ONION
FRUITS_VEGETABLES	KIISSELI, RAPARPERIKEITTO	RHUBARB KISSEL, RHUBARB SOUP
FRUITS_VEGETABLES	PARSAKEITTO, SÄILYKEPARSA	ASPARAGUS SOUP, CANNED ASPARAGUS
FRUITS_VEGETABLES	SIENI, PAISTETTU	MUSHROOM, FRIED
FRUITS_VEGETABLES	SIENIKEITTO, KERMAA	CREAMY MUSHROOM SOUP
FRUITS_VEGETABLES	SIENIKASTIKE/MUHENNOS, KEVYTMAITO, KERMA	MUSHROOM STEW, LOW-FAT MILK, CREAM
FRUITS_VEGETABLES	SIENIKASTIKE, VESI, RASVASUURUS	MUSHROOM GRAVY, THICKENED
FRUITS_VEGETABLES	SIENI-SIPULIHAKKELUS	CHOPPED MUSHROOM AND ONION
FRUITS_VEGETABLES	SALAATTI, SIENISALAATTI, KERMA	SALAD, MUSHROOM SALAD WITH CREAM
FRUITS_VEGETABLES	PERUNALAATIKKO, SIENI-PERUNALAATIKKO, MUNAMAITO	MUSHROOM AND POTATO CASSEROLE, MILK, EGGS
FRUITS_VEGETABLES	SIENI-OHRASUURIMOLAATIKKO	MUSHROOM BARLEY CASSEROLE
FRUITS_VEGETABLES	PANNUKAKKU, SIENIPANNUKAKKU	OVEN-BAKED MUSHROOM PANCAKE
FRUITS_VEGETABLES	SIENI-JUURESPATA, PERUNA, JUUREKSET	MUSHROOM ROOT VEGETABLE STEW, POTATO
FRUITS_VEGETABLES	SIENIOHUKAINEN, KEVYTMAITO	THIN MUSHROOM PANCAKE, LOW-FAT MILK
FRUITS_VEGETABLES	HERKKUSIENIKEITTO	CHAMPIGNON SOUP
FRUITS_VEGETABLES	HERKKUSIENIMUHENNOS, KEVYTMAITO	CHAMPIGNON STEW, LOW-FAT MILK
FRUITS_VEGETABLES	KURPITSAMUHENNOS	PUMPKIN STEW
FRUITS_VEGETABLES	TOMAATTIKEITTO	TOMATO SOUP
FRUITS_VEGETABLES	TOMAATTI, TÄYTETTY, SIENITÄYTE, KORPPUJAUHOA	TOMATO FILLED WITH MUSHROOMS, BREADCRUMBS
FRUITS_VEGETABLES	KESÄKEITTO	VEGETABLE SOUP, MILK-BASED, SUMMERSOUP
FRUITS_VEGETABLES	KASVISSOSEKEITTO, MAITO	PURÉED VEGETABLE SOUP, MILK-BASED
FRUITS_VEGETABLES	SEKAVIHANNESMUHENNOS, KEVYTMAITO	VEGETABLE STEW, LOW-FAT MILK
FRUITS_VEGETABLES	JUURESSURVOS, KEVYTMAITO, VEHNÄJAUHOA	ROOT VEGETABLES, MASHED, LOW-FAT MILK
FRUITS_VEGETABLES	VIHANNESMUNAVUOKA	VEGETABLE EGG CASSEROLE
FRUITS_VEGETABLES	PERUNALAATIKKO, KASVISLAATIKKO, KEITTOJUUREKSET, KEVYTMAITO	VEGETABLE AND POTATO CASSEROLE, LOW-FAT MILK
FRUITS_VEGETABLES	RISOTTO, KASVISRISOTTO	RISOTTO, VEGETABLE RISOTTO
FRUITS_VEGETABLES	KASVISPIHVI/PYÖRYKKÄ, PAISTETTU	VEGETABLE PATTY, FRIED
PANTRY	SALAATTI, PORKKANA-APPELSIINI, RAASTE	SALAD, CARROT AND ORANGE, GRATED
PANTRY	SALAATTI, PORKKANA-ANANAS, RAASTE	SALAD, CARROT AND PINEAPPLE, GRATED
PANTRY	SALAATTI, PORKKANA-OMENA, RAASTE	SALAD, CARROT AND APPLE, GRATED
PANTRY	SALAATTI, PORKKANA-PUOLUKKA, RAASTE	SALAD, CARROT AND LINGONBERRY, GRATED
PANTRY	SALAATTI, PORKKANA-RAEJUUSTO, RAASTE	SALAD, CARROT AND COTTAGE CHEESE, GRATED
PANTRY	SALAATTI, PORKKANA-KURPITSA, RAASTE	SALAD, CARROT AND PUMPKIN, GRATED
PANTRY	SALAATTI, PORKKANA-LANTTU, RAASTE	SALAD, CARROT AND SWEDE, GRATED
PANTRY	SALAATTI, LANTTU-RUSINA, RAASTE	SALAD, SWEDE AND RAISIN, GRATED
PANTRY	SALAATTI, LANTTU-ANANAS, RAASTE	SALAD, SWEDE AND PINEAPPLE, GRATED
PANTRY	SALAATTI, LANTTU-APPELSIINI-RUSINA, RAASTE	SALAD, SWEDE, ORANGE AND RAISIN, GRATED
PANTRY	SALAATTI, PUNAJUURI-OMENA	SALAD, BEETROOT AND APPLE
PANTRY	SALAATTI, PUNAJUURI-SIENI-SIPULI	SALAD, BEETROOT, MUSHROOMS AND APPLE
PANTRY	SALAATTI, KAALI-PUOLUKKA	SALAD, CABBAGE AND LINGONBERRY
PANTRY	SALAATTI, KAALI-PUNAJUURI	SALAD, CABBAGE AND BEETROOT
PANTRY	SALAATTI, KAALI-KURPITSA	SALAD, CABBAGE AND PUMPKIN
PANTRY	SALAATTI, KAALI-ANANAS	SALAD, CABBAGE AND PINEAPPLE
PANTRY	SALAATTI, KAALI-KURKKU-PURJO	SALAD, CABBAGE, CUCUMBER AND LEEK
PANTRY	SALAATTI, KAALI-PORKKANA-APPELSIINI	SALAD, CABBAGE, CARROT AND ORANGE
PANTRY	SALAATTI, KAALI-OMENA-MAUSTEKURKKU	SALAD, CABBAGE, APPLE AND PICKLED CUCUMBER
PANTRY	SALAATTI, KAALI-HERNE-MAISSI-PAPRIKA	SALAD, CABBAGE, PEA, SWEET CORN AND SWEET PEPPER
PANTRY	SALAATTI, PUNAKAALI-ANANAS	SALAD, RED CABBAGE AND PINEAPPLE
PANTRY	SALAATTI, PUNAKAALI-PUOLUKKA	SALAD, RED CABBAGE AND LINGONBERRIES
PANTRY	SALAATTI, PUNAKAALI-OMENA	SALAD, RED CABBAGE AND APPLE
PANTRY	SALAATTI, LEHTISALAATTI-KURKKU-TOMAATTI, VIHERSEKASALAATTI	SALAD, LETTUCE, CUCUMBER AND TOMATO
PANTRY	SALAATTI, TOMAATTI-SIPULI	SALAD, TOMATO AND ONION
PANTRY	SALAATTI, TOMAATTI-PAPU-SIPULI	SALAD, TOMATO, BEAN AND ONION
PANTRY	SALAATTI, KIINANKAALI-ANANAS	SALAD, CHINESE CABBAGE AND PINEAPPLE
PANTRY	SALAATTI, KIINANKAALI-SIPULI	SALAD, CHINESE CABBAGE AND ONION
PANTRY	SALAATTI, KIINANKAALI-KURKKU-TOMAATTI	SALAD, CHINESE CABBAGE, CUCUMBER AND TOMATO
PANTRY	SALAATTI, KIINANKAALI-HERNE-MAISSI-PAPRIKA	SALAD, CHINESE CABBAGE, PEA, SWEET CORN AND SWEET PEPPER
PANTRY	SALAATTI, RAEJUUSTO-HERNE-MAISSI-PAPRIKA	SALAD, COTTAGE CHEESE, PEA, SWEET CORN AND SWEET PEPPER
PANTRY	SALAATTI, KIINANKAALI-KURKKU-TOMAATTI, RANSKALAINEN KASTIKE	SALAD, CHINESE CABBAGE, CUCUMBER AND TOMATO, FRENCH DRESSING
PANTRY	SALAATTI, LEHTISALAATTI-KURKKU-TOMAATTI, RANSKALAINEN KASTIKE	SALAD, LETTUCE, CUCUMBER AND TOMATO, FRENCH DRESSING
PANTRY	SALAATTI, ITALIANSALAATTI, MAJONEESIKASTIKE	SALAD, ITALIAN SALAD WITH MAYONNAISE
FRUITS_VEGETABLES	VIHANNESKEITTO, VESI	VEGETABLE SOUP
PANTRY	SALAATTI, MAJONEESISALAATTI, MAJONEESIKASTIKE, KESKIARVO	SALAD, MAYONNAISE SALAD, AVERAGE OF INDUSTRIAL PRODUCTS
FRUITS_VEGETABLES	PUSSIKEITTO, TUOTEKESKIARVO	INSTANT SOUP, AVERAGE OF DRY SOUP MIXES
FRUITS_VEGETABLES	KASVISKASTIKE, TOMAATTINEN	VEGETABLE GRAVY WITH TOMATO
PANTRY	PESTOKASTIKE, YRTTIKASTIKE	PESTO SAUCE, HERB SAUCE
FRUITS_VEGETABLES	RATATOUILLE, VIHANNESHÖYSTÖ, KASVISPATA, KASVISLISÄKE	RATATOUILLE, VEGETABLE STEW
FRUITS_VEGETABLES	PYTTIPANNU, KASVISPYTTIPANNU, SIENET	VEGETABLE HASH, MUSHROOM, POTATO
FRUITS_VEGETABLES	LASAGNE, KASVISLASAGNE	LASAGNE, VEGETABLE LASAGNE
MEAT_FISH	MOUSSAKA, JAUHELIHA-MUNAKOISOVUOKA, SIKA-NAUTA	MOUSSAKA, PORK BEEF MINCE
PANTRY	KYLMÄ KASTIKE, AVOKADOKASTIKE, GUACAMOLE	AVOCADO SAUCE, GUACAMOLE
PANTRY	ATERIASALAATTI, KREIKKALAINEN, FETAJUUSTOSALAATTI, ÖLJYKASTIKE	GREEK SALAD, FETA CHEESE SALAD, OIL-BASED DRESSING
BREAD_GRAINS	SIPULIPIIRAKKA, MUROPOHJA	ONION PIE, SHORTCRUST PASTRY
BREAD_GRAINS	FETA-PINAATTIPIIRAKKA, MUROPOHJA, KERMAVIILI	FETA AND SPINACH PIE, SOUR CREAM FILLING, SHORTCRUST PASTRY
PANTRY	ATERIASALAATTI, KREIKKALAINEN, FETAJUUSTOSALAATTI, EI KASTIKETTA	GREEK SALAD WITHOUT DRESSING
FRUITS_VEGETABLES	HERKKUSIENI, PAISTETTU	CHAMPIGNON, FRIED
PANTRY	KASVISKASTIKE, TOMAATTINEN, PAPUJA, KASVIKSIA	BEAN VEGETABLE GRAVY WITH TOMATO
PANTRY	SALAATTI, PERUNASALAATTI, MAJONEESIKASTIKE	SALAD, POTATO SALAD WITH MAYONNAISE
FRUITS_VEGETABLES	PORKKANA, KEITETTY, SUOLAA	CARROT, BOILED, SALT
FRUITS_VEGETABLES	KUKKAKAALI, KEITETTY, SUOLATON	CAULIFLOWER, BOILED WITHOUT SALT
FRUITS_VEGETABLES	PARSAKAALI, KEITETTY, SUOLATON	BROCCOLI, BOILED WITHOUT SALT
FRUITS_VEGETABLES	RUUSUKAALI, KEITETTY, SUOLATON	BRUSSELS SPROUT, BOILED WITHOUT SALT
FRUITS_VEGETABLES	SEKAVIHANNES, KEITETTY, SUOLATON	MIXED VEGETABLES, BOILED WITHOUT SALT
FRUITS_VEGETABLES	KUKKAKAALI, KEITETTY, SUOLAA	CAULIFLOWER, BOILED WITH SALT
FRUITS_VEGETABLES	PARSAKAALI, KEITETTY, SUOLAA	BROCCOLI, BOILED, SALT
PANTRY	SALAATTI, JÄÄVUORISALAATTI, TOMAATTI, KURKKU, RANSKALAINEN KASTIKE	SALAD, ICEBERG LETTUCE, TOMATO AND CUCUMBER, FRENCH DRESSING
FRUITS_VEGETABLES	RUUSUKAALI, KEITETTY, SUOLAA	BRUSSELS SPROUT, BOILED, SALT
FRUITS_VEGETABLES	SEKAVIHANNES, KEITETTY, SUOLAA	MIXED VEGETABLES, BOILED, SALT
FRUITS_VEGETABLES	PUNAJUURI, KEITETTY, SUOLAA	BEETROOT, BOILED, SALT
FRUITS_VEGETABLES	PORKKANA, KEITETTY, SUOLAA JA ÖLJYÄ	CARROT, BOILED, SALT AND OIL
FRUITS_VEGETABLES	JUURESPATEE, PORKKANA, LANTTU, PERUNA	ROOT PATEE, CARROT, SWEDE, POTATO
FRUITS_VEGETABLES	LANTTU, KEITETTY, SUOLAA	SWEDE, BOILED WITH SALT
PANTRY	SALAATTI, SALAATTIPÖYDÄN ANTIMET, TAVANOMAINEN, KESKIARVO	SALAD, AVERAGE MIXTURE
PANTRY	ATERIASALAATTI, JUUSTOSALAATTI, KOTIJUUSTO, ÖLJYKASTIKE	FARMER'S CHEESE SALAD, OIL-BASED DRESSING
FRUITS_VEGETABLES	KORVASIENIKEITTO, KERMA	CREAMY FALSE MOREL SOUP
FROZEN	PAKASTEKASVISSEKOITUS, HERNE-MAISSI-PAPRIKASEKOITUS, KEITETTY	FROZEN VEGETABLE MIX, PEA-SWEET CORN-SWEET PEPPER, BOILED
PANTRY	HERNEMUHENNOS, MAITO, TUOREET HERNEET	PEA STEW, MILK AND FRESH PEAS
FRUITS_VEGETABLES	HERNEMUHENNOS, KUIVATUT HERNEET	PEA STEW, DRIED PEAS
PANTRY	PAPUMUHENNOS, MAITO, TUOREET PAVUT	BEAN STEW, MILK, FRESH BEANS
PANTRY	PAPUMUHENNOS, VESI, KUIVATUT PAVUT	BEAN STEW, WATER, DRIED BEANS
FRUITS_VEGETABLES	PÄHKINÄMUREKE/PYÖRYKKÄ	NUT PATTY, POTATO, RICE
PANTRY	SALAATTI, KIINANKAALI-KURKKU-TOMAATTI, KOTITEKOINEN RANSKALAINEN KASTIKE	SALAD, CHINESE CABBAGE, CUCUMBER AND TOMATO, HOME-MADE FRENCH DRESSING
PANTRY	SALAATTI, LEHTISALAATTI-KURKKU-TOMAATTI, KOTITEKOINEN RANSKALAINEN KASTIKE	SALAD, LETTUCE, CUCUMBER AND TOMATO, HOME-MADE FRENCH DRESSING
PANTRY	SOIJAPAPU, KEITETTY, SUOLATON	SOYA BEANS, BOILED WITHOUT SALT
PANTRY	LINSSIKEITTO	LENTIL SOUP
PANTRY	PAPU-KESÄKURPITSAKEITTO	BEAN AND ZUCCHINI SOUP
PANTRY	PAPUPATA	BEAN STEW
PANTRY	SOIJAPIHVI, PAISTETTU	SOYA BEAN PATTY, FRIED
FRUITS_VEGETABLES	KORVASIENI, KEITETTY, SUOLATON	FALSE MOREL, BOILED
BREAD_GRAINS	KASVIS-SIENIPIIRAKKA, JUUSTOKUORRUTE, VOITAIKINAPOHJA	VEGETABLE-MUSHROOM PIE, GRATINATED WITH CHEESE, BUTTER DOUGH
FRUITS_VEGETABLES	KESÄKURPITSA, TÄYTETTY, KASVIKSIA, HERKKUSIENIÄ	ZUCCHINI FILLED WITH VEGETABLES
MEAT_FISH	KESÄKURPITSA, TÄYTETTY, JAUHELIHA, PAPRIKA, TOMAATTI	ZUCCHINI FILLED WITH MINCED MEAT
FRUITS_VEGETABLES	MUNAKOISO, TÄYTETTY, SIENI, PAPRIKA, TOMAATTI	AUBERGINE FILLED WITH MUSHROOMS
FRUITS_VEGETABLES	KIISSELI, OMENAKEITTO, TUOREET OMENAT	APPLE KISSEL, APPLE SOUP, FRESH APPLES
FRUITS_VEGETABLES	KIISSELI, OMENAKEITTO, KUIVATUT OMENAT	APPLE KISSEL, APPLE SOUP, DRIED APPLES
FRUITS_VEGETABLES	OMENA-KAURAHIUTALEPAISTOS	APPLE CRISP DELIGHT, APPLE, OAT FLAKES
FRUITS_VEGETABLES	KIISSELI, LUUMUKEITTO	PRUNE KISSEL, PRUNE SOUP
FRUITS_VEGETABLES	KIISSELI, LUUMU-RIISIKEITTO	PRUNE RICE KISSEL, PRUNE RICE SOUP
FRUITS_VEGETABLES	LUUMUKOHOKAS	PRUNE SOUFFLE
FRUITS_VEGETABLES	KIISSELI, APRIKOOSIKEITTO	APRICOT KISSEL, APRICOT SOUP
FRUITS_VEGETABLES	KIISSELI, RUUSUNMARJAKEITTO	ROSE HIP KISSEL, ROSE HIP SOUP
FRUITS_VEGETABLES	KIISSELI, APPELSIINIKEITTO	ORANGE KISSEL, ORANGE SOUP
FRUITS_VEGETABLES	APPELSIINIRIISI	ORANGE RICE DESSERT
FRUITS_VEGETABLES	KIISSELI, SEKAHEDELMÄKEITTO	MIXED FRUIT KISSEL, MIXED FRUIT SOUP
FRUITS_VEGETABLES	KIISSELI, SEKAHEDELMÄKEITTO, SOKERITON	MIXED FRUIT KISSEL, MIXED FRUIT SOUP, WITHOUT SUGAR
FRUITS_VEGETABLES	KIISSELI, RUSINAKEITTO	RAISIN KISSEL, RAISIN SOUP
FRUITS_VEGETABLES	HEDELMÄSALAATTI, APPELSIINI, BANAANI, OMENA, VIINIRYPÄLE	FRUIT SALAD, ORANGE, BANANA, APPLE, GRAPE
FRUITS_VEGETABLES	HEDELMÄSALAATTI, APPELSIINI, BANAANI, OMENA, PERSIKKA	FRUIT SALAD, ORANGE, BANANA, APPLE, PEACH
FRUITS_VEGETABLES	HEDELMÄSALAATTI, SOKERITON, APPELSIINI, BANAANI, OMENA, VIINIRYPÄLE	FRUIT SALAD, UNSWEETENED, ORANGE, BANANA, APPLE, GRAPE
FRUITS_VEGETABLES	HEDELMÄHYYTELÖ, HYYTELÖSOKERI	FRUIT JELLY
FRUITS_VEGETABLES	BANAANI, FRITEERATTU, UPPOPAISTETTU	BANANA, DEEP-FRIED
FRUITS_VEGETABLES	KIISSELI, PUOLUKKAKEITTO	LINGONBERRY KISSEL, LINGONBERRY SOUP
PANTRY	PUOLUKKASURVOS, SOKEROITU	LINGONBERRY, MASHED, SUGAR
FRUITS_VEGETABLES	KIISSELI, KARPALOKEITTO	CRANBERRY KISSEL, CRANBERRY SOUP
PANTRY	MUSTIKKASURVOS, TUORE, SOKEROITU	BLUEBERRY PUREE, SWEETENED
FRUITS_VEGETABLES	KIISSELI, MUSTIKKAKEITTO	BILBERRY KISSEL, BILBERRY SOUP
FRUITS_VEGETABLES	KIISSELI, MUSTAHERUKKAKEITTO	BLACKCURRANT KISSEL, BLACKCURRANT SOUP
FRUITS_VEGETABLES	KIISSELI, PUNAHERUKKAKEITTO	REDCURRANT KISSEL, REDCURRANT SOUP
PANTRY	MANSIKKASURVOS TUORE, SOKEROITU	STRAWBERRY PUREE, SWEETENED
PANTRY	VADELMASURVOS, TUORE, SOKEROITU	RASPBERRY PUREE, SUGAR
FRUITS_VEGETABLES	MEHUHYYTELÖ	JUICE JELLY
FRUITS_VEGETABLES	KIISSELI, MARJAKEITTO	BERRY KISSEL, BERRY SOUP
FRUITS_VEGETABLES	KIISSELI, MARJAKEITTO, SOKERITON	BERRY KISSEL, BERRY SOUP, WITHOUT SUGAR
FRUITS_VEGETABLES	MARJAVAAHTO, MARJAT, KERMA, MUNA	BERRY MOUSSE, CREAM, EGGS
FROZEN	SORBETTI, MARJASORBETTI, KOTITEKOINEN	BERRY SORBET, HOME-MADE
FRUITS_VEGETABLES	MARJATALKKUNA	BERRIES WITH TALKKUNA POWDER
FRUITS_VEGETABLES	KIISSELI, MARJAKEITTO, FRUKTOOSILLA MAKEUTETTU	BERRY KISSEL, BERRY SOUP, SWEETENED WITH FRUCTOSE
FROZEN	SORBETTI, VADELMASORBETTI, KOTITEKOINEN	RASPBERRY SORBET, HOME-MADE
FRUITS_VEGETABLES	MARJAHYYTELÖ, MARJAT, HYYTELÖSOKERI	BERRY JELLY, JAM SUGAR
FRUITS_VEGETABLES	PUOLUKKASURVOS, SOKERITON	LINGONBERRY, MASHED, WITHOUT SUGAR
PANTRY	SALAATINKASTIKE, RANSKALAINEN, RAVINTOLAKASTIKE, ÖLJY, KELTUAINEN, SOKERI, SUOLA	SALAD DRESSING, FRENCH DRESSING, RESTAURANTS, OIL, EGG YOLK, SUGAR, SALT
PANTRY	MAJONEESI, KOTITEKOINEN	MAYONNAISE, HOME-MADE
PANTRY	TILLIKASTIKE, VALKOVIINIÄ	WHITE WINE AND DILL SAUCE
PANTRY	SALAATINKASTIKE, RANSKALAINEN, KOTITEKOINEN, ÖLJY, MEHU, SOKERI JA SUOLA	SALAD DRESSING, FRENCH DRESSING, OIL, JUICE, SUGAR, SALT, HOME-MADE
PANTRY	SALAATINKASTIKE, SINAPPINEN, ÖLJY, MEHU, ETIKKA	SALAD DRESSING, MUSTARD, OIL, JUICE, VINEGAR
PANTRY	SALAATINKASTIKE, RANSKALAINEN, ÖLJY JA ETIKKA	SALAD DRESSING, FRENCH DRESSING, OIL, VINEGAR
PANTRY	KYLMÄ KASTIKE, TARTARKASTIKE, MAJONEESIPOHJAINEN	TARTAR SAUCE
PANTRY	MAUSTEKASTIKE, GRILLAUSKASTIKE	BARBEQUE SAUCE
PANTRY	BEARNAISEKASTIKE	BEARNAISE SAUCE
PANTRY	MAUSTEKASTIKE, ETIKKAINEN, SÄILÖNTÄLIEMI	SAUCE WITH VINEGAR AND SEASONING, PRESERVATION LIQUID
PANTRY	RUOANVALMISTUSRASVA, KESKIARVO	COOKING FAT, AVERAGE
PANTRY	PULLA- JA PIIRAKKARASVA, VOITA 50 %, MARGARIINIA 50 %	FAT USED IN BAKING, BUTTER 50%, MARGARINE 50%
PANTRY	VOITAIKINARASVA	FAT USED IN BUTTER DOUGH
PANTRY	PIKKULEIPÄRASVA, 75 % VOITA, 25 % LEIPOMOTEOLLISUUSMARGARIINIA	FAT USED IN COOKIES, BUTTER AND MARGARINE, FOR BAKING INDUSTRY
PANTRY	LEIPÄRASVA, LEIVONTAAN	FAT USED IN BREAD AND PIZZA
PANTRY	(ARC) TEOLLISUUSUPPOPAISTORASVA	(ARC)OIL FOR DEEP FAT FRYING, INDUSTRIAL
DAIRY	YRTTILEVITE, TUOREJUUSTO, MARGARIINI, VALKOSIPULI	HERB SPREAD, CREAM CHEESE, MARGARINE, GARLIC
DAIRY	KIISSELI, MAITOKIISSELI, KEVYTMAITO, KANANMUNA	MILK CUSTARD, LOW-FAT, EGG
DAIRY	KIISSELI, MAITOKIISSELI, KEVYTMAITO, SOKERITON	MILK CUSTARD, LOW-FAT, WITHOUT SUGAR
DAIRY	KIISSELI, SUKLAAKIISSELI, KEVYTMAITO	CHOCOLATE SOUP, LOW-FAT MILK
DAIRY	KIISSELI, SUKLAAKIISSELI, SOKERITON	CHOCOLATE SOUP, WITHOUT SUGAR
DAIRY	KIISSELI, MAISSIKIISSELI	MAIZE CUSTARD
DAIRY	KERMAVAAHTO, SOKEROITU, KOTITEKOINEN	WHIPPED CREAM, SWEETENED
DAIRY	KAAKAOJUOMA, SOKEROITU, KEVYTMAITO	COCOA, HOT CHOCOLATE, LOW-FAT MILK, SWEETENED
DAIRY	KAAKAOJUOMA, SOKERITON, KEVYTMAITO	COCOA, HOT CHOCOLATE, LOW-FAT MILK, UNSWEETENED
DAIRY	MARJAMAITO	BERRY MILK
FROZEN	PIRTELÖ, MARJAPIRTELÖ, KEVYTMAITO, KERMAJÄÄTELÖ	BERRY MILKSHAKE, LOW-FAT MILK, ICE CREAM
FROZEN	PIRTELÖ, BANAANIPIRTELÖ, KEVYTMAITO, KERMAJÄÄTELÖ	BANANA MILKSHAKE, LOW-FAT MILK, ICE CREAM
FROZEN	PIRTELÖ, MOKKA-/SUKLAAPIRTELÖ, KEVYTMAITO, KERMAJÄÄTELÖ	MOCCA/CHOCOLATE MILKSHAKE, LOW-FAT MILK, ICE CREAM
DAIRY	RAHKA, MARJARAHKA, KUOHUKERMAA, KOTITEKOINEN	QUARK, BERRY QUARK, DESSERT QUARK, CREAM, HOME-MADE
DAIRY	RAHKA, HEDELMÄRAHKA, KUOHUKERMAA, KOTITEKOINEN	QUARK, FRUIT QUARK, DESSERT QUARK, CREAM, HOME-MADE
DAIRY	PASHA	PASHA, PASCHA
DAIRY	VANUKAS, VANILJAVANUKAS, KERMAVANUKAS, KOTITEKOINEN	PUDDING, VANILLA PUDDING, CREAM, HOME-MADE
DAIRY	VANUKAS, SUKLAAVANUKAS, KERMAVANUKAS, KOTITEKOINEN	PUDDING, CHOCOLATE PUDDING, CREAM, HOME-MADE
DAIRY	LUUMU-KERMAHYYTELÖ	PRUNE CREAM JELLY
DAIRY	SITRUUNAVAAHTO, KERMA, MUNA, SITRUUNA, SOKERI, LIIVATE	LEMON MOUSSE, CREAM, EGG, LEMON, SUGAR, GELATIN
DAIRY	VANUKAS, SUKLAAVAAHTO	PUDDING, CHOCOLATE MOUSSE
PANTRY	SALAATINKASTIKE, KERMAKASTIKE	SALAD DRESSING, CREAMY
DAIRY	JUUSTO, UUNIJUUSTO, RASVAA 3,5 %, TERNIMAIDOSTA	CHEESE, OVEN CHEESE, 3.5% FAT, MADE WITH COLOSTRUM
DAIRY	JUUSTOKEITTO, KASVISLIEMI, JUUSTO, VEHNÄJAUHO	CHEESE SOUP, VEGETABLE BOUILLON, WHEAT FLOUR
BREAD_GRAINS	JUUSTOKOHOKAS, KEVYTMAITO, VEHNÄJAUHO, MUNA	CHEESE SOUFFLE, LOW-FAT MILK
DAIRY	KYLMÄ KASTIKE, KERMAVIILIKASTIKE	SOUR CREAM SAUCE
PANTRY	SINIHOMEJUUSTOKASTIKE, RASVA-JAUHOSUURUS	BLUE CHEESE SAUCE, THICKENED WITH FLOUR AND FAT
PANTRY	ATERIASALAATTI, JUUSTOSALAATTI, KERMAVIILIKASTIKE	CHEESE SALAD, SOUR CREAM DRESSING
BREAD_GRAINS	JUUSTOPIIRAKKA, MUROPOHJA, SINIHOMEJUUSTO	CHEESE PIE, BLUE CHEESE, SHORTCRUST PASTRY
DAIRY	KERMAVAAHTO, SOKEROITU, VL	WHIPPED CREAM, SWEETENED, LOW-LACTOSE
DAIRY	KYLMÄ KASTIKE, KERMAVIILIKASTIKE, SINAPPINEN	SOUR CREAM SAUCE WITH MUSTARD
DAIRY	KYLMÄ KASTIKE, TSATSIKI, KREIKKALAINEN JOGURTTIKASTIKE	TZATZIKI, GREEK YOGHURT SAUCE
DAIRY	KUORRUTUSKASTIKE, MAITO JA JUUSTO, ESIM. KASVIKSILLE	GRATINATING SAUCE FOR VEGETABLES, PREPARED WITH MILK AND CHEESE
DAIRY	KAAKAOJUOMA, KYLMÄ, KEVYTMAITO, SOKEROITU	CHOCOLATE MILK, COLD, LOW-FAT MILK, SWEETENED
PANTRY	SIANLIHA, KEITETTY, SUOLAA	PORK, BOILED, SALT
PANTRY	PEKONI, PAISTETTU	BACON, FRIED
PANTRY	SIANKINKKU, RASVOINEEN, UUNISSA	HAM, FATTY, OVEN-BAKED
PANTRY	SIANPOTKA/SORKKA, HAUDUTETTU	PORK KNUCKLE, HAM HOCK, SIMMERED
PANTRY	SIANPAISTI, TIRRIPAISTI, SIANLAPA, UUNISSA	PORK SHOULDER, OVEN-BAKED
PANTRY	PORSAANKYLJYS, LEIVITETTY, PAISTETTU	PORK CHOP, BREADED, STEKT
PANTRY	PORSAANKYLJYS, GRILLATTU	PORK CHOP, GRILLED
MEAT_FISH	LIHAKASTIKE, RUSKEA KASTIKE, SIANKYLKI, EI RASVAA	PORK GRAVY, PORK RIBS, NO ADDED FAT
MEAT_FISH	HERNEKEITTO, KESKIRASVAINEN SIANLIHA	PEA SOUP WITH PORK
BREAD_GRAINS	PANNUKAKKU, SILAVAPANNUKAKKU	OVEN-BAKED PORK FAT PANCAKE
MEAT_FISH	MINESTRONEKEITTO	MINESTRONE SOUP
PANTRY	JAUHELIHA, SIKA-NAUTA, PAISTETTU	PORK BEEF MINCE, FRIED
MEAT_FISH	JAUHELIHAKASTIKE, RUSKEA KASTIKE, SIKA-NAUTA, RASVAA	PORK BEEF MINCE GRAVY
MEAT_FISH	JAUHELIHAKASTIKE, RUSKEA KASTIKE, NAUDANPAISTI, RASVAA	BEEF STEAK MINCE GRAVY
MEAT_FISH	JAUHELIHAKASTIKE, TOMAATTIPYREE, SIKA-NAUTA, SUURUSTETTU	BOLOGNESE, PORK BEEF MINCE, TOMATO PURÉE, THICKENED
MEAT_FISH	LIHAPULLA, SIKA-NAUTA, PAISTETTU	MEATBALL, PORK-BEEF MINCE, FRIED
MEAT_FISH	LIHAPULLA, SIKA-NAUTA, KEITETTY	MEATBALL, PORK-BEEF MINCE, BOILED
MEAT_FISH	LIHAPULLA, SIKA-NAUTA, UUNISSA	MEATBALL, PORK-BEEF MINCE, OVEN-BAKED
MEAT_FISH	LIHAPULLA, NAUDANPAISTI, PAISTETTU	MEATBALL, BEEF STEAK MINCE, FRIED
MEAT_FISH	LIHAPULLA, HIRVENLIHA, PAISTETTU	MEATBALL, MINCED ELK, FRIED
MEAT_FISH	LIHAPULLA, PORONLIHA, PAISTETTU	MEATBALL, MINCED REINDEER, FRIED
MEAT_FISH	JAUHELIHAPIHVI, SIKA-NAUTA, MUNATON, PAISTETTU	PORK BEEF MINCE PATTY, NO EGGS, FRIED
MEAT_FISH	LIHAMUREKE, LUUMUTÄYTE, SIKA-NAUTA	MEATLOAF, PORK-BEEF, PRUNE FILLING
MEAT_FISH	LIHAMUREKE, SEKAVIHANNESTÄYTE, SIKA-NAUTA, KERMA	MEATLOAF WITH VEGETABLES, PORK-BEEF, CREAM
MEAT_FISH	PORONLIHAMUREKE	REINDEER MEATLOAF
MEAT_FISH	JAUHELIHAKEITTO, SIKA-NAUTA	PORK BEEF MINCE SOUP
MEAT_FISH	KAALIPATA, JAUHELIHA, SIKA-NAUTA, PERUNA	CABBAGE STEW WITH POTATO AND PORK BEEF MINCE
MEAT_FISH	KAALIPATA, JAUHELIHA, SIKA-NAUTA, RIISI	CABBAGE STEW WITH RICE AND PORK BEEF MINCE
MEAT_FISH	JAUHELIHA-KASVISPATA, SIKA-NAUTA	PORK BEEF MINCE AND VEGETABLE STEW
MEAT_FISH	JAUHELIHA-MAKARONIMUHENNOS, SIKA-NAUTA	MACARONI STEW WITH PORK BEEF MINCE
MEAT_FISH	RISOTTO, JAUHELIHA-KASVISRISOTTO, SIKA-NAUTA	RISOTTO, PORK BEEF MINCE AND VEGETABLE RISOTTO
MEAT_FISH	PERUNALAATIKKO, JAUHELIHA-PERUNALAATIKKO, SIKA-NAUTA, MAITO	MINCED MEAT AND POTATO CASSEROLE, PORK BEEF MINCE, MILK
MEAT_FISH	PERUNALAATIKKO, JAUHELIHA-PERUNALAATIKKO, NAUDANPAISTI, MAITO	MINCED MEAT AND POTATO CASSEROLE, LEAN STEAK MINCE, MILK
MEAT_FISH	PERUNALAATIKKO, LIHA-PERUNASOSELAATIKKO, SIKA-NAUTAJAUHELIHA, KEVYTMAITO	PORK BEEF MINCE AND MASHED POTATO CASSEROLE, LOW-FAT MILK
MEAT_FISH	MAKARONILAATIKKO, LIHA-MAKARONILAATIKKO, SIKA-NAUTA, KEVYTMAITO	MACARONI AND PORK BEEF MINCE CASSEROLE, LOW-FAT MILK
MEAT_FISH	MAKARONILAATIKKO, LIHA-MAKARONILAATIKKO, NAUDANPAISTI, KEVYTMAITO	MACARONI AND BEEF STEAK MINCE CASSEROLE, LOW-FAT MILK
MEAT_FISH	KAALILAATIKKO, SIKA-NAUTA, KEVYTMAITO	CABBAGE CASSEROLE, PORK BEEF MINCE, LOW-FAT MILK
MEAT_FISH	KAALILAATIKKO, NAUDANPAISTI, KEVYTMAITO	CABBAGE CASSEROLE, BEEF STEAK MINCE, LOW-FAT MILK
MEAT_FISH	KAALILAATIKKO, SIKA-NAUTA, PORKKANA, LIHALIEMI	CABBAGE, CARROT AND PORK BEEF MINCE CASSEROLE, BEEF STOCK
MEAT_FISH	KAALILAATIKKO, NAUDANPAISTI, PORKKANA, LIHALIEMI	CABBAGE, CARROT AND LEAN STEAK MINCE CASSEROLE, BEEF STOCK
MEAT_FISH	KAALIKÄÄRYLE, SIKA-NAUTA	STUFFED CABBAGE ROLLS, PORK BEEF MINCE
MEAT_FISH	SIPULI, TÄYTETTY, RIISI, SIKA-NAUTAJAUHELIHA	ONION STUFFED WITH RICE AND PORK BEEF MINCE
MEAT_FISH	PAPRIKA, TÄYTETTY, RIISI, JAUHELIHA, SIPULI	STUFFED SWEET PEPPERS, FILLED WITH RICE, ONION AND MINCED MEAT
MEAT_FISH	OHUKAINEN, JAUHELIHATÄYTE, SIKA-NAUTA, KEVYTMAITO	CREPES FILLED WITH PORK BEEF MINCE, LOW-FAT MILK
DAIRY	MUNAKAS, JAUHELIHAMUNAKAS, SIKA-NAUTA	OMELETTE, PORK BEEF MINCE OMELETTE
MEAT_FISH	PASTA, TÄYTEPASTA, RAVIOLI, JAUHELIHATÄYTE, KEITETTY	RAVIOLI WITH MINCED MEAT FILLING, BOILED
BREAD_GRAINS	LIHA-RIISIPASTEIJA	MEAT AND RICE PASTY
MEAT_FISH	LIHAPATA, JAUHELIHA, LIHALIEMI, KASVIKSIA	MINCED MEAT STEW WITH VEGETABLES
MEAT_FISH	LASAGNE, SIKA-NAUTA	LASAGNE, PORK BEEF MINCE
MEAT_FISH	LIHAKASTIKE, RUSKEA KASTIKE, SIANLAPA, EI RASVAA	PORK GRAVY, PORK SHOULDER, NO ADDED FAT
MEAT_FISH	PERUNALAATIKKO, LIHA-PERUNALAATIKKO, SIANLIHA, KEVYTMAITO	PORK AND POTATO CASSEROLE, LOW-FAT MILK
MEAT_FISH	JAUHELIHAPIHVI, SIKA-NAUTA, PAISTETTU	PORK BEEF MINCE PATTY, FRIED
PANTRY	HAMPURILAINEN, KERROSHAMPURILAINEN	DOUBLE HAMBURGER
PANTRY	HAMPURILAINEN, KANAHAMPURILAINEN, VEHNÄSÄMPYLÄ	CHICKEN BURGER, WHEAT ROLL
PANTRY	HAMPURILAINEN, KALAHAMPURILAINEN	FISH BURGER
MEAT_FISH	CANNELONI, TONNIKALATÄYTE	CANNELONI, TUNA FILLING
MEAT_FISH	CANNELONI, SIKA-NAUTAJAUHELIHATÄYTE	CANNELONI, PORK BEEF MINCE FILLING
MEAT_FISH	MAKARONILAATIKKO, LIHA-MAKARONILAATIKKO, SIKA-NAUTA, KEVYTMAITO, TUMMA MAKARONI	MACARONI AND PORK BEEF MINCE CASSEROLE, LOW-FAT MILK, WHOLE WHEAT MACARONI
PANTRY	SIANKINKKU, RASVATON, UUNISSA	HAM, LEAN, OVEN-BAKED
MEAT_FISH	JAUHELIHAKEITTO, NAUDANPAISTI	BEEF STEAK MINCE SOUP
MEAT_FISH	LIHAPULLA, NAUDANPAISTI, KERMAA, UUNISSA	MEATBALL, BEEF STEAK MINCE, CREAM, OVEN-BAKED
MEAT_FISH	LIHAPULLA, SIENI-LIHAPULLA, NAUDANPAISTI, PAISTETTU	MEATBALL, BEEF STEAK MINCE, MUSHROOMS, FRIED
MEAT_FISH	JAUHELIHAKASTIKE, TOMAATTIPYREE, NAUDANPAISTI, SUURUSTETTU	BOLOGNESE, BEEF STEAK MINCE, TOMATO PURÉE, THICKENED
PANTRY	PORSAANPAISTI, VÄHÄRASVAINEN	PORK ROAST, LOW-FAT
PANTRY	PORSAANLEIKE, LEIVITETTY, PAISTETTU	PORK SCHNITZEL, BREADED, FRIED
PANTRY	NAUDANLIHAPIHVI, PAISTETTU	BEEF STEAK, FRIED
PANTRY	JAUHELIHA, NAUDANPAISTI, RASVAA 9 %, PAISTETTU ILMAN RASVAA	LEAN STEAK MINCE, 9% FAT, FRIED WITHOUT FAT
PANTRY	SIAN LÄMMINSAVUKYLKI, RASVAINEN	PORK FLANK, SMOKED, FATTY
MEAT_FISH	JAUHELIHAKASTIKE, RUSKEA KASTIKE, NAUDANLIHA 17 %, EI RASVAA	BEEF MINCE GRAVY, NO ADDED FAT
MEAT_FISH	LIHAPULLA, NAUDANLIHA, UUNISSA	MEATBALL, BEEF MINCE, OVEN-BAKED
PANTRY	KASSLERPAISTI, UUNISSA	PORK, KASSLER STEAK, OVEN-BAKED
MEAT_FISH	JAUHELIHAKEITTO, NAUDANLIHA	BEEF MINCE SOUP
MEAT_FISH	MAKARONILAATIKKO, LIHA-MAKARONILAATIKKO, NAUDANLIHA, KEVYTMAITO	MACARONI AND BEEF MINCE CASSEROLE, LOW-FAT MILK
MEAT_FISH	LASAGNE, NAUDANLIHA	LASAGNE, BEEF MINCE
PANTRY	PORSAANKYLJYS, SILAVATON, PAISTETTU	PORK CHOP, WITHOUT LARD, FRIED
PANTRY	PORSAANFILEE, SISÄFILEE, UUNISSA	PORK FILLET, TENDERLOIN, OVEN-BAKED
PANTRY	PORSAANKYLJYS, SILAVATON, GRILLATTU	PORK CHOP, WITHOUT LARD, GRILLED
BREAD_GRAINS	LIHAPIIRAKKA, SISÄLTÄÄ SOIJAA	DEEP-FRIED MEAT PASTY, INCLUDES SOYA FLOUR
MEAT_FISH	POSSUPAISTI, HEDELMÄINEN, APPELSIINITUOREMEHU, OMENA	PORK ROAST, FRUITY, ORANGE JUICE, APPLE
MEAT_FISH	PORSAANKYLJYS, SMETANA, UUNISSA	PORK CHOP, SOUR CREAM, OVEN-BAKED
MEAT_FISH	GRILLIVARTAAT, PORSAANFILEE JA KASVIKSET	SPIT-ROASTED PORK AND VEGETABLES
PANTRY	HAMPURILAINEN, RUISHAMPURILAINEN, NAUDANLIHA	HAMBURGER WITH BEEF AND RYE BREAD
PANTRY	NAUDANLIHA, KESKIRASVAINEN, KEITETTY	BEEF, BOILED
PANTRY	NAUDANPAISTI, UUNISSA	ROAST BEEF
MEAT_FISH	LIHAPATA, KARJALANPAISTI, NAUTA, KESKIRASVAINEN SIKA	KARELIAN STEW, PORK AND BEEF
PANTRY	NAUDANLIHAPIHVI, GRILLATTU	BEEF STEAK, GRILLED
PANTRY	NAUDANLIHALEIKE, LEIVITETTY, PAISTETTU	BEEF SCHNITZEL, BREADED, FRIED
PANTRY	NAUDAN/VASIKANKYLJYS, LEIVITETTY, PAISTETTU	BEEF CHOP, BREADED, FRIED
MEAT_FISH	LIHAKASTIKE, RUSKEA KASTIKE, NAUDANLIHA, RASVAA	BEEF GRAVY
MEAT_FISH	LIHAPATA, PALAPAISTI, RUOANVALMISTUSKERMA, RUOANVALMISTUSRASVA KESKIARVO	BEEF STEAK STEW, COOKING CREAM
MEAT_FISH	LIHAKASTIKE, LIHASTROGANOFF	STROGANOFF
MEAT_FISH	LIHAKASTIKE, TILLILIHA	BEEF IN DILL GRAVY
MEAT_FISH	LIHAKEITTO, NAUDANLAPA	MEAT SOUP, BEEF CHUCK
MEAT_FISH	LIHAKEITTO, SIANLIHA	MEAT SOUP, PORK
MEAT_FISH	LIHAKEITTO, NAUDANPAISTI	MEAT SOUP, BEEF STEAK
MEAT_FISH	KAALIKEITTO, KESKIRASVAINEN NAUTA	CABBAGE SOUP WITH BEEF
MEAT_FISH	KAALIKEITTO, NAUDANPAISTIJAUHELIHA	CABBAGE SOUP WITH BEEF STEAK MINCE
MEAT_FISH	KAALIKEITTO, PERUNAA, KESKIRASVAINEN NAUTA	CABBAGE SOUP WITH BEEF AND POTATO
MEAT_FISH	LIHAPATA, NAUDANPAISTI, LIHALIEMI, PORKKANA, RUOANVALMISTUSRASVA KESKIARVO	BEEF STEAK STEW, MEAT BOUILLON, CARROTS
MEAT_FISH	PERUNALAATIKKO, LIHA-PERUNALAATIKKO, NAUDANLIHA, LIHALIEMI	BEEF AND POTATO CASSEROLE, BOUILLON
MEAT_FISH	JAUHELIHAPIHVI, NAUDANPAISTI, MUNATON, PAISTETTU	LEAN STEAK MINCE PATTY, NO EGGS, FRIED
MEAT_FISH	LIHAMUREKE, NAUDANPAISTI, KERMA	MEATLOAF, BEEF STEAK, CREAM
MEAT_FISH	LIHAPATA, KARJALANPAISTI, NAUTA, SIKA, SISÄELIMIÄ	KARELIAN STEW, PORK, BEEF, LIVER, KIDNEY, HEART
MEAT_FISH	LIHA-KASVISPATA, SIANLIHA, PERUNA	VEGETABLE AND PORK STEW WITH POTATO
MEAT_FISH	JAUHELIHAKASTIKE, CHILI CON CARNE	CHILI CON CARNE
MEAT_FISH	LIHA-SIENIMUREKE, SIKA-NAUTA, KERMA	MEATLOAF WITH MUSHROOMS, PORK-BEEF, CREAM
MEAT_FISH	NAUDANPAISTI-KASVISWOKKI	BEEF-VEGETABLE WOK
MEAT_FISH	LINDSTRÖMINPIHVI, SIKA-NAUTA	LINDSTRÖM'S STEAK, BEETROOT AND PORK BEEF MINCE
MEAT_FISH	LIHAKÄÄRYLE, VÄHÄRASVAINEN, SAUNAPALVIKINKKUA	ROULADE WITH SMOKED HAM, LOW-FAT
MEAT_FISH	NAUDANLIHA-PASTAKEITTO, PAPUJA, PAPRIKAA, PURJOA, PORKKANAA	MINESTRONE SOUP WITH BEEF, BEANS, SWEET PEPPER, LEEK AND CARROT
MEAT_FISH	JAUHELIHA-PASTAKEITTO, NAUDANLIHA, KASVIKSIA	MINESTRONE SOUP WITH BEEF MINCE AND VEGETABLES
MEAT_FISH	JAUHELIHA-PASTAKEITTO, SIKA-NAUTA, KASVIKSIA	MINESTRONE SOUP WITH PORK BEEF MINCE AND VEGETABLES
MEAT_FISH	RISOTTO, JAUHELIHA-KASVISRISOTTO, NAUDANLIHA, 17 % RASVAA	RISOTTO, BEEF MINCE AND VEGETABLE RISOTTO
PANTRY	PORSAANKYLKI, RIBSIT, PAISTETTU ILMAN RASVAA	PORK RIBS, FRIED WITHOUT FAT
MEAT_FISH	MAKARONILAATIKKO, LIHA-MAKARONILAATIKKO, NAUDANLIHA 7%, KEVYTMAITO, MUNATON	MACARONI AND LEAN STEAK MINCE CASSEROLE, LOW-FAT, WITHOUT EGGS
MEAT_FISH	GRILLIMAKKARA, PAISTETTU RASVASSA	BARBEQUE SAUSAGE, FRIED
MEAT_FISH	GRILLIMAKKARA, UUNISSA	BARBEQUE SAUSAGE, OVEN BAKED
PANTRY	JAUHELIHA, NAUDAN, VÄHÄRASVAINEN, PAISTETTU ILMAN RASVAA	LEAN BEEF MINCE, FRIED WITHOUT FAT
PANTRY	JAUHELIHA, SIKA-NAUTA, PAISTETTU ILMAN RASVAA	PORK BEEF MINCE, FRIED WITHOUT FAT
MEAT_FISH	JAUHELIHAPIHVI, NAUDANPAISTI, MUNATON, PAISTETTU ILMAN RASVAA	LEAN STEAK MINCE PATTY, NO EGGS, FRIED WITHOUT FAT
PANTRY	NAUDANFILEE, ULKOFILEE, GRILLATTU	BEEF SIRLOIN STEAK, GRILLED
MEAT_FISH	HÄRÄNLIHAHÖYSTÖ, PUNAVIINI, RUSKEA KASTIKE	BEEF WITH RED WINE SAUCE
PANTRY	VASIKANPAISTI, UUNISSA	VEAL ROAST, OVEN-BAKED
PANTRY	VASIKANPOTKA, HAUDUTETTU	VEAL KNUCKLE, SIMMERED
MEAT_FISH	LIHAKASTIKE, NAUDANLIHAVIILLOKKI	BEEF FRICASSEE
PANTRY	LAMPAANLIHARULLA, TÄYTETTY, PURJO, PERSILJA	LAMB, FILLED WITH LEEK AND PARSLEY
PANTRY	LAMPAANLIHA, VÄHÄRASVAINEN, KEITETTY	LAMB, LOW-FAT, BOILED
PANTRY	LAMPAAN- JA SIANLIHA, KEITETTY	MUTTON AND PORK, BOILED MIXTURE
PANTRY	LAMPAANPAISTI, UUNISSA	MUTTON ROAST
PANTRY	LAMPAANPIHVI, PAISTETTU	LAMB STEAK, FRIED
PANTRY	LAMPAANKYLJYS, LEIVITETTY	MUTTON CHOP, BREADED
MEAT_FISH	LIHAPATA, LAMMASKAALI, LAMMAS, KAALI, LIHALIEMI	LAMB AND CABBAGE STEW
PANTRY	PORONLIHA, KEITETTY, SUOLAA	REINDEER, BOILED, SALT
PANTRY	PORONPAISTI	REINDEER ROAST
PANTRY	HIRVENLIHA, PAISTETTU	ELK, FRIED
PANTRY	HIRVENPAISTI, UUNISSA	ROASTED ELK, BAKED
MEAT_FISH	HIRVENLIHAKASTIKE, RUSKEA KASTIKE, RASVAA	ELK MEAT GRAVY, BROWN GRAVY
MEAT_FISH	HIRVENLIHAKÄRISTYS, SIANSILAVAA	SAUTEED ELK, WITH PORK FAT
PANTRY	JÄNIS, GRILLATTU/PAISTETTU	HARE, GRILLED/FRIED
PANTRY	KANI, GRILLATTU/PAISTETTU	RABBIT, GRILLED/FRIED
MEAT_FISH	PORONKÄRISTYS, PEKONIA	SAUTEED REINDEER, BACON
MEAT_FISH	KANA, KEITETTY, SUOLAA	CHICKEN, BOILED WITH SALT
MEAT_FISH	KANAKEITTO, JUURISELLERIÄ JA PURJOA	CHICKEN SOUP WITH CELERIAC AND LEEK
MEAT_FISH	KANAKEITTO, PERUNAA JA KASVIKSIA	CHICKEN SOUP WITH VEGETABLES AND POTATO
MEAT_FISH	KANAPATA, LIHALIEMI, KASVIKSIA	CHICKEN VEGETABLE STEW
MEAT_FISH	KANAKASTIKE, KANAVIILLOKKI	CHICKEN FRICASSEE
MEAT_FISH	KANAPYÖRYKKÄ/BROILERIPYÖRYKKÄ, PAISTETTU	CHICKEN MEAT BALL, FRIED
MEAT_FISH	OHUKAINEN, KANAMUHENNOSTÄYTE, KEVYTMAITO	CREPES FILLED WITH CHICKEN, LOW-FAT MILK
MEAT_FISH	BROILERI, ÖLJYKASTIKKEESSA, GRILLATTU	CHICKEN, GRILLED
MEAT_FISH	METSÄLINTU, GRILLATTU/PAISTETTU	GAME BIRD, GRILLED/FRIED
PANTRY	RIISTA, KESKIARVO, PAISTETTU	GAME, AVERAGE, FRIED
MEAT_FISH	KALKKUNA, PAISTETTU UUNISSA	TURKEY, OVEN-BAKED
PANTRY	ATERIASALAATTI, KANASALAATTI, RIISI, HERNE, MAUSTEKURKKU, PURJO, EI KASTIKETTA	CHICKEN SALAD WITH RICE PEAS, PICKLES, LEEK
MEAT_FISH	PAELLA BROILERIA, ÄYRIÄISIÄ	PAELLA WITH CHICKEN AND SHELLFISH
MEAT_FISH	LIHAKASTIKE, KIINALAINEN, HAPANIMELÄ	CHINESE MEAT VEGETABLE GRAVY, SWEET-AND-SOUR
MEAT_FISH	KANAKASTIKE, KIINALAINEN, HAPANIMELÄ	CHINESE CHICKEN VEGETABLE GRAVY, SWEET AND SOUR
PANTRY	ATERIASALAATTI, BROILERISALAATTI, KASVISPITOINEN, EI KASTIKETTA	CHICKEN SALAD, WITHOUT DRESSING
MEAT_FISH	BROILERIPATA, LIHALIEMI, RUOANVALMISTUSKERMA, KASVIKSIA	CHICKEN STEW, COOKING CREAM AND VEGETABLES
MEAT_FISH	BROILERIKASTIKE, KASVIKSIA, LIHALIEMI, RANSKANKERMA	CHICKEN VEGETABLE GRAVY WITH CREME FRAICHE
MEAT_FISH	BROILERIPYÖRYKKÄ, UUNISSA PAISTETTU	CHICKEN MEATBALL, OVEN  BAKED
MEAT_FISH	BROILERI, KOKONAINEN NAHKOINEEN, ILMAN RASVALISÄÄ, GRILLATTU	CHICKEN WITH SKIN, GRILLED WITHOUT ADDED FAT
MEAT_FISH	BROILERI, MARINOITU, NAHKOINEEN, UUNISSA	CHICKEN MARINATED, WITH SKIN, OVEN-BAKED
MEAT_FISH	BROILERI-KASVISWOKKI, TOMAATTISOSE, SOIJAKASTIKE	CHICKEN-VEGETABLE WOK WITH TOMATO PUREE AND SOY SAUCE
MEAT_FISH	BROILERI, RINTALEIKE, PAISTETTU NAHKOINEEN	CHICKEN BREAST WITH SKIN, FRIED
MEAT_FISH	BROILERI, RINTAFILEE, PAISTETTU, NAHATON	CHICKEN BREAST WITHOUT SKIN, FRIED
MEAT_FISH	BROILERINLEIKE, LEIVITETTY, PAISTETTU	CHICKEN SCHNITZEL, BREADED, FRIED
MEAT_FISH	KALKKUNAN RINTAFILEE, PAISTETTU	TURKEY BREAST, FRIED
MEAT_FISH	KALKKUNAN RINTAFILEE, UUNISSA	TURKEY BREAST, OVEN-BAKED
MEAT_FISH	BROILERI, KOIPI-REISI, NAHKOINEEN, GRILLATTU	CHICKEN LEG AND THIGH WITH SKIN, GRILLED
MEAT_FISH	BROILERI-PASTAKEITTO, PAPUJA, PAPRIKAA, PURJOA, PORKKANAA	CHICKEN MACARONI SOUP WITH BEANS, SWEET PEPPER, LEEK AND CARROT
MEAT_FISH	BROILERINUGGETTI, FRITEERATTU, LAKTOOSITON	CHICKEN NUGGETS, DEEP-FRIED, LACTOSE-FREE
MEAT_FISH	BROILERI, RINTAFILEE, APPELSIINIKASTIKKEELLA	ORANGE CHICKEN
MEAT_FISH	BROILERIFILEE, UUNISSA	CHICKEN FILLET, OVEN BAKED
MEAT_FISH	NAKKI, KEITETTY	FRANKFURTER, BOILED
MEAT_FISH	NAKKI, GRILLATTU	FRANKFURTER, GRILLED
MEAT_FISH	NAKKI, PAISTETTU RASVASSA	FRANKFURTER, FRIED
MEAT_FISH	NAKKI-SEKAVIHANNESVUOKA	FRANKFURTER-VEGETABLE CASSEROLE
MEAT_FISH	NAKKISTROGANOFF	FRANKFURTER STROGANOFF
MEAT_FISH	BORSSIKEITTO, NAKKI	BORSCH WITH FRANKFURTERS
MEAT_FISH	BORSSIKEITTO, NAUDANPAISTI	BORSCH WITH BEEF
MEAT_FISH	LENKKIMAKKARA, KEITETTY	SAUSAGE, RING BOLOGNA, BOILED
MEAT_FISH	LENKKIMAKKARA, GRILLATTU	SAUSAGE, RING BOLOGNA, GRILLED
MEAT_FISH	LENKKIMAKKARA, PAISTETTU RASVASSA	SAUSAGE, RING BOLOGNA, FRIED
MEAT_FISH	RYYNIMAKKARA, PAISTETTU RASVASSA	GROAT SAUSAGE, FRIED
MEAT_FISH	LENKKIMAKKARA, UUNISSA, JUUSTOA, SINAPPIA	SAUSAGE, RING BOLOGNA, OVEN-BAKED, WITH CHEESE AND MUSTARD
MEAT_FISH	MAKKARAKASTIKE, RUSKEA KASTIKE, LENKKIMAKKARA, RASVAA	SAUSAGE GRAVY
MEAT_FISH	NAKKIKASTIKE, RUSKEA KASTIKE, RASVAA	FRANKFURTER GRAVY
MEAT_FISH	MAKKARAKEITTO	SAUSAGE SOUP
MEAT_FISH	NAKKIKEITTO, KEVYTNAKKI	FRANKFURTER SOUP, LIGHT FRANKFURTERS
MEAT_FISH	SISKONMAKKARAKEITTO	SAUSAGE SOUP, FRESH SAUSAGE, SISKONMAKKARA SOUP
MEAT_FISH	MAKKARAPATA, LIHALIEMI, LENKKIMAKKARA, PERUNA, SEKAVIHANNEKSET	SAUSAGE STEW WITH POTATO AND VEGETABLES
MEAT_FISH	RISOTTO, MAKKARA-KASVISRISOTTO, LENKKIMAKKARA	RISOTTO, SAUSAGE AND VEGETABLE RISOTTO
MEAT_FISH	PERUNALAATIKKO, MAKKARA-PERUNASOSELAATIKKO, LENKKIMAKKARA, KEVYTMAITO	SAUSAGE AND MASHED POTATO CASSEROLE, RING BOLOGNA, LOW-FAT MILK
MEAT_FISH	PYTTIPANNU, LENKKIMAKKARA, EI MUNAA	SAUSAGE HASH, RING BOLOGNA, POTATO, WITHOUT EGG
DAIRY	MUNAKAS, TALONPOIKAISMUNAKAS, PERUNA, LENKKIMAKKARA, SIPULI	OMELETTE, COUNTRY FRENCH OMELETTE, EGG, POTATO, SAUSAGE, ONION
DAIRY	MUNAKAS, MAKKARAMUNAKAS, LENKKIMAKKARA	OMELETTE, SAUSAGE OMELETTE
MEAT_FISH	MUNA-KINKKUVUOKA	EGG AND HAM CASSEROLE
DAIRY	MUNAKAS, KINKKUMUNAKAS	OMELETTE, HAM OMELETTE
PANTRY	SALAATTI, ITALIANSALAATTI, EI MAJONEESIA	SALAD, ITALIAN SALAD WITHOUT MAYONNAISE
MEAT_FISH	PERUNALAATIKKO, KINKKU-PERUNALAATIKKO, RUOANVALMISTUSKERMA	HAM AND POTATO CASSEROLE, COOKING CREAM
MEAT_FISH	KINKKUKASTIKE, MAITO, RANSKANKERMA, KASVIKSIA, RUOANVALMISTUSRASVA KESKIARVO	HAM VEGETABLE GRAVY, MILK, CREME FRAICHE
PANTRY	ATERIASALAATTI, MAKKARASALAATTI, MEETVURSTI, MAKARONI, KASVIKSET, EI KASTIKETTA	SAUSAGE SALAD, MACARONI, VEGETABLES, WITHOUT DRESSING
PANTRY	ATERIASALAATTI, KINKKUSALAATTI, KASVIKSIA, PERUNA, MAKARONI, EI KASTIKETTA	HAM SALAD WITH POTATO, VEGETABLES AND MACARONI, WITHOUT DRESSING
MEAT_FISH	LENKKIMAKKARA, PAISTETTU ILMAN RASVAA	SAUSAGE, RING BOLOGNA, FRIED WITHOUT FAT
MEAT_FISH	NAKKI, PAISTETTU ILMAN RASVAA	FRANKFURTER, FRIED WITHOUT FAT
MEAT_FISH	RYYNIMAKKARA, PAISTETTU ILMAN RASVAA	GROAT SAUSAGE, FRIED WITHOUT FAT
MEAT_FISH	MAKSA, KEITETTY, SUOLAA	LIVER, BOILED, SALT
MEAT_FISH	MAKSAPAISTI	ROASTED LIVER
MEAT_FISH	MAKSAPIHVI, LEIVITETTY	LIVER STEAK, BREADED, FRIED
MEAT_FISH	JAUHEMAKSAPIHVI, MAKSA, PERUNA, SIPULI	MINCED LIVER STEAK, LIVER, POTATO, ONION
MEAT_FISH	PORONMAKSAPIHVI	REINDEER LIVER STEAK
MEAT_FISH	MAKSAKASTIKE, MAKSA KESKIARVO, RUOANVALMISTUSKERMAA	LIVER GRAVY, COOKING CREAM
MEAT_FISH	MAKSAKASTIKE, BROILERINMAKSA, RUOANVALMISTUSKERMAA	CHICKEN LIVER GRAVY, COOKING CREAM
MEAT_FISH	MAKSAKASTIKE, JAUHEMAKSAKASTIKE, RUSKEA KASTIKE, RASVAA	MINCED LIVER GRAVY
MEAT_FISH	MAKSAPATA, MAKSA, PERUNA	LIVER STEW WITH POTATO
MEAT_FISH	MUNUAINEN, KEITETTY, SUOLAA	KIDNEY, BOILED, SALT
MEAT_FISH	MUNUAINEN, PAISTETTU, VEHNÄJAUHOA	KIDNEY, FRIED WITH WHEAT FLOUR
MEAT_FISH	MUNUAISKASTIKE, RUOANVALMISTUSKERMA, SUURUSTETTU	KIDNEY GRAVY, COOKING CREAM, THICKENED
MEAT_FISH	KIELI, NAUDAN, KEITETTY, SUOLAA	TONGUE, BEEF, BOILED
MEAT_FISH	VERIOHUKAINEN	BLOOD PANCAKE
MEAT_FISH	MAKSALAATIKKO, KEVYTMAITO	LIVER CASSEROLE, RICE, LOW-FAT MILK
MEAT_FISH	KALA, KESKIARVO, KEITETTY, SUOLAA	FISH, AVERAGE, BOILED
MEAT_FISH	LIPEÄKALA	LUTEFISH
MEAT_FISH	KALA, KESKIARVO, GRILLATTU/HIILLOSTETTU/PARILOITU	FISH, AVERAGE, GRILLED
MEAT_FISH	UUNIKALA, LEIVITETTY	FISH, BREADED, OVEN-BAKED
MEAT_FISH	UUNIHAUKI, TÄYTETTY, LUUMU, RIISI, MUNA, KORPPUJAUHO	PIKE, FILLED WITH PRUNES, RICE AND EGGS, OVEN-BAKED
MEAT_FISH	UUNISILAKKA, SILAKKAFILEE, KERMA, KORPPUJAUHO	BALTIC HERRING FILLET WITH CREAM, BREADED, OVEN-BAKED
MEAT_FISH	KALA, KESKIARVO, LEIVITETTY, PAISTETTU	FISH, AVERAGE, BREADED, FRIED
MEAT_FISH	SILAKKA, LEIVITETTY, PAISTETTU, SILAKKAPIHVI	BALTIC HERRING, BREADED, FRIED
MEAT_FISH	MUIKKU, PAISTETTU	VENDACE, FRIED
MEAT_FISH	AHVEN, LEIVITETTY, PAISTETTU	PERCH, BREADED, FRIED
MEAT_FISH	HAUKI, LEIVITETTY, PAISTETTU	PIKE, BREADED, FRIED
MEAT_FISH	SIIKA, LEIVITETTY, PAISTETTU	POWAN, BREADED, FRIED
MEAT_FISH	LOHIFILEE, LEIVITETTY, PAISTETTU	SALMON FILLET, BREADED, FRIED
MEAT_FISH	KAMPELA, PAISTETTU	FLOUNDER, FRIED
MEAT_FISH	SEITI, LEIVITETTY, PAISTETTU	SAITHE, BREADED, FRIED
MEAT_FISH	KALAPYÖRYKKÄ, PAISTETTU	FISH BALL, FRIED
MEAT_FISH	KALAPYÖRYKKÄ, KEITETTY	FISH BALL, BOILED
MEAT_FISH	KALAMUREKE, MAITO	FISH LOAF, MILK
MEAT_FISH	KALAKEITTO, TUORE KALA, MAITO	FISH SOUP, FRESH FISH, MILK BASED
MEAT_FISH	KALAKEITTO, SEITI, KEVYTMAITO	FISH SOUP, SAITHE, LOW-FAT MILK
MEAT_FISH	KALAKEITTO, KIRKAS	FISH SOUP, CLEAR
MEAT_FISH	KALAKEITTO, VENÄLÄINEN, SELJANKA	RUSSIAN FISH SOUP, SOLYANKA
MEAT_FISH	KALAKEITTO, KESKIARVOKALA, PERUNA, KEITTOJUUREKSET, VESI	FISH SOUP WITH POTATO AND ROOT VEGETABLES
MEAT_FISH	KALAKASTIKE, MADEMUHENNOS	BURBOT STEW
MEAT_FISH	PERUNALAATIKKO, SILAKKALAATIKKO, KEVYTMAITO	BALTIC HERRING CASSEROLE, POTATO, LOW-FAT MILK
MEAT_FISH	PERUNALAATIKKO, KALA-PERUNALAATIKKO, KEVYTMAITO	FISH AND POTATO CASSEROLE, LOW-FAT MILK
MEAT_FISH	KALA-RIISILAATIKKO, KESKIARVOKALA, MUNAMAITO, KERMA	FISH AND RICE CASSEROLE, CREAM
MEAT_FISH	PERUNALAATIKKO, JANSSONINKIUSAUS, RUOANVALMISTUSKERMA	JANSSON'S CASSEROLE, JANSSON'S TEMPTATION, COOKING CREAM
MEAT_FISH	MAKARONILAATIKKO, KALA-MAKARONILAATIKKO, KEVYTMAITO, KESKIARVO	MACARONI AND FISH CASSEROLE, FISH AVERAGE, LOW-FAT MILK
MEAT_FISH	KALA-PINAATTIVUOKA, SEITI, KEVYTMAITO	SAITHE SPINACH CASSEROLE, LOW-FAT MILK
MEAT_FISH	KALA-KASVISPAISTOS, TUORE KALA, MAITO, SEKAVIHANNEKSET, MUNA	FISH VEGETABLE CASSEROLE, MILK, EGG
MEAT_FISH	KALA-PERUNAPATA	FISH POTATO STEW
MEAT_FISH	TOMAATTISILAKKA	BALTIC HERRING IN TOMATO SAUCE
MEAT_FISH	HOMBURGIN HAUKI, KERMASSA	PIKE À LA HOMBURG
MEAT_FISH	UUNIKALA, SEITI, VALKOKASTIKE, JUUSTO, KEVYTMAITO, KORPPUJAUHO	SAITHE WITH WHITE SAUCE, CHEESE, LOW-FAT MILK, BREADCRUMBS, OVEN-BAKED
MEAT_FISH	KALA-KASVISPAISTOS, SEITI, SEKAVIHANNEKSET, SULATEJUUSTO, MAITO	FISH VEGETABLE CASSEROLE, SAITHE, VEGETABLES, PROCESSED CHEESE, MILK
PANTRY	ATERIASALAATTI, TONNIKALASALAATTI, PERUNA, EI KASTIKETTA	TUNA SALAD WITH POTATO, WITHOUT DRESSING
PANTRY	ATERIASALAATTI, SAVUKALASALAATTI, LEHTISALAATTI-MUNA, EI KASTIKETTA	SALAD WITH SMOKED FISH, LETTUCE AND EGG, WITHOUT DRESSING
PANTRY	ATERIASALAATTI, SAVUKALASALAATTI, RUOHOSIPULI-PERUNA-PUNAJUURI, EI KASTIKETTA	SALAD WITH SMOKED FISH, CHIVES, POTATO AND BEETROOT, WITHOUT DRESSING
PANTRY	ATERIASALAATTI, SAVUKALASALAATTI, RAEJUUSTO-HERNE, EI KASTIKETTA	SALAD WITH SMOKED FISH, COTTAGE CHEESE, PEAS, WITHOUT DRESSING
PANTRY	ATERIASALAATTI, ÄYRIÄIS-HERKKUSIENI, EI KASTIKETTA	SHELLFISH AND MUSHROOM SALAD, WITHOUT DRESSING
MEAT_FISH	KALAKEITTO, LOHIKEITTO, MAITO	SALMON SOUP, MILK BASED
MEAT_FISH	KALAKEITTO, KIRJOLOHIKEITTO, MAITO	RAINBOW TROUT SOUP, MILK BASED
MEAT_FISH	KIRJOLOHI, LEIVITETTY, PAISTETTU	RAINBOW TROUT, BREADED, FRIED
PANTRY	ATERIASALAATTI, TONNIKALASALAATTI, RIISI, EI KASTIKETTA	TUNA SALAD WITH RICE, WITHOUT DRESSING
MEAT_FISH	SILAKKA, KEITETTY	BALTIC HERRING, BOILED
MEAT_FISH	KALAKASTIKE, TONNIKALAKASTIKE, LIHALIEMI, KERMA	CREAMY TUNA GRAVY
MEAT_FISH	KALAKASTIKE, KATKARAPUKASTIKE, KERMAINEN	CREAMY SHRIMP GRAVY
PANTRY	ATERIASALAATTI, KATKARAPUSALAATTI, KERMAVIILIKASTIKE	SHRIMP SALAD, SOUR CREAM DRESSING
BREAD_GRAINS	KALAPIIRAKKA, MUROPOHJA, KERMAVIILI	FISH PIE, SOUR CREAM FILLING, SHORTCRUST PASTRY
MEAT_FISH	LASAGNE, LOHILASAGNE	LASAGNE, SALMON
MEAT_FISH	KALA, KESKIARVO, PAISTETTU	FISH, AVERAGE, FRIED
BREAD_GRAINS	KALAPASTEIJA, TONNIKALAPASTEIJA, TONNIKALAPIIRAKKA	FISH PASTY, TUNA PASTY
MEAT_FISH	KALAMUREKE, KERMAINEN	FISH LOAF, CREAM
MEAT_FISH	KIRJOLOHIFILEE, KERMAINEN, LEIVITETTY, UUNISSA	RAINBOW TROUT FILLET WITH CREAM, BREADED, OVEN-BAKED
MEAT_FISH	KIRJOLOHIFILEE, LEIVITETTY, UUNISSA	RAINBOW TROUT FILLET, BREADED, OVEN-BAKED
MEAT_FISH	KIRJOLOHIFILEE, UUNISSA	RAINBOW TROUT FILLET, OVEN-BAKED
MEAT_FISH	PERUNALAATIKKO, KALA-PERUNALAATIKKO, KIRJOLOHI, RUOKAKERMA	RAINBOW TROUT AND POTATO CASSEROLE, COOKING CREAM
PANTRY	ATERIASALAATTI, SAVUKALASALAATTI, PERUNA-OMENA-PURJO, EI KASTIKETTA	SALAD WITH SMOKED FISH, POTATO, APPLE AND LEEK, WITHOUT DRESSING
MEAT_FISH	SMETANALOHI, KIRJOLOHI, UUNISSA	RAINBOW TROUT FILLET WITH SOUR CREAM, OVEN-BAKED
MEAT_FISH	KALA, KESKIARVO, FRITEERATTU	FISH, AVERAGE, DEEP-FRIED
MEAT_FISH	KALA-KASVISPATA	FISH AND VEGETABLE STEW
MEAT_FISH	KAMPELA, HAUDUTETTU, VOI	FLOUNDER, STEWED, BUTTER
MEAT_FISH	JUUSTOSILAKAT, TUOREJUUSTO	BALTIC HERRING WITH CREAM CHEESE
MEAT_FISH	MUSTEKALA, FRITEERATTU	SQUID, DEEP-FRIED
DAIRY	KANANMUNA, PAISTETTU	EGG, FRIED
DAIRY	KANANMUNAN KELTUAINEN, PAISTETTU	EGG YOLK, FRIED
DAIRY	KANANMUNAN VALKUAINEN, PAISTETTU	EGG WHITE, FRIED
DAIRY	MUNAKAS, RANSKALAINEN, TÄYTTEETÖN	OMELETTE, PLAIN, FRENCH OMELETTE
DAIRY	MUNAKAS, JUUSTOMUNAKAS	OMELETTE, CHEESE OMELETTE
DAIRY	MUNAKAS, PINAATTIMUNAKAS	OMELETTE, SPINACH OMELETTE
DAIRY	MUNAKOKKELI, KEVYTMAITO	SCRAMBLED EGGS, LOW-FAT MILK
DAIRY	MUNAVOI	EGG AND BUTTER SPREAD, HARD-BOILED EGG AND BUTTER MIXTURE
DAIRY	RAEJUUSTO-MUNAVOI	HARD-BOILED EGG AND COTTAGE CHEESE MIXTURE
DAIRY	PINAATTI-MUNALAATIKKO, KEVYTMAITO	SPINACH AND EGG CASSEROLE, LOW-FAT MILK
DAIRY	KANANMUNA, KEITETTY	EGG, BOILED
DAIRY	MUNAKASRULLA, LOHITÄYTE	OMELETTE ROLL, SALMON FILLING
DAIRY	MUNAKASRULLA, KINKKUTÄYTE	OMELETTE ROLL, HAM FILLING
BREAD_GRAINS	RUISLEIPÄ, RUISSIHTILEIPÄ, VESI, RUISSIHTI-, HIIVALEIPÄJAUHO	RYE BREAD, FINE RYE BREAD, WATER, FINE RYE AND DARK WHEAT FLOUR
MEAT_FISH	HERNEKEITTO, SÄILYKE, LAIMENTAMATON, SIANLIHA	PEA SOUP, CANNED, UNDILUTED, WITH PORK
DAIRY	VANUKAS, MAITOVANUKAS, TEOLLINEN	PUDDING, MILK PUDDING, INDUSTRIAL
MEAT_FISH	HERNEKEITTO, SÄILYKE, LAIMENNETTU, SIANLIHA	PEA SOUP, CANNED, DILUTED, WITH PORK
BREAD_GRAINS	KARJALANPIIRAKKA, TEOLLINEN, TUMMA, LAKTOOSITON	KARELIAN PASTY, RICE FILLING, INDUSTRIAL, LACTOSE-FREE
BREAD_GRAINS	MUNKKI, VESI, LEIPOMO	DOUGHNUT, BAKERY
PANTRY	KASVISPIHVI/PYÖRYKKÄ, SISÄLTÄÄ SOIJAPROTEIINIA	VEGETABLE PATTY, CONTAINS SOY PROTEIN
BREAD_GRAINS	PULLA, KORVAPUUSTI, LEIPOMO, VESI	BUN, CINNAMON BUN, INDUSTRIAL, WATER
BREAD_GRAINS	PULLA, KESKIRASVAINEN, RASVATON MAITOJAUHE, LEIPOMO	BUN, FAT-FREE MILK POWDER, BAKERY
BREAD_GRAINS	PULLA, RUNSASRASVAINEN, KEVYTMAITO, LEIPOMO	BUN, HIGH-FAT, LOW-FAT MILK, BAKERY
BREAD_GRAINS	SEKALEIPÄ, VESI, GRAHAM-, RUIS-, VEHNÄJAUHO	MULTIGRAIN BREAD, WATER, GRAHAM, RYE AND WHEAT FLOUR
DAIRY	SALAATINKASTIKE, KOTITEKOINEN, JOGURTTIA	SALAD DRESSING, YOGHURT, HOME-MADE
FRUITS_VEGETABLES	NUPPUVIHANNES, KUKKAKAALI, PORKKANA, PARSAKAALI	VEGETABLE MIX, CAULIFLOWER, BROCCOLI, CARROT
PANTRY	HEDELMÄSOSE, TEOLLINEN LASTENRUOKA, TUOTEKESKIARVO	FRUIT PUREE AVERAGE, INDUSTRIAL BABYFOOD
PANTRY	MARJASOSE, TEOLLINEN LASTENRUOKA, TUOTEKESKIARVO	BERRY PUREE, AVERAGE, INDUSTRIAL BABYFOOD
PANTRY	PORKKANA-PERUNASOSE, TEOLLINEN LASTENRUOKA, TUOTEKESKIARVO	CARROT-POTATO PUREE, AVERAGE, INDUSTRIAL BABYFOOD
PANTRY	NAUDANLIHA-KASVISSOSE, TEOLLINEN LASTENRUOKA, TUOTEKESKIARVO	BEEF-VEGETABLE PUREE, AVERAGE, INDUSTRIAL BABYFOOD
PANTRY	PORSAANLIHA-KASVISSOSE, TEOLLINEN LASTENRUOKA, TUOTEKESKIARVO	PORK-VEGETABLE PUREE, AVERAGE, INDUSTRIAL BABYFOOD
PANTRY	KANA-KASVISSOSE KESKIARVO, TEOLLINEN LASTENRUOKA, TUOTEKESKIARVO	CHICKEN-VEGETABLE PUREE, AVERAGE, INDUSTRIAL BABYFOOD
PANTRY	KALA-KASVISSOSE, TEOLLINEN LASTENRUOKA, TUOTEKESKIARVO	FISH AND VEGETABLE PUREE, AVERAGE, INDUSTRIAL BABYFOOD
PANTRY	JAUHELIHAA JA SPAGETTIA, TEOLLINEN LASTENRUOKA, TUOTEKESKIARVO	MINCED MEAT AND SPAGHETTI, AVERAGE, INDUSTRIAL BABYFOOD
PANTRY	SIANLIHA, KEITETTY, SUOLATON	PORK, BOILED WITHOUT SALT
FRUITS_VEGETABLES	PERUNA, KUORITTU, KEITETTY, SUOLATON	POTATO, PEELED, BOILED WITHOUT SALT
PANTRY	PERUNASOSE, VESI, KOTITEKOINEN LASTENRUOKA, SUOLATON	POTATO PUREE, HOMEMADE BABYFOOD, WITHOUT SALT
PANTRY	PERUNASOSE, MAITO, KOTITEKOINEN LASTENRUOKA, SUOLATON	POTATO PUREE, MILK, HOME-MADE BABYFOOD, WITHOUT SALT
PANTRY	PERUNA-PORKKANASOSE, VESI, KOTITEKOINEN LASTENRUOKA, SUOLATON	POTATO-CARROT PUREE, HOME-MADE BABYFOOD, WITHOUT SALT
PANTRY	NAUDANLIHA-PERUNASOSE, KOTITEKOINEN LASTENRUOKA, SUOLATON	BEEF-POTATO PUREE, HOME-MADE BABYFOOD, WITHOUT SALT
PANTRY	PORSAANLIHA-PERUNASOSE, KOTITEKOINEN LASTENRUOKA, SUOLATON	PORK-POTATO PUREE, HOME-MADE BABYFOOD, WITHOUT SALT
PANTRY	KALA-KASVISSOSE, KOTITEKOINEN LASTENRUOKA, SUOLATON	PUREE WITH FISH AND VEGETABLE, HOME-MADE BABYFOOD, WITHOUT SALT
PANTRY	KANA-KASVISSOSE, KOTITEKOINEN LASTENRUOKA, SUOLATON	CHICKEN-VEGETABLE PUREE, HOME-MADE BABYFOOD, WITHOUT SALT
PANTRY	SALAATTI, PUNAJUURISALAATTI, MAJONEESIKASTIKE	SALAD, BEETROOT SALAD WITH MAYONNAISE
BREAD_GRAINS	SEKALEIPÄ, GRAHAMSÄMPYLÄ, VESI	MULTIGRAIN BREAD, GRAHAM ROLL, WATER
BREAD_GRAINS	VAALEA LEIPÄ, VEHNÄSÄMPYLÄ, VESI	WHITE BREAD, WHEAT ROLL, WATER
PANTRY	OHRASUURIMO, KEITETTY, SUOLAA	BARLEY, PEARL, BOILED WITH SALT
PANTRY	RIISI, TUMMA, KEITETTY, SUOLAA	RICE, BROWN, BOILED, SALT
PANTRY	MAKARONI, RUISMAKARONI, KEITETTY, SUOLAA	RYE MACARONI, BOILED, SALT
FRUITS_VEGETABLES	PERUNA, KUORINEEN, KEITETTY, SUOLAA	POTATO, UNPEELED, BOILED WITH SALT
FRUITS_VEGETABLES	MAISSINTÄHKÄ, KOKONAINEN, KEITETTY, EI SUOLAA	SWEET CORN, COB, BOILED, WITHOUT SALT
BREAD_GRAINS	PORKKANA-RIISIPIIRAKKA, SEKAKUORI, TEOLLINEN	KARELIAN PASTY FILLED WITH CARROT AND RICE, INDUSTRIAL
BREAD_GRAINS	KARJALANPIIRAKKA, VEHNÄKUORI	KARELIAN PASTY, RICE FILLING, WHEAT CRUST
FRUITS_VEGETABLES	PERUNARUUSU, DUCHESSE	DUCHESS POTATOES
FRUITS_VEGETABLES	PERUNAKROKETTI, UPPOPAISTETTU	POTATO CROQUETTE, DEEP-FRIED
FRUITS_VEGETABLES	UUNIPERUNA, ILMAN TÄYTETTÄ KUORINEEN, EI RASVAA, EI SUOLAA	POTATO, BAKED WITH SKIN, NO FILLING
FRUITS_VEGETABLES	PERUNA, UUSI, KEITETTY, SUOLAA	POTATO, NEW, BOILED WITH SALT
FRUITS_VEGETABLES	PERUNA, UUSI, KEITETTY, SUOLATON	POTATO, NEW, BOILED WITHOUT SALT
FRUITS_VEGETABLES	PERUNA, KUORINEEN, KEITETTY, SUOLATON	POTATO, UNPEELED, BOILED WITHOUT SALT
FRUITS_VEGETABLES	PERUNALAATIKKO, IMELLETTY, KEVYTMAITO	SWEETENED POTATO CASSEROLE, LOW-FAT MILK
MEAT_FISH	PERUNAMOUSSAKA, SIKA-NAUTA, KEVYTMAITO	MOUSSAKA, PORK-BEEF MINCE, POTATOES, LOW-FAT MILK
FRUITS_VEGETABLES	MAISSI, MAISSINTÄHKÄ, GRILLATTU	SWEET CORN, COB, GRILLED
FRUITS_VEGETABLES	VIININLEHTIKÄÄRYLE, RIISITÄYTE	GRAPE LEAVES, STUFFED WITH RICE, DOLMA
PANTRY	SOIJA-KASVISKASTIKE, TOMAATTINEN, SOIJAROUHE, SUURUSTAMATON	SOY BOLOGNESE
FRUITS_VEGETABLES	PERUNA-KASVISPATA	VEGETABLE POTATO STEW
PANTRY	KIKHERNEPYÖRYKKÄ, FALAFEL, PAISTETTU	CHICK PEA PATTY, FALAFEL, FRIED
PANTRY	SALAATTI, AURINKOSALAATTI, MAJONEESIKASTIKE	SALAD, CABBAGE, CARROT, PINEAPPLE, MAYONNAISE
PANTRY	SALAATTI, WALDORFIN SALAATTI, JUURISELLERI-OMENA, MAJONEESIKASTIKE	SALAD, WALDORF SALAD, CELERIAC, APPLE, WALNUT AND MAYONNAISE
PANTRY	NUUDELI, KEITETTY, SUOLATON	NOODLE, BOILED, WITHOUT SALT
BREAD_GRAINS	RIISIPUURO, VESI, RIISI, SUOLAA	RICE PORRIDGE, WATER, SALT
BREAD_GRAINS	DONITSI, SUKLAAKUORRUTUS	DOUGHNUT, CHOCOLATE COATED
BREAD_GRAINS	DONITSI, SITRUUNAKUORRUTUS	DOUGHNUT, LEMON COATED
BREAD_GRAINS	PULLA, KESKIRASVAINEN, VESI	BUN, WATER
PANTRY	PANNUKAKKU, VESI	OVEN-BAKED PANCAKE, WATER
FRUITS_VEGETABLES	RAPARPERI-KAURAHIUTALEPAISTOS	RHUBARB CRISP DELIGHT, RHUBARB, OAT FLAKES
PANTRY	MARENKI	MERINGUE
MEAT_FISH	PERUNALAATIKKO, BROILERI-PERUNALAATIKKO, RUOANVALMISTUSKERMA	CHICKEN AND POTATO CASSEROLE, COOKING CREAM
MEAT_FISH	PERUNALAATIKKO, BROILERI-PERUNALAATIKKO, KASVIRASVAKERMA	CHICKEN AND POTATO CASSEROLE, COOKING CREAM (VEGETABLE FAT)
MEAT_FISH	PYTTIPANNU, BROILERIPYTTIPANNU, EI KANANMUNAA	CHICKEN HASH, POTATO, WITHOUT EGG
MEAT_FISH	BROILERIMUREKE	CHICKEN MEATLOAF
MEAT_FISH	MAKARONILAATIKKO, LIHA-MAKARONILAATIKKO, SIKA-NAUTA, LIHALIEMI	MACARONI AND PORK BEEF MINCE CASSEROLE, MEAT BOUILLON
PANTRY	RIIMILIHA	BEEF, RAW, MARINATED IN SALT
PANTRY	TARTARPIHVI	STEAK TARTARE
MEAT_FISH	MÄTIKASTIKE, RANSKANKERMA	ROE SAUCE, CRÈME FRAÎCHE
MEAT_FISH	RAPU, KEITETTY	CRAYFISH, BOILED
MEAT_FISH	HUMMERI, KEITETTY	LOBSTER, BOILED
MEAT_FISH	SIMPUKKAKASTIKE, MAITOPOHJAINEN	MUSSEL GRAVY. LOW-FAT MILK
MEAT_FISH	GRAAVILOHI, LOHICARPACCIO, SITRUUNAA JA ÖLJYÄ	RAINBOW TROUT, SALT-CURED, CARPACCIO WITH LEMON AND OIL
MEAT_FISH	VALKOSIPULIETANA	SNAILS IN GARLIC BUTTER
DAIRY	MAITO, TÄYSMAITO, KEITETTY	MILK, WHOLE MILK, 3.5% FAT, BOILED
BREAD_GRAINS	PULLA, KESKIRASVAINEN, VESI, ÖLJY	BUN, WATER, OIL
BREAD_GRAINS	PULLA, KESKIRASVAINEN, KEVYTMAITO, ÖLJY	BUN, LOW-FAT MILK, OIL
BREAD_GRAINS	PULLA, KESKIRASVAINEN, VESI, VOI	BUN, WATER, BUTTER
BREAD_GRAINS	PULLA, KESKIRASVAINEN, KEVYTMAITO, VOI	BUN, LOW-FAT MILK, BUTTER
BREAD_GRAINS	SEKALEIPÄ, SÄMPYLÄ, VESI, ÖLJY, SÄMPYLÄJAUHO	MULTIGRAIN BREAD, BREAD ROLL, WATER, OIL, FLOUR MIX
BREAD_GRAINS	SEKALEIPÄ, SÄMPYLÄ, RASVATON MAITO, ÖLJY, SÄMPYLÄJAUHO	MULTIGRAIN BREAD, BREAD ROLL, FAT-FREE MILK, OIL, FLOUR MIX
BREAD_GRAINS	SEKALEIPÄ, SÄMPYLÄ, VESI, VOI, SÄMPYLÄJAUHO	MULTIGRAIN BREAD, BREAD ROLL, WATER, BUTTER, FLOUR MIX
BREAD_GRAINS	SEKALEIPÄ, SÄMPYLÄ, KEVYTMAITO, VOI, SÄMPYLÄJAUHO	MULTIGRAIN BREAD, BREAD ROLL, LOW-FAT MILK, BUTTER, FLOUR MIX
BREAD_GRAINS	SEKALEIPÄ, SÄMPYLÄ, TILAMAITO, VOI, SÄMPYLÄJAUHO	MULTIGRAIN BREAD, BREAD ROLL, WHOLE MILK, BUTTER, FLOUR MIX
MEAT_FISH	AHVENET FOLIOSSA, VOISSA	PERCH, BAKED IN FOIL WITH BUTTER
FRUITS_VEGETABLES	PUNAJUURI-RIISILAATIKKO, KEVYTMAITO	BEETROOT AND RICE CASSEROLE, LOW-FAT MILK
MEAT_FISH	SIMPUKKAKEITTO, KUOHUKERMA	CREAMY MUSSEL SOUP
FROZEN	PIRTELÖ, MARJA-JOGURTTIJUOMA, JÄÄTELÖÄ	BERRY SMOOTHIE WITH ICE CREAM
FROZEN	PIRTELÖ, HEDELMÄ-JOGURTTIJUOMA, JÄÄTELÖÄ	FRUIT SMOOTHIE, FRUIT SHAKE, YOGHURT, ICE CREAM
DAIRY	JUUSTOFONDUE	CHEESE FONDUE
MEAT_FISH	JAUHELIHAPIHVI, BROILERI	CHICKEN MINCE PATTY, FRIED
MEAT_FISH	JAUHELIHAPIHVI, LAMPAANLIHA, PAISTETTU	LAMB MINCE PATTY, FRIED
MEAT_FISH	JAUHELIHAPIHVI, SIANLIHA, PAISTETTU	PORK MINCE PATTY, FRIED
MEAT_FISH	JAUHELIHAPIHVI, KALKKUNA, PAISTETTU	TURKEY MINCE PATTY, FRIED
PANTRY	PAPU, VIHREÄ PAPU, KEITETTY	BEAN, GREEN BEAN, STRING BEAN, BOILED
PANTRY	ATERIASALAATTI, PASTA-MÄTI-KATKARAPUSALAATTI, AVOKADOA, ÖLJYKASTIKE	PASTA-ROE-SHRIMPSALAD, AVOCADO, OIL-BASED DRESSING
MEAT_FISH	KALAKEITTO, KOOKOSMAITO, KALA-KOOKOSMAITOKEITTO	FISH SOUP WITH COCONUT MILK
FRUITS_VEGETABLES	SIENI-OHRAKEITTO	MUSHROOM-BARLEY SOUP
PANTRY	KASVISLIEMI, LAIMENNETTU	VEGETABLE BOUILLON, DISSOLVED
FRUITS_VEGETABLES	KURKKUKEITTO, KYLMÄ	COLD CUCUMBER SOUP
FRUITS_VEGETABLES	MUNAKOISONYYTTI, JUUSTO- JA TOMAATTITÄYTE	AUBERGINE FILLED WITH TOMATO AND CHEESE
FRUITS_VEGETABLES	RISOTTO, AVOKADO-PESTORISOTTO	RISOTTO, AVOCADO AND PESTO RISOTTO
FRUITS_VEGETABLES	KASVISKEITTO, KASVIS-KOOKOSMAITOKEITTO	VEGETABLE SOUP WITH COCONUT MILK
FRUITS_VEGETABLES	NUUDELIKEITTO, KASVIKSIA	NOODLE SOUP, VEGETABLES
FRUITS_VEGETABLES	KASVISGRATIINI, KERMAINEN	VEGETABLES, GRATINATED, VEGETABLE GRATIN
FRUITS_VEGETABLES	JUUSTO-KASVISKEITTO	CHEESY VEGETABLE SOUP
FRUITS_VEGETABLES	KASVISSOSEKEITTO, HERNE-PORKKANA-MAISSI, KASVIRASVAKERMA	PURÉED VEGETABLE SOUP, PEA, CARROT, SWEETCORN, COOKING CREAM (VEG. FAT)
FRUITS_VEGETABLES	HERNESOSEKEITTO, VESI, VALKOVIINI	PEA SOUP, PUREED, WITH WHITE WINE
FRUITS_VEGETABLES	JUURESSOSEKEITTO, KASVIRASVAKERMA	ROOT VEGETABLE SOUP, PUREED, COOKING CREAM (VEG. FAT)
FRUITS_VEGETABLES	JUURESSOSEKEITTO, VESI	ROOT VEGETABLE SOUP, PUREED
FRUITS_VEGETABLES	PASTA-VIHANNESKEITTO, VESI	MACARONI AND VEGETABLE SOUP
MEAT_FISH	KATKARAPU-PORKKANAKEITTO, KASVIRASVAKERMA	SHRIMP SOUP WITH CARROT AND COOKING CREAM (VEG. FAT)
MEAT_FISH	OSTERIKEITTO, KUOHUKERMA	CREAMY OYSTER SOUP
PANTRY	ATERIASALAATTI, TONNIKALASALAATTI, KASVIKSET, EI KASTIKETTA	TUNA SALAD WITH VEGETABLES, WITHOUT DRESSING
MEAT_FISH	PERUNALAATIKKO, KINKKU-PERUNALAATIKKO, KASVIRASVAKERMA	HAM AND POTATO CASSEROLE, COOKING CREAM (VEG. FAT)
MEAT_FISH	PERUNALAATIKKO, JANSSONINKIUSAUS, KASVIRASVAKERMA	FISH AND POTATO CASSEROLE, JANSSON'S TEMPTATION, COOKING CREAM (VEG. FAT)
DAIRY	MAITOKASTIKE, VALKOKASTIKE, KEVYTMAITO, RASVA-JAUHOSUURUS, VOI	WHITE SAUCE, LOW-FAT MILK, THICKENED WITH FLOUR AND BUTTER
DAIRY	MAITOKASTIKE, VALKOKASTIKE, KEVYTMAITO, RASVA-JAUHOSUURUS, ÖLJY	WHITE SAUCE, LOW-FAT MILK, THICKENED WITH FLOUR AND OIL
PANTRY	RUSKEA KASTIKE, RASVA-JAUHOSUURUS, VOI	BROWN GRAVY, THICKENED WITH BUTTER AND FLOUR
PANTRY	RUSKEA KASTIKE, RASVA-JAUHOSUURUS, ÖLJY	BROWN GRAVY, THICKENED WITH OIL AND FLOUR
FROZEN	WOK-KASVIKSET, PORKKANA-HERKKUSIENI-SIPULI-PAPRIKA-HERNE	WOK-VEGETABLES, CARROT-CHAMPIGNON-ONION-SWEET PEPPER-PEA, FROZEN
FROZEN	WOK-KASVIKSET, VIHREÄ PAPU-PORKKANA-PAPRIKA-MAISSI-PALSTERNAKKA	WOK-VEGETABLES, GREEN BEAN-CARROT-SWEET PEPPER- SWEET CORN-PARSNIP, FROZEN
PANTRY	PEKONI, FILEE, RASVAA 18 %, PAISTETTU	BACON, FILLET, 18% FAT, FRIED
BREAD_GRAINS	VAALEA LEIPÄ, PATONKI, VALKOSIPULI/YRTTIVOI	WHITE BREAD, BAGUETTE, GARLIC BUTTER/HERB BUTTER FILLING
BREAD_GRAINS	PAAHTOLEIPÄ, KAURAPAAHTOLEIPÄ, VESI, VEHNÄJAUHO, KAURAHIUTALE	TOAST, OATS TOAST, OAT FLOUR, OAT FLAKES
PANTRY	NUUDELI, RIISINUUDELI, KEITETTY, SUOLATON	NOODLE, RICE NOODLE, BOILED WITHOUT SALT
DAIRY	KAAKAOJUOMA, KYLMÄ, RASVATON MAITO, SOKEROITU	CHOCOLATE MILK, COLD, FAT-FREE MILK, SWEETENED
FRUITS_VEGETABLES	SIENI-KASVISMUHENNOS, KASVIRASVAKERMA	MUSHROOM VEGETABLE STEW, COOKING CREAM (VEGETABLE FAT)
PANTRY	HAMPURILAINEN, KASVISHAMPURILAINEN, VEHNÄSÄMPYLÄ	VEGETABLE HAMBURGER, WHEAT BUN
BREAD_GRAINS	MARJAPIIRAKKA, TUOREJUUSTOTÄYTE, POHJASSA ÖLJY	BERRY PIE WITH CREAM CHEESE FILLING, SHORTBREAD CRUST WITH OIL
PANTRY	KEBABLIHA	KEBAB MEAT
FROZEN	WOK-KASVIKSET, PAPRIKA-SIPULI-MAISSI-PAPU	WOK-VEGETABLES, SWEET PEPPER-ONION-SWEET CORN-BEANS, FROZEN
FROZEN	KAKKU, JÄÄTELÖKAKKU, KINUSKIKUORRUTUS	CAKE, ICE CREAM CAKE, CARAMEL TOPPING
MEAT_FISH	KALKKUNA-KASVISWOKKI	TURKEY VEGETABLE WOK
PANTRY	SALAATTI, JÄÄVUORISALAATTI-PORKKANA-KESÄKURPITSA	SALAD, ICEBERG LETTUCE, CARROT AND ZUCCHINI
DAIRY	MAITO, RASVATON, KEITETTY	MILK, 0 % FAT, BOILED
MEAT_FISH	LIHAPATA, NAUDANPAISTI, LIHALIEMI, PORKKANA, VOI	BEEF STEAK STEW, MEAT BOUILLON, CARROTS, BUTTER
MEAT_FISH	LIHAPATA, NAUDANPAISTI, LIHALIEMI, PORKKANA, ÖLJY	BEEF STEAK STEW, MEAT BOUILLON, CARROTS, OIL
FRUITS_VEGETABLES	WOK-KASVIKSET, WOKATTU, PAPRIKA-SIPULI-MAISSI-PAPU	WOK-VEGETABLES, FRIED, SWEET PEPPER-ONION-SWEET CORN-BEANS
FRUITS_VEGETABLES	WOK-KASVIKSET, WOKATTU, PORKKANA-HERKKUSIENI-SIPULI-PAPRIKA-HERNE	WOK-VEGETABLES, FRIED, CARROT-CHAMPIGNON-ONION-SWEET PEPPER-PEA
FRUITS_VEGETABLES	WOK-KASVIKSET, WOKATTU, VIHREÄ PAPU, PORKKANA, PAPRIKA, MAISSI, PALSTERNAKKA	WOK-VEGETABLES, FRIED, GREEN BEAN-CARROT-SWEET PEPPER-SWEET CORN-PARSNIP
MEAT_FISH	LIHAPULLA, NAUDANPAISTI, PAISTETTU VOISSA	MEATBALL, BEEF STEAK MINCE, FRIED IN BUTTER
MEAT_FISH	LIHAPULLA, NAUDANPAISTI, PAISTETTU ÖLJYSSÄ	MEATBALL, LEAN MINCED BEEF, FRIED IN OIL
MEAT_FISH	JAUHELIHA, BROILERIN, PAISTETTU	CHICKEN MINCE, FRIED
MEAT_FISH	JAUHELIHA, BROILERIN, PAISTETTU ILMAN RASVAA	CHICKEN MINCE, FRIED WITHOUT FAT
PANTRY	VOILEIPÄ, LÄMMIN OOPPERALEIPÄ, JAUHELIHAPIHVI, KANANMUNA	SANDWICH, TOAST SANDWICH, PORK BEEF MINCE PATTY AND EGG
PANTRY	VOILEIPÄ, LÄMMIN SIENILEIPÄ	SANDWICH, TOAST SANDWICH, MUSHROOM STEW
PANTRY	VOILEIPÄ, LÄMMIN JUUSTOLEIPÄ, KANANMUNA	SANDWICH, TOAST SANDWICH, CHEESE AND EGG
FRUITS_VEGETABLES	SIENI, RYÖPÄTTY	MUSHROOM, BLANCHED
FRUITS_VEGETABLES	PERUNA, PAISTETTU, VOI	POTATO, FRIED IN BUTTER
MEAT_FISH	JAUHELIHA, LAMPAAN, PAISTETTU ILMAN RASVAA	LAMB MINCE, FRIED WITHOUT FAT
MEAT_FISH	JAUHELIHA, LAMPAAN, PAISTETTU	LAMB MINCE, FRIED
MEAT_FISH	JAUHELIHA, KALKKUNAN, PAISTETTU ILMAN RASVAA	TURKEY MINCE, FRIED WITHOUT FAT
MEAT_FISH	JAUHELIHA, KALKKUNAN, PAISTETTU	TURKEY MINCE, FRIED
MEAT_FISH	ITALIANPATA	ITALIAN STEW
PANTRY	JAUHELIHA, NAUDAN, RASVAA 17 %, PAISTETTU ILMAN RASVAA	BEEF MINCE, 17% FAT, FRIED WITHOUT FAT
MEAT_FISH	LIHAKASTIKE, SIANLIHA, VIHANNEKSIA, RUOANVALMISTUSKERMA	PORK GRAVY, VEGETABLES, COOKING CREAM
PANTRY	SIANLIHASUIKALE, PAISTETTU ÖLJYSSÄ	PORK STRIPS, FRIED IN OIL
PANTRY	NAUDANLIHASUIKALE, PAISTETTU ÖLJYSSÄ	BEEF STRIPS, FRIED IN OIL
MEAT_FISH	LIHAKASTIKE, NAUDANLIHA, VIHANNEKSIA, RUOANVALMISTUSKERMA	BEEF GRAVY, VEGETABLES, COOKING CREAM
PANTRY	KUSKUS, KEITETTY, SUOLAA, ÖLJYÄ	COUSCOUS, COOKED WITH OIL AND SALT
FRUITS_VEGETABLES	KIISSELI, MEHUKEITTO, 30 MG C-VITAMIINIA	BERRYKISSEL, BERRY DRINK, 30 MG VITAMIN C
PANTRY	PINAATTIOHUKAINEN, MAIDOTON	THIN SPINACH PANCAKE, SPINACH CREPES, WITHOUT MILK
PANTRY	HERNEKEITTO, KASVISHERNEKEITTO	VEGETARIAN PEA SOUP
MEAT_FISH	LASAGNE, NAUDANPAISTI	LASAGNE, BEEF STEAK MINCE
MEAT_FISH	PORONKÄRISTYS, VÄHÄRASVAINEN	SAUTEED REINDEER, LOW-FAT
FRUITS_VEGETABLES	PORKKANA, KEITETTY, SUOLATON	CARROT, BOILED WITHOUT SALT
BREAD_GRAINS	SEKALEIPÄ, RIESKA, PERUNA-OHRA, PERUNASOSEJAUHE	MULTIGRAIN BREAD, FLATBREAD, POTATO AND BARLEY, MASHED POTATO POWDER
BREAD_GRAINS	MUNKKI, PAISTETTU RYPSIÖLJYSSÄ	DOUGHNUT, FRIED IN RAPESEED OIL
BREAD_GRAINS	KEVÄTKÄÄRYLE, KASVISTÄYTE	SPRING ROLL, VEGETARIAN
BREAD_GRAINS	KEVÄTKÄÄRYLE, JAUHELIHATÄYTE	SPRING ROLL WITH MINCED MEAT
PANTRY	RISOTTO, SOIJA-KASVISRISOTTO	RISOTTO, SOY AND VEGETABLE RISOTTO
PANTRY	KIKHERNE-PERUNAPATA	POTATO STEW WITH CHICK PEAS
MEAT_FISH	KALAMUREKE, MAIDOTON	FISH LOAF, NO MILK
MEAT_FISH	PERUNALAATIKKO, SILAKKALAATIKKO, KEVYTMAITO, EI PEKONIA	BALTIC HERRING CASSEROLE, POTATO, LOW-FAT MILK, WITHOUT BACON
MEAT_FISH	PERUNALAATIKKO, SILAKKALAATIKKO, KALALIEMI	BALTIC HERRING CASSEROLE, POTATO, FISH BOUILLON
MEAT_FISH	KALAKASTIKE, TONNIKALAKASTIKE, TOMAATTINEN	TUNA BOLOGNESE
MEAT_FISH	LIHAPULLA, NAUDANPAISTI, UUNISSA PAISTETTU	MEATBALL, BEEF STEAK MINCE, OVEN-BAKED
MEAT_FISH	LINDSTRÖMINPIHVI, NAUDANPAISTI	LINDSTRÖM´S STEAK, BEETROOT AND BEEF STEAK MINCE
MEAT_FISH	UUNIKALA, RUOANVALMISTUSKERMA	FISH, COOKING CREAM (19% FAT), OVEN-BAKED
MEAT_FISH	BROILERIFILEE, JUUSTOTÄYTE, UUNISSA	CHICKEN FILLET, FILLED WITH CHEESE, OVEN-BAKED
MEAT_FISH	LASAGNE, BROILERINLIHA	LASAGNE, CHICKEN MINCE
MEAT_FISH	LIHAPULLA, HIRVENLIHA, PAISTETTU VOISSA	MEATBALL, MINCED ELK, FRIED IN BUTTER
BREAD_GRAINS	VAALEA LEIPÄ, NAANLEIPÄ	WHITE BREAD, NAAN BREAD
MEAT_FISH	LIHAPULLA, HIRVENLIHA, EI KERMAA, PAISTETTU	MEATBALL, MINCED ELK, WITHOUT CREAM, FRIED
MEAT_FISH	KIRJOLOHIFILEE, KASVIRASVAKERMA, LEIVITETTY, UUNISSA	RAINBOW TROUT FILLET, COOKING CREAM (VEG. FAT), BREADED, OVEN-BAKED
PANTRY	LASAGNE, SOIJA-KASVISLASAGNE	LASAGNE, SOYA VEGETABLE LASAGNE
PANTRY	KESÄKURPITSA, TÄYTETTY, SOIJA, RIISI	ZUCCHINI FILLED WITH SOYA AND RICE
FRUITS_VEGETABLES	KASVISMINESTRONEKEITTO	VEGETABLE MINESTRONE SOUP
FRUITS_VEGETABLES	KERMAPERUNA, KAHVIKERMA	SLICED BAKED POTATOES WITH CREAM (19% FAT)
FRUITS_VEGETABLES	KERMAPERUNA, KASVIRASVAKERMA	SLICED BAKED POTATOES WITH CREAM (15 % VEG. FAT)
MEAT_FISH	MAKARONILAATIKKO, LIHA-MAKARONILAATIKKO, NAUDANPAISTI, LIHALIEMI	MACARONI AND BEEF STEAK MINCE CASSEROLE, MEAT BOUILLON
MEAT_FISH	MAKARONILAATIKKO, LIHA-MAKARONILAATIKKO, NAUDANLIHA, LIHALIEMI	MACARONI AND BEEF MINCE CASSEROLE, MEAT BOUILLON
MEAT_FISH	MAKARONILAATIKKO, LIHA-MAKARONILAATIKKO, NAUDANPAISTI, KEVYTMAITO,TUMMA MAKARONI	MACARONI AND BEEF STEAK MINCE CASSEROLE, LOW-FAT MILK, WHOLE WHEAT MACARONI
FRUITS_VEGETABLES	PERUNA-SIPULILAATIKKO, KASVIRASVAKERMA 15 %	POTATO AND ONION CASSEROLE, COOKING CREAM (VEGETABLE FAT 15%)
MEAT_FISH	PERUNALAATIKKO, JAUHELIHA-PERUNALAATIKKO, NAUDANPAISTI, LIHALIEMI	MINCED MEAT AND POTATO CASSEROLE, LEAN STEAK MINCE, BOUILLON
PANTRY	HAMPURILAINEN, NAUDANLIHAPIHVI JA VEHNÄSÄMPYLÄ	HAMBURGER, BEEF AND WHEAT ROLL
MEAT_FISH	JAUHELIHAPIHVI, NAUDANLIHA, PAISTETTU	BEEF MINCE PATTY, FRIED
PANTRY	NAUDANLIHAPIHVI, PAISTETTU VOISSA	BEEF STEAK, FRIED IN BUTTER
PANTRY	NAUDANLIHALEIKE, LEIVITETTY, PAISTETTU ÖLJYSSÄ	BEEF SCHNITZEL, BREADED, FRIED IN OIL
PANTRY	NAUDANLIHALEIKE, LEIVITETTY, PAISTETTU VOISSA	BEEF SCHNITZEL, BREADED, FRIED IN BUTTER
MEAT_FISH	LIHAMUREKE, NAUDANPAISTI, VESI	MEATLOAF, BEEF STEAK, WATER
MEAT_FISH	LIHAPATA, PALAPAISTI, RUOANVALMISTUSRASVA, KESKIARVO	BEEF STEAK STEW, THICKENED
BREAD_GRAINS	NELJÄNVILJANPUURO, VESI, SUOLAA	MIXED FLAKE PORRIDGE, WATER, SALT
BREAD_GRAINS	KARJALANPIIRAKKA, PERINTEINEN, VOIDELTU VOILLA	KARELIAN PASTY, RICE FILLING, BUTTERED
PANTRY	SALAATTI, SALAATTIPÖYDÄN ANTIMET, EI KASTIKETTA	SALAD, AVERAGE MIXTURE WITHOUT SAUCE
MEAT_FISH	HERNEKEITTO, KESKIRASVAINEN NAUDANLIHA	PEASOUP WITH MEDIUM FAT BEEF
FRUITS_VEGETABLES	UUNIBANAANI	BAKED BANANA
BREAD_GRAINS	KAURAPUURO, VESI, KAURALESEITÄ, SUOLAA	OAT PORRIDGE, OAT FLAKES, OAT BRAN, WATER, SALT
FRUITS_VEGETABLES	HERKKUTATTI, KOKOON KEITETTY	PORCINI, BOILED
PANTRY	PASTA, GLUTEENITON, TUOTEKESKIARVO, KEITETTY, SUOLATON	PASTA, GLUTEN-FREE, AVERAGE OF INDUSTRIAL PRODUCTS, BOILED WITHOUT SALT
MEAT_FISH	RISOTTO, BROILERIRISOTTO	RISOTTO, CHICKEN RISOTTO
DAIRY	VANUKAS, RIISIVANUKAS, VANILJARIISI	PUDDING, RICE PUDDING WITH VANILLA
FRUITS_VEGETABLES	PALSTERNAKKA, KEITETTY, SUOLATON	PARSNIP, BOILED WITHOUT SALT
FRUITS_VEGETABLES	JUURISELLERI, KEITETTY, SUOLATON	CELERIAC, BOILED WITHOUT SALT
MEAT_FISH	SEITI, KEITETTY, SUOLATON	SAITHE, BOILED, WITHOUT SALT
MEAT_FISH	KAMPELA, KEITETTY, SUOLATON	FLOUNDER, BOILED, WITHOUT SALT
MEAT_FISH	TURSKA, KEITETTY, SUOLATON	COD, BOILED WITHOUT SALT
MEAT_FISH	KALKKUNA, KEITETTY, SUOLATON	TURKEY, BOILED, UNSALTED
PANTRY	KEKSI, LEIVOSKEKSI, KESKIARVO	JAFFA CAKE, AVERAGE
PANTRY	KEKSI, PIKKULEIPÄ	BISCUIT
PANTRY	KEKSI, PIKKULEIPÄ, PERUNAJAUHOA, FRUKTOOSILLA MAKEUTETTU	BISCUIT, POTATO FLOUR, SWEETENED WITH FRUCTOSE
PANTRY	KEKSI, SUKLAAKEKSI, TEOLLINEN, KESKIARVO	CHOCOLATE BISCUIT, INDUSTRIAL, AVERAGE
PANTRY	KEKSI, LASTENKEKSI, KESKIARVO	BISCUIT FOR CHILDREN, AVERAGE
PANTRY	KEKSI, KAURAKEKSI, TEOLLINEN	OAT BISCUIT, INDUSTRIAL
PANTRY	KEKSI, VOHVELIKEKSI	WAFER BISCUIT
PANTRY	KORPPU, SOKERIKORPPU, RASVATON MAITO, TEOLLINEN	SUGAR-COVERED RUSK, FAT-FREE MILK, INDUSTRIAL
PANTRY	KORPPU, SOKERIKORPPU, VESI, TEOLLINEN	SUGAR-COVERED RUSK, WATER, INDUSTRIAL
PANTRY	KORPPU, SOKERIKORPPU, KEVYTMAITO, KOTITEKOINEN	SUGAR-COVERED RUSK, LOW-FAT MILK, HOME-MADE
PANTRY	KORPPU, GRAHAMKORPPU, VESI, TEOLLINEN	WHOLEMEAL RUSK, INDUSTRIAL
PANTRY	KORPPU, GRAHAMKORPPU, MAITO, KOTITEKOINEN	WHOLEMEAL RUSK, MILK, HOME-MADE
PANTRY	KORPPU, VEHNÄKORPPU, MAITO, TEOLLINEN	WHEAT RUSK, MILK, INDUSTRIAL
PANTRY	KEKSI, SUOLAKEKSI	SALTED CRACKER, SALTINE CRACKER
PANTRY	KEKSI, VOILEIPÄKEKSI, VESIKEKSI	CREAM CRACKER, WATER BISCUIT
BREAD_GRAINS	NÄKKILEIPÄ, RUISNÄKKILEIPÄ, KUITUA 17 %	CRISPBREAD, RYE, 17% FIBRE
BREAD_GRAINS	HAPANKORPPU	FINN CRISP, RYE CRISPBREAD
BREAD_GRAINS	MURO, MAISSIHIUTALE, SOKERIHUURRETTU	BREAKFAST CEREAL, SUGAR-COATED CORN FLAKES
BREAD_GRAINS	MURO, WEETABIX ORIGINAL, MUROKE, VITAMINOITU	BREAKFAST CEREAL, WEETABIX ORIGINAL, VITAMINS
BREAD_GRAINS	MURO, WEETABIX, BANAANI, MUROKE	BREAKFAST CEREAL, WEETABIX BANANA FLAVOUR
BREAD_GRAINS	MURO, VEHNÄRENGASMURO	BREAKFAST CEREAL, WHEAT LOOPS
BREAD_GRAINS	MURO, NELJÄNVILJANMURO	BREAKFAST CEREAL, MIXED GRAIN
BREAD_GRAINS	MURO, SUKLAAMURO, KESKIARVO	BREAKFAST CEREAL, CHOCOLATE CEREAL, AVERAGE
BREAD_GRAINS	MURO, RIISI-VEHNÄHIUTALE	BREAKFAST CEREAL, RICE-WHEAT FLAKES
BREAD_GRAINS	MURO, LESEMURO, TÄYSJYVÄVEHNÄ	BREAKFAST CEREAL, BRAN FLAKES, WHOLE WHEAT FLAKES
BREAD_GRAINS	MURO, RIISIMURO	BREAKFAST CEREAL, RICE KRISPIES
BREAD_GRAINS	MYSLI, VILJAINEN	MUESLI, CEREAL
BREAD_GRAINS	MYSLI, PERUS	MUESLI, BASIC
BREAD_GRAINS	SEKALEIPÄ, KAURALEIPÄ, VESI	MULTIGRAIN BREAD, OAT BREAD, WATER
BREAD_GRAINS	SEKALEIPÄ, OHRALEIPÄ, VESI, HIIVALEIPÄ- OHRA-, VEHNÄJAUHO	MULTIGRAIN BREAD, BARLEY BREAD, WATER, DARK WHEAT, BARLEY AND WHEAT FLOUR
BREAD_GRAINS	VAALEA LEIPÄ, JUUSTOPATONKI	WHITE BREAD, CHEESE BAGUETTE
BREAD_GRAINS	VAALEA LEIPÄ, VALKOSIPULIPATONKI	WHITE BREAD, GARLIC BAGUETTE
BREAD_GRAINS	SEKALEIPÄ, PORKKANALEIPÄ, VESI	MULTIGRAIN BREAD, CARROT BREAD, WATER
BREAD_GRAINS	SEKALEIPÄ, PORKKANASÄMPYLÄ, VESI	MULTIGRAIN BREAD, CARROT ROLL, WATER
BREAD_GRAINS	VAALEA LEIPÄ, JUUSTOSÄMPYLÄ, VESI	WHITE BREAD, WHEAT ROLL WITH CHEESE
BREAD_GRAINS	SEKALEIPÄ, KAURASÄMPYLÄ, VESI	MULTIGRAIN BREAD, OAT ROLL, WATER
BREAD_GRAINS	PAAHTOLEIPÄ, VEHNÄ, VESI	TOAST, WHEAT TOAST
BREAD_GRAINS	PAAHTOLEIPÄ, GRAHAMPAAHTOLEIPÄ, VESI	TOAST, GRAHAM TOAST
BREAD_GRAINS	PAAHTOLEIPÄ, RUISPAAHTOLEIPÄ	TOAST, RYE TOAST
BREAD_GRAINS	SEKALEIPÄ, ROUHELEIPÄ, VAALEA, VESI	MULTIGRAIN BREAD, CRUSHED GRAINS, WATER
BREAD_GRAINS	SEKALEIPÄ, ROUHESÄMPYLÄ, VESI, VAALEA	MULTIGRAIN BREAD, BREAD ROLL, CRUSHED GRAINS, WATER
BREAD_GRAINS	SEKALEIPÄ, SÄMPYLÄ, RUISROUHESÄMPYLÄ, VESI	MULTIGRAIN BREAD, WHEAT ROLL WITH CRUSHED RYE
BREAD_GRAINS	VAALEA LEIPÄ, PERUNARIESKA, TEOLLINEN	WHITE BREAD, POTATO FLATBREAD, INDUSTRIAL
BREAD_GRAINS	SEKALEIPÄ, OHRARIESKA, TEOLLINEN	MULTIGRAIN BREAD, BARLEY FLATBREAD, INDUSTRIAL
BREAD_GRAINS	SEKALEIPÄ, RIESKA, PERUNA-OHRA, VESI, VEHNÄJAUHO, TEOLLINEN	MULTIGRAIN BREAD, FLATBREAD, POTATO AND BARLEY, WATER, WHEAT FLOUR, INDUSTRIAL
BREAD_GRAINS	SEKALEIPÄ, VESI, VEHNÄ-, RUISJAUHO, PERUNAHIUTALE	MULTIGRAIN BREAD, WATER, WHEAT AND RYE FLOUR, POTATO FLAKES
BREAD_GRAINS	SEKALEIPÄ, VAALEA, VESI, VEHNÄJAUHO, VEHNÄROUHE	MULTIGRAIN BREAD, WATER, WHEAT FLOUR, CRUSHED WHEAT GRAINS
BREAD_GRAINS	PAAHTOLEIPÄ, MONIVILJA	TOAST, MULTIGRAIN TOAST
BREAD_GRAINS	SEKALEIPÄ, SÄMPYLÄ, MONIVILJA	MULTIGRAIN BREAD, BREAD ROLL
BREAD_GRAINS	SEKALEIPÄ, RUISSÄMPYLÄ	MULTIGRAIN BREAD, RYE ROLL
BREAD_GRAINS	SEKALEIPÄ, PERUNALIMPPU, VEHNÄ-, RUISJAUHO, PERUNAHIUTALE	RYE BREAD, POTATO RYE BREAD
BREAD_GRAINS	SEKALEIPÄ, SETSUURI, PÄÄSIÄISLIMPPU/JOULULIMPPU	MULTIGRAIN BREAD, SWEET-AND-SOUR BREAD
BREAD_GRAINS	RUISLEIPÄ, RUISSEKALEIPÄ	RYE BREAD, RYE MIXED GRAIN BREAD
BREAD_GRAINS	NÄKKILEIPÄ, VEHNÄNÄKKILEIPÄ, KUITUA 7 %	CRISPBREAD, WHEAT, 7% FIBRE
BREAD_GRAINS	NÄKKILEIPÄ, GRAHAMNÄKKILEIPÄ, KUITUA 8 %	CRISPBREAD, WHOLEMEAL, 8% FIBRE
BREAD_GRAINS	RUISLEIPÄ, VARRASLEIPÄ	RYE BREAD, DRIED RYE BREAD
PANTRY	KORPPU, VEHNÄKORPPU, VESI, TEOLLINEN	WHEAT RUSK, INDUSTRIAL
PANTRY	LAMPAANLIHA, VÄHÄRASVAINEN, KEITETTY, SUOLATON	LAMB, LOW-FAT, BOILED WITHOUT SALT
MEAT_FISH	ATERIANKORVIKE, PROTEIINIJUOMA MAITOON, HERBALIFE FORMULA 1	MEAL REPLACEMENT, PROTEIN DRINK POWDER AND MILK, HERBALIFE FORMULA 1
PANTRY	PORSAANKYLKI, RIBSIT, PAISTETTU	PORK RIBS, FRIED
PANTRY	PANNUKAKKU, LAKTOOSITON MAITOJUOMA	OVEN-BAKED PANCAKE, LOW-FAT MILK, LACTOSE-FREE
MEAT_FISH	MAKARONILAATIKKO, LIHA-MAKARONILAATIKKO, SIANLIHA, KEVYTMAITO	MACARONI AND PORK MINCE CASSEROLE, LOW-FAT MILK
FRUITS_VEGETABLES	KAALILAATIKKO, LIHATON, MUNAMAITO	CABBAGE CASSEROLE, WITHOUT MEAT
MEAT_FISH	NAKKIKEITTO	FRANKFURTER SOUP
MEAT_FISH	JAUHELIHAKASTIKE, RUSKEA KASTIKE, SIANLIHA, RASVAA	PORK MINCE GRAVY
MEAT_FISH	HIRVENLIHAKÄRISTYS	SAUTEED ELK
MEAT_FISH	GRILLIMAKKARA, GRILLATTU	BARBEQUE SAUSAGE, GRILLED
BREAD_GRAINS	OHRAPUURO, UUNISSA, MAITO, OHRASUURIMO, SUOLAA	BARLEY PORRIDGE, PEARL BARLEY, MILK, SALT, OVEN-BAKED
BREAD_GRAINS	RIISIPUURO, MAITO, RIISI, SUOLATON	RICE PORRIDGE, MILK, WITHOUT SALT
BREAD_GRAINS	KAURAPUURO, RASVATON MAITO, SUOLAA	OAT PORRIDGE, OAT FLAKES, FAT-FREE MILK, SALT
BREAD_GRAINS	RIISIPUURO, TÄYSMAITO, RIISI, SUOLAA	RICE PORRIDGE, WHOLE MILK, SALT
PANTRY	ATERIASALAATTI, TONNIKALASALAATTI, KANANMUNA, EI KASTIKETTA	TUNA SALAD WITH EGG, WITHOUT DRESSING
PANTRY	ATERIASALAATTI, KATKARAPUSALAATTI, KANANMUNAA, EI KASTIKETTA	SHRIMP SALAD WITH EGG, WITHOUT DRESSING
FRUITS_VEGETABLES	SALAATTI, SIENISALAATTI, KEVYTKERMA	SALAD, MUSHROOM SALAD WITH COOKING CREAM
PANTRY	ATERIASALAATTI, CAESARSALAATTI, BROILERI, JUUSTO, CAESARKASTIKE, KRUTONKI	CAESAR SALAD WITH CHICKEN
PANTRY	HAMPURILAINEN, NAUDANLIHAPIHVI JA ROUHESÄMPYLÄ	HAMBURGER, BEEF AND WHEAT ROLL WITH CRUSHED GRAIN
PANTRY	HAMPURILAINEN, KANAHAMPURILAINEN, ROUHESÄMPYLÄ	CHICKEN HAMBURGER, WHEAT ROLL WITH CRUSHED GRAIN
PANTRY	HAMPURILAINEN, KASVISHAMPURILAINEN, ROUHESÄMPYLÄ	VEGETABLE HAMBURGER, WHEAT ROLL WITH CRUSHED GRAIN
PANTRY	HAMPURILAINEN, RUISHAMPURILAINEN, PORSAAN ULKOFILEE	HAMBURGER WITH PORK SIRLOIN AND RYE BREAD
PANTRY	SOKERIVESIKUORRUTUS	ICING
BREAD_GRAINS	PULLA, KORVAPUUSTI, RUNSASRASVAINEN, VESI, ÖLJY	BUN, CINNAMON BUN, HIGH-FAT, WATER, OIL
BREAD_GRAINS	KAURAPUURO, VESI, OMENA-KANELI, SOKERIA, SUOLATON	OAT PORRIDGE, OAT FLAKES, APPLE AND CINNAMON, WATER, WITHOUT SALT
BREAD_GRAINS	VATRUSKA, VOIDELTU	VATRUSKA, POTATO PASTY WITH RICE
MEAT_FISH	HIRVENLIHAKASTIKE, RUOANVALMISTUSKERMA	ELK MEAT GRAVY, WITH COOKING CREAM
PANTRY	MAKARONILAATIKKO, SOIJA-MAKARONILAATIKKO, KEVYTMAITO	MACARONI AND SOYA CASSEROLE, LOW-FAT MILK
MEAT_FISH	MAKARONILAATIKKO, KALA-MAKARONILAATIKKO, TONNIKALA, KEVYTMAITO	MACARONI AND TUNA CASSEROLE, LOW-FAT MILK
MEAT_FISH	KINKKUKASTIKE, MAITOPOHJAINEN, SINIHOMEJUUSTOA, RUOANVALMISTUSKERMAA	HAM AND BLUE CHEESE GRAVY, COOKING CREAM, THICKENED
MEAT_FISH	LOHIFILEE, PAISTETTU	SALMON FILLET, FRIED
DAIRY	VANUKAS, SOIJAVANUKAS	PUDDING, SOY PUDDING
PANTRY	VEHNÄTORTILLA	WHEAT TORTILLA
MEAT_FISH	VERIOHUKAINEN, TEOLLINEN	BLOOD PANCAKE, INDUSTRIAL
PANTRY	PINAATTIOHUKAINEN, TEOLLINEN	THIN SPINACH PANCAKE, SPINACH CREPES, INDUSTRIAL
MEAT_FISH	RISOTTO, JAUHELIHA-PAPURISOTTO, NAUDANLIHA	RISOTTO, BEEF MINCE AND BEAN RISOTTO
DAIRY	VANUKAS, MAITOSUKLAAVANUKAS, TEOLLINEN, KESKIARVO	PUDDING, MILK CHOCOLATE PUDDING, INDUSTRIAL, AVERAGE
PANTRY	KEBABLEIPÄ, PITAKEBAB, RULLAKEBAB, GRILLIRUOKA	PITA KEBAB, KEBAB ROLL
MEAT_FISH	UUNIKALA	FISH, OVEN-BAKED
MEAT_FISH	SUSHI, TONNIKALA, ILMAN LEVÄÄ, NIGIRI	SUSHI NIGIRI WITH TUNA, WITHOUT SEAWEED
MEAT_FISH	SUSHI, LEVÄRULLA, TUORESUOLATTU LOHI, MAKI	SUSHI MAKI WITH SALT-CURED SALMON AND SEAWEED
FRUITS_VEGETABLES	KASVISKUSKUS	VEGETABLE COUSCOUS
MEAT_FISH	LIHAPULLA, LIHAPYÖRYKKÄ, TEOLLINEN	MEATBALL, INDUSTRIAL
BREAD_GRAINS	VIINERI, VANILJAKIISSELI, HILLO, VESI, LEIPOMO	DANISH PASTRY, VANILLA CUSTARD AND JAM FILLING, WATER, BAKERY
FROZEN	WOK-KASVIKSET, MAISSI-PORKKANA-HERNE-PARSAKAALI-PAPRIKA-SIENI-PURJO	WOK-VEGETABLES, CORN-CARROT-PEA-BROCCOLI-SWEET PEPPER-MUSHROOM-LEEK, FROZEN
FRUITS_VEGETABLES	WOK-KASVIKSET, PORKKANA-HERNE-VESIKASTANJA- BAMBUNVERSO-PAPRIKA-SIENI	WOK-VEGETABLES, CARROT-PEA-WATER CHESTNUT-BAMBOO SHOOT-SWEET PEPPER-MUSHROOM
FRUITS_VEGETABLES	WOK-KASVIKSET, WOKATTU, MAISSI-PORKKANA-HERNE-PARSAKAALI-PAPRIKA-SIENI-PURJO	WOK-VEGETABLES, FRIED, SWEET CORN-CARROT-PEA-BROCCOLI-SWEET PEPPER-MUSHROOM-LEEK
FRUITS_VEGETABLES	WOK-KASVIKSET, WOKATTU, PORKKANA-HERNE-VESIKASTANJA-BAMBUNVERSO-PAPRIKA-SIENI	WOK-VEGETABLES, FRIED, CARROT-PEA-WATER CHESTNUT-BAMBOO SHOOT-SWEET PEPPER-ONION
FROZEN	WOK-KASVIKSET, LANTTU-PORKKANA-PARSAKAALI-VESIKASTANJA-MAISSI-HERNE-SIENI	WOK-VEGETABLES, SWEDE-CARROT-BROCCOLI-WATER CHESTNUT-CORN-PEA-MUSHROOM, FROZEN
FRUITS_VEGETABLES	WOK-KASVIKSET, WOKATTU, LANTTU-PORKKANA-PARSAKAALI-VESIKAST.-MAISSI-HERNE-SIENI	WOK-VEGETABLES, FRIED, SWEDE-CARROT-BROCCOLI-WATER CHESTNUT-CORN-PEA-MUSHROOM
BREAD_GRAINS	RUNEBERGINTORTTU	RUNEBERG'S CAKE
MEAT_FISH	BROILERI-KASVISWOKKI, WOKKIVIHANNEKSET	CHICKEN-VEGETABLE WOK, WOK-VEGETABLES
MEAT_FISH	PORSAS-KASVISWOKKI, WOKKIVIHANNEKSET	PORK-VEGETABLE WOK, WOK-VEGETABLES
FROZEN	PAKASTEKASVISSEKOITUS, PERUNA-SIPULISEKOITUS	FROZEN VEGETABLE MIX, POTATO-ONION
FROZEN	PERUNA-SIPULILAATIKKO, PAKASTESEKOITUS, KASVIRASVAKERMA 15 %	POTATO AND ONION CASSEROLE, FROZEN VEGETABLE MIX, COOKING CREAM (VEG. FAT 15%)
MEAT_FISH	GRILLIMAKKARA, KEITETTY	BARBEQUE SAUSAGE, BOILED
PANTRY	PORONLIHA, PAISTETTU	REINDEER, FRIED
MEAT_FISH	BROILERIN SIIPI, MARINOITU, UUNISSA	CHICKEN WING, MARINATED, OVEN-BAKED
MEAT_FISH	KAMPELAFILEE, LEIVITETTY, PAISTETTU PANNULLA	FLOUNDER, BREADED, FRIED
MEAT_FISH	KAMPELAFILEE, LEIVITETTY, UUNISSA	FLOUNDER, BREADED, OVEN-BAKED
BREAD_GRAINS	PULLA, KESKIRASVAINEN, KEVYTMAITO, KEINOTEKOISESTI MAKEUTETTU	BUN, LOW-FAT MILK, ARTIFICIALLY SWEETENED
MEAT_FISH	KALKKUNALEIKE, LEIVITETTY, UUNISSA	TURKEY SCHNITZEL, BREADED, OVEN-BAKED
MEAT_FISH	KALAPYÖRYKKÄ, TEOLLINEN	FISH BALL, INDUSTRIAL
BREAD_GRAINS	KALAKUKKO, KIRJOLOHI	RAINBOW TROUT LOAF, FISH IN RYE CRUST
FRUITS_VEGETABLES	FETA-KASVISPANNU	FETA CHEESE AND VEGETABLES, PAN-FRIED
MEAT_FISH	KALAKASTIKE, LOHIKASTIKE, KERMAINEN	CREAMY SALMON GRAVY
MEAT_FISH	BROILERIKEITTO, KASVIKSIA, KERMAINEN	CREAMY CHICKEN VEGETABLE SOUP
PANTRY	KANALIEMI, LAIMENNETTU	CHICKEN BROTH
MEAT_FISH	BROILERINLEIKE, LEIVITETTY, KARINIEMEN KANANPOJAN PANEROITU PIHVI	CHICKEN SCHNITZEL, BREADED, KARINIEMI, OVEN-BAKED
MEAT_FISH	GRILLIMAKKARA, KEVYT, GRILLATTU	BARBEQUE SAUSAGE, LIGHT, GRILLED
MEAT_FISH	GRILLIMAKKARA, LIHAISA, GRILLATTU	BARBEQUE SAUSAGE, MEATY, GRILLED
MEAT_FISH	LENKKIMAKKARA, KEVYT, GRILLATTU	SAUSAGE, RING BOLOGNA, LIGHT, GRILLED
MEAT_FISH	NAKKI, KEVYT, GRILLATTU	FRANKFURTER, LIGHT, GRILLED
MEAT_FISH	NAKKI, GRILLATTU, JUUSTOINEN	FRANKFURTER, CONTAINS CHEESE, GRILLED
MEAT_FISH	LENKKIMAKKARA, JUUSTOINEN, GRILLATTU	SAUSAGE, RING BOLOGNA, CONTAINS CHEESE, GRILLED
MEAT_FISH	GRILLIMAKKARA, KEVYT, UUNISSA	BARBEQUE SAUSAGE, LIGHT, OVEN BAKED
MEAT_FISH	GRILLIMAKKARA, LIHAISA, UUNISSA	BARBEQUE SAUSAGE, MEATY, OVEN BAKED
MEAT_FISH	LENKKIMAKKARA, KEVYT, UUNISSA	SAUSAGE, RING BOLOGNA, LIGHT, OVEN-BAKED
MEAT_FISH	LENKKIMAKKARA, UUNISSA	SAUSAGE, RING BOLOGNA, OVEN-BAKED
MEAT_FISH	LENKKIMAKKARA, JUUSTOINEN, UUNISSA	SAUSAGE, RING BOLOGNA, CONTAINS CHEESE, OVEN-BAKED
MEAT_FISH	NAKKI, UUNISSA	FRANKFURTER, OVEN-BAKED
MEAT_FISH	NAKKI, KEVYT, UUNISSA	FRANKFURTER, LIGHT, OVEN-BAKED
MEAT_FISH	NAKKI, UUNISSA, JUUSTOINEN	FRANKFURTER, CONTAINS CHEESE, OVEN-BAKED
MEAT_FISH	NAKKI, KEVYT, KEITETTY	FRANKFURTER, LIGHT, BOILED
MEAT_FISH	GRILLIMAKKARA, PAISTETTU ILMAN RASVAA	BARBEQUE SAUSAGE, FRIED WITHOUT FAT
MEAT_FISH	LAUANTAIMAKKARA, PAISTETTU ILMAN RASVAA	SAUSAGE, LAUANTAI, FRIED WITHOUT FAT
MEAT_FISH	LAUANTAIMAKKARA, PAISTETTU RASVASSA	SAUSAGE, LAUANTAI, FRIED
PANTRY	RIISI, PITKÄJYVÄINEN, KEITETTY, SUOLATON	RICE, LONG-GRAIN, BOILED WITHOUT SALT
PANTRY	RIISI, PITKÄJYVÄINEN, KASVISLIEMESSÄ, KEITETTY	RICE, LONG-GRAIN, BOILED, VEGETABLE BOUILLON
PANTRY	RIISI, TUMMA, KEITETTY, SUOLATON	RICE, BROWN, BOILED WITHOUT SALT
PANTRY	TÄYSJYVÄRIISI, KEITETTY, SUOLAA	RICE, WHOLEGRAIN, BOILED, SALT
PANTRY	RUIS-RIISISEOS, KEITETTY, SUOLATON	RICE AND RYE MIX, BOILED WITHOUT SALT
PANTRY	RIISI-KAURASEOS, KEITETTY, SUOLAA	RICE AND OAT MIX, BOILED, SALT
PANTRY	RIISI-KAURASEOS, KEITETTY, SUOLATON	RICE AND OAT MIX, BOILED, WITHOUT SALT
PANTRY	MAKARONI, KEITETTY, SUOLATON	MACARONI, BOILED WITHOUT SALT
PANTRY	PASTA, SPAGETTI, KEITETTY, SUOLATON	PASTA, SPAGHETTI, BOILED WITHOUT SALT
PANTRY	KAURAMAKARONI, KEITETTY, SUOLAA	OAT MACARONI, BOILED WITH ADDED SALT
PANTRY	MAKARONI, RUISMAKARONI, KEITETTY, SUOLATON	RYE MACARONI, BOILED, WITHOUT SALT
PANTRY	PASTA, MONIVILJAPASTA, KEITETTY, SUOLATON	PASTA, MULTIGRAIN, BOILED WITHOUT SALT
PANTRY	PASTA, MONIVILJAPASTA, KEITETTY, SUOLAA	PASTA, MULTIGRAIN, BOILED, SALT
FRUITS_VEGETABLES	PERUNASOSE, VESI, KASVIRASVALEVITE	MASHED POTATOES, WATER, VEGETABLE FAT SPREAD
FRUITS_VEGETABLES	PERUNASOSE, RASVATON MAITO	MASHED POTATOES, FAT-FREE MILK
FRUITS_VEGETABLES	PERUNASOSE, TÄYSMAITO	MASHED POTATOES, WHOLE MILK
FRUITS_VEGETABLES	PUNAJUURI, KEITETTY, SUOLATON	BEETROOT, BOILED WITHOUT SALT
FRUITS_VEGETABLES	LANTTU, KEITETTY, SUOLATON	SWEDE, BOILED WITHOUT SALT
BREAD_GRAINS	PULLA, KESKIRASVAINEN, KEVYTMAITO, LAKTOOSITON	BUN, LOW-FAT MILK, LACTOSE-FREE
MEAT_FISH	MAKARONILAATIKKO, LIHA-MAKARONILAATIKKO, SIKA-NAUTA, LAKTOOSITON MAITOJUOMA	MACARONI AND PORK BEEF MINCE CASSEROLE, LACTOSE-FREE MILK
MEAT_FISH	KALALEVITE	FISH PASTE
FRUITS_VEGETABLES	KANTARELLI, PAISTETTU	CHANTERELLE, FRIED
FROZEN	PAKASTEKASVISSEKOITUS, PERUNA-SIPULISEKOITUS, PAISTETTU	FROZEN VEGETABLE MIX, POTATO-ONION, FRIED
FRUITS_VEGETABLES	BATAATTI, UUNISSA	SWEET POTATO, BAKED
FRUITS_VEGETABLES	BATAATTI, PAISTETTU	SWEET POTATO, FRIED
FRUITS_VEGETABLES	BATAATTI, KUORITTU, KEITETTY, SUOLATON	SWEET POTATO, WITHOUT SKIN, BOILED, WITHOUT SALT
FRUITS_VEGETABLES	BATAATTI, KUORITTU, KEITETTY, SUOLAA	SWEET POTATO, WITHOUT SKIN, BOILED, SALT
FRUITS_VEGETABLES	BATAATTISOSEKEITTO, VESI	SWEET POTATO SOUP
MEAT_FISH	TONNIKALA, PAISTETTU	TUNA, FRIED
PANTRY	NUUDELI, KEITETTY, SUOLAA	NOODLE, BOILED, SALT
PANTRY	NUUDELI, KEITETTY, SUOLAA, ÖLJYÄ	NOODLE, BOILED, SALT AND OIL
PANTRY	BOOLI, 7 TIL.% ALKOHOLIA	PUNCH, 7% VOLUME
PANTRY	SUOLAPÄHKINÄ-HEDELMÄ-SEKOITUS	SALTED NUT AND DRIED FRUIT MIX
MEAT_FISH	KALKKUNAKASTIKE, RUOANVALMISTUSKERMA, VIHANNEKSIA	TURKEY VEGETABLE GRAVY WITH COOKING CREAM (15% FAT)
MEAT_FISH	KALKKUNAKASTIKE, KASVIRASVAKERMA, VIHANNEKSIA	TURKEY VEGETABLE GRAVY, COOKING CREAM (VEGETABLE FAT 15%)
MEAT_FISH	RISOTTO, KALKKUNARISOTTO	RISOTTO, TURKEY RISOTTO
FRUITS_VEGETABLES	NUPPUVIHANNES, KEITETTY, SUOLATON, KUKKAKAALI, PORKKANA, PARSAKAALI	VEGETABLE MIX WITH CAULIFLOWER, BROCCOLI, CARROT, BOILED WITHOUT ADDED SALT
PANTRY	SALAATTI, PASTA-VIHANNES	SALAD, PASTA AND VEGETABLES
DAIRY	RAHKA, HEDELMÄRAHKA, KEVYTMAITO, KOTITEKOINEN	QUARK, FRUIT QUARK, DESSERT QUARK, LOW-FAT MILK, HOME-MADE
DAIRY	RAHKA, MARJARAHKA, KEVYTMAITO, KOTITEKOINEN	QUARK, BERRY QUARK, DESSERT QUARK, LOW-FAT MILK, HOME-MADE
PANTRY	NAUDANFILEE, ULKOFILEE, UUNISSA	BEEF SIRLOIN STEAK, OVEN-BAKED
PANTRY	NAUDANFILEE, ULKOFILEE, PAISTETTU	BEEF SIRLOIN STEAK, FRIED
FRUITS_VEGETABLES	TOMAATTIKASTIKE	TOMATO SAUCE
MEAT_FISH	KALAKASTIKE, LOHIKASTIKE, TOMAATTINEN	SALMON GRAVY WITH TOMATO
FRUITS_VEGETABLES	SIPULIKEITTO	ONION SOUP
MEAT_FISH	BROILERI, KOIPI-REISI, NAHKOINEEN, UUNISSA	CHICKEN LEG AND THIGH WITH SKIN, OVEN-BAKED
MEAT_FISH	BROILERI, KOIPI-REISI, NAHATON, UUNISSA	CHICKEN LEG AND THIGH WITHOUT SKIN, OVEN-BAKED
MEAT_FISH	BROILERI, KOIPI-REISI, NAHATON, GRILLATTU	CHICKEN LEG AND THIGH WITHOUT SKIN, GRILLED
PANTRY	SALAATTI, JÄÄVUORISALAATTI, TOMAATTI, KURKKU, VIHERSEKASALAATTI	SALAD, ICEBERG LETTUCE, TOMATO AND CUCUMBER
BREAD_GRAINS	MAISSIPUURO, POLENTA, SUOLAA	MAIZE PORRIDGE, POLENTA
PANTRY	PASTA, VEHNÄNALKIOPASTA, KEITETTY, SUOLATON	PASTA CONTAINS WHEAT GERM, BOILED WITHOUT SALT
PANTRY	SIANLIHASUIKALE, MARINOITU, PAISTETTU ÖLJYSSÄ	PORK STRIPS, MARINATED, FRIED IN OIL
PANTRY	NAUDANLIHASUIKALE, MARINOITU, PAISTETTU ÖLJYSSÄ	BEEF STRIPS, MARINATED, FRIED IN OIL
MEAT_FISH	BROILERISUIKALE, PAISTETTU, SUOLATON	CHICKEN STRIPS, FRIED, WITHOUT SALT
PANTRY	KVINOA, KEITETTY, SUOLATON	QUINOA, COOKED WITHOUT SALT
PANTRY	KVINOA, KEITETTY, SUOLAA	QUINOA, COOKED WITH SALT
PANTRY	PASTA, TUMMA PROTEIINIPASTA, KEITETTY, SUOLATON	PASTA, DARK HIGH PROTEIN PASTA, BOILED WITHOUT SALT
PANTRY	MAJONEESI, KANANMUNATON	MAYONNAISE, EGG-FREE
DRINKS	KAAKAOJUOMA, SOKEROITU, VESI	COCOA, HOT CHOCOLATE, WATER, SWEETENED
PANTRY	PASTA, TUOREPASTA, KANANMUNAA, KEITETTY, SUOLATON	FRESH PASTA, CONTAINS EGG, BOILED WITHOUT SALT
DAIRY	KERMAVAAHTO SOKERITON, KOTITEKOINEN	WHIPPED CREAM, UNSWEETENED
PANTRY	HAMPURILAINEN, SIKA-NAUTAPIHVI JA VEHNÄSÄMPYLÄ	HAMBURGER, PORK AND BEEF AND WHEAT ROLL
PANTRY	TÄYTETTY LEIPÄ, PITALEIPÄ, BROILERI, SALAATTI, TOMAATTI, FETA	SANDWICH, PITA BREAD, CHICKEN, LETTUCE, TOMATO AND FETA FILLING
FRUITS_VEGETABLES	JUUSTOINEN KASVISSOSEKEITTO, TEOLLINEN, VALMISATERIA	CHEESY VEGETABLE SOUP, PUREED, INDUSTRIAL, READY MEAL
MEAT_FISH	KANAKEITTO, TEOLLINEN, VALMISATERIA	CHICKEN SOUP, INDUSTRIAL, READY MEAL
MEAT_FISH	KALAKEITTO, KIRJOLOHIKEITTO, TEOLLINEN, VALMISATERIA	RAINBOW TROUT SOUP, INDUSTRIAL, READY MEAL
MEAT_FISH	BROILERIKEITTO, KANA-KOOKOSMAITOKEITTO	CHICKEN SOUP WITH COCONUT MILK
MEAT_FISH	PERUNALAATIKKO, KEBAB-PERUNALAATIKKO, KEBABKIUSAUS, TEOLLINEN, VALMISATERIA	KEBAB AND POTATO CASSEROLE, INDUSTRIAL, READY MEAL
MEAT_FISH	BROILERIKASTIKE, RUOANVALMISTUSKERMA	CHICKEN GRAVY WITH COOKING CREAM
MEAT_FISH	BROILERI-NUUDELIWOKKI, WOKKIVIHANNEKSET	CHICKEN NOODLE WOK, WOK-VEGETABLES
MEAT_FISH	PERUNALAATIKKO, SILAKKALAATIKKO, TEOLLINEN, VALMISATERIA	BALTIC HERRING CASSEROLE, POTATO, INDUSTRIAL, READY MEAL
MEAT_FISH	PERUNALAATIKKO, TONNIKALA-PERUNASOSELAATIKKO, KEVYTMAITO	TUNA AND MASHED POTATO CASSEROLE, LOW-FAT MILK
MEAT_FISH	SPAGETTILIHAVUOKA	SPAGHETTI AND MINCED MEAT CASSEROLE
MEAT_FISH	PERUNALAATIKKO, KINKKU-PERUNALAATIKKO, KINKKUKIUSAUS, TEOLLINEN, VALMISATERIA	HAM AND POTATO CASSEROLE, INDUSTRIAL, READY MEAL
FRUITS_VEGETABLES	PERUNA-PORKKANASOSE, MAITO	MASHED POTATOES AND CARROTS, LOW-FAT MILK
MEAT_FISH	PERUNALAATIKKO, LIHA-PERUNASOSELAATIKKO, NAUDANLIHA, KEVYTMAITO	BEEF MINCE AND MASHED POTATO CASSEROLE, LOW-FAT MILK
FRUITS_VEGETABLES	RISOTTO, SIENIRISOTTO	RISOTTO, MUSHROOM RISOTTO
PANTRY	TÄYTETTY LEIPÄ, KOLMIOLEIPÄ, BROILERI, MAJONEESI	SANDWICH, CHICKEN AND MAYONNAISE
PANTRY	TÄYTETTY LEIPÄ, KATKARAPUKOLMIOLEIPÄ	SANDWICH, SHRIMP
PANTRY	TÄYTETTY LEIPÄ, KINKKUKOLMIOLEIPÄ	SANDWICH, HAM
PANTRY	TÄYTETTY LEIPÄ, TONNIKALAKOLMIOLEIPÄ	SANDWICH, TUNA
MEAT_FISH	MAKARONILAATIKKO, LIHA-MAKARONILAATIKKO, TEOLLINEN, VALMISATERIA	MACARONI AND MEAT CASSEROLE, INDUSTRIAL, READY MEAL
MEAT_FISH	BROILERIKASTIKE, KANAA TIKKA	CHICKEN TIKKA
PANTRY	MANGO-CHUTNEY, HAPANIMELÄKASTIKE	MANGO CHUTNEY, SWEET AND SOUR SAUCE
DAIRY	KYLMÄ KASTIKE, KURKKURAITA, INTIALAINEN JOGURTTIKASTIKE	INDIAN YOGHURT SAUCE, CUCUMBER RAITA
FRUITS_VEGETABLES	PERUNA-KUKKAKAALICURRY	POTATO CAULIFLOWER CURRY
MEAT_FISH	LIHAPATA, LAMMASCURRY	LAMB CURRY
PANTRY	MAKARONI, PASTA, KANANMUNAA, KEITETTY, SUOLATON	MACARONI, PASTA, CONTAINS EGG, BOILED, WITHOUT SALT
BREAD_GRAINS	MUNKKI, HILLOA JA SOKERIVESIKUORRUTE, LEIPOMO	DOUGHNUT, JAM AND ICING, BAKERY
MEAT_FISH	JAUHELIHA, BROILERIN, PAISTETTU ILMAN RASVAA, SUOLATON	CHICKEN MINCE, FRIED WITHOUT FAT AND SALT
MEAT_FISH	JAUHELIHA, NAUDAN, RASVAA 17 %, PAISTETTU ILMAN RASVAA, SUOLATON	BEEF MINCE, 17% FAT, FRIED WITHOUT FAT AND SALT
MEAT_FISH	MAKSALAATIKKO, TEOLLINEN, VALMISATERIA	LIVER CASSEROLE, INDUSTRIAL, READY MEAL
FRUITS_VEGETABLES	KIISSELI, MEHUKEITTO, KEINOTEKOISESTI MAKEUTETTU, TEOLLINEN	BERRY KISSEL, ARTIFICIALLY SWEETENED, INDUSTRIAL
DAIRY	MUNAKAS, KINKKU-JUUSTOMUNAKAS	OMELETTE, HAM AND CHEESE OMELETTE
BREAD_GRAINS	PAAHTOLEIPÄ, RUNSASKUITUINEN, VÄHÄSUOLAINEN	TOAST, HIGH-FIBRE, LOW SODIUM
BREAD_GRAINS	NÄKKILEIPÄ, LUONTAISESTI GLUTEENITON, VITAMINOITU, KUITUA 7,5 %	CRISPBREAD, NATURALLY GLUTEN-FREE, WITH ADDED VITAMINS, 7.5% FIBRE
PANTRY	KEKSI, VÄLIPALAKEKSI, GLUTEENITON	BISCUIT, SNACK BISCUIT, GLUTEN-FREE
BREAD_GRAINS	PAAHTOLEIPÄ, GLUTEENITON, VEHNÄTÄRKKELYSTÄ	TOAST, GLUTEN-FREE, CONTAINS WHEAT STARCH
BREAD_GRAINS	MYSLI, HEDELMÄMYSLI, FINAX, LUONTAISESTI GLUTEENITON	MUESLI WITH DRIED FRUIT, NATURALLY GLUTEN-FREE, FINAX
PANTRY	PAPU, VIHREÄ PAPU, KEITETTY, SUOLATON	BEAN, GREEN BEAN, STRING BEAN, BOILED WITHOUT SALT
BREAD_GRAINS	NÄKKILEIPÄ, GLUTEENITON, MAITO JA VEHNÄTÄRKKELYS, VITAMINOITU, KUITUA 7 %	CRISPBREAD, GLUTEN-FREE, WITH ADDED VITAMINS, 7% FIBRE
BREAD_GRAINS	KUIVAKAKKU, TIIKERIKAKKU	CHOCOLATE MARBLE CAKE
BREAD_GRAINS	KUIVAKAKKU, BANAANIKAKKU	BANANA CAKE
BREAD_GRAINS	KAKKU, JUUSTOKAKKU, UUNISSA	CAKE, CHEESE CAKE, OVEN-BAKED
BREAD_GRAINS	KAKKU, JUUSTOKAKKU ILMAN UUNIA	CAKE, CHEESE CAKE, UNBAKED
BREAD_GRAINS	TÄYTEKAKUN POHJA	BASIC PLAIN SPONGE CAKE
BREAD_GRAINS	TÄYTEKAKUN POHJA, LUONTAISESTI GLUTEENITON	BASIC PLAIN SPONGE CAKE, NATURALLY GLUTEN-FREE
BREAD_GRAINS	TÄYTEKAKUN POHJA, GLUTEENITON	BASIC PLAIN SPONGE CAKE, GLUTEN-FREE
BREAD_GRAINS	TÄYTEKAKUN POHJA, ILMAN KANANMUNAA	BASIC PLAIN SPONGE CAKE, EGG-FREE
BREAD_GRAINS	KÄÄRETORTUN POHJA	SWISS ROLL DOUGH
BREAD_GRAINS	UNELMATORTUN POHJA	CHOCOLATE SWISS ROLL CAKE
BREAD_GRAINS	KÄÄRETORTUN POHJA, LEIPOMO	SWISS ROLL DOUGH, BAKERY
BREAD_GRAINS	KÄÄRETORTUN POHJA, LUONTAISESTI GLUTEENITON	SWISS ROLL DOUGH, NATURALLY GLUTEN-FREE
BREAD_GRAINS	UNELMATORTUN POHJA, LUONTAISESTI GLUTEENITON	CHOCOLATE SWISS ROLL CAKE, NATURALLY GLUTEN-FREE
BREAD_GRAINS	TÄYTEKAKUN/KÄÄRETORTUN POHJA, KEINOTEKOISESTI MAKEUTETTU	BASIC PLAIN SPONGE CAKE/SWISS ROLL, ARTIFICIALLY SWEETENED
BREAD_GRAINS	KÄÄRETORTUN POHJA, GLUTEENITON	SWISS ROLL DOUGH, GLUTEN-FREE
BREAD_GRAINS	UNELMATORTUN POHJA, GLUTEENITON	CHOCOLATE SWISS ROLL CAKE, GLUTEN-FREE
BREAD_GRAINS	TÄYTEKAKUN/KÄÄRETORTUN POHJA, FRUKTOOSILLA MAKEUTETTU	BASIC PLAIN SPONGE CAKE/SWISS ROLL, SWEETENED WITH FRUCTOSE
FROZEN	KAKKU, MUTAKAKKU, KOSTEA SUKLAAKAKKU, FRÖDINGE, PAKASTE	CAKE, MUD CAKE, CHOCOLATE CAKE, FRÖDINGE, FROZEN
PANTRY	VOIKREEMITÄYTE, UNELMATORTUN TÄYTE	BUTTER CREAM, CHOCOLATE SWISS ROLL FILLING
BREAD_GRAINS	KÄÄRETORTTU, UNELMATORTTU, LUONTAISESTI GLUTEENITON	CHOCOLATE SWISS ROLL, NATURALLY GLUTEN-FREE
BREAD_GRAINS	KÄÄRETORTTU, UNELMATORTTU, GLUTEENITON	CHOCOLATE SWISS ROLL, GLUTEN-FREE
BREAD_GRAINS	KÄÄRETORTTU, VAALEA	SWISS ROLL
BREAD_GRAINS	KÄÄRETORTTU, LUONTAISESTI GLUTEENITON	SWISS ROLL, NATURALLY GLUTEN-FREE
BREAD_GRAINS	KÄÄRETORTTU, FRUKTOOSILLA MAKEUTETTU	SWISS ROLL, SWEETENED WITH FRUCTOSE
BREAD_GRAINS	KUIVAKAKKU, MAUSTEKAKKU	GINGERBREAD CAKE
BREAD_GRAINS	KUIVAKAKKU, TAATELIKAKKU	DATE CAKE
BREAD_GRAINS	TÄYTEKAKKU, KÄPYKAKKU	SPONGE CAKE, MARZIPAN CAKE, BUTTER CREAM FILLING
BREAD_GRAINS	TÄYTEKAKKU, MANSIKKA-KERMAKAKKU	SPONGE CAKE, STRAWBERRY AND CREAM FILLING
BREAD_GRAINS	TÄYTEKAKUN POHJA, LEIPOMO	BASIC PLAIN SPONGE CAKE, BAKERY
BREAD_GRAINS	TÄYTEKAKKU, MANSIKKA-KERMAKAKKU, LEIPOMO	SPONGE CAKE, STRAWBERRY AND CREAM FILLING, BAKERY
PANTRY	KAKKUKREEMI, VANILLIINIKREEMI	VANILLACRÈME
BREAD_GRAINS	KAKKU, TIRAMISU	CAKE, TIRAMISU
PANTRY	KAKUN MOKKAKUORRUTUS	CAKE COATING, MOCHA
BREAD_GRAINS	KAKKU, TOSCAKAKKU, MAITO	CAKE, TOSCA CAKE
BREAD_GRAINS	TÄYTEKAKKU, SUKLAA-KERMAKAKKU, HILLOTÄYTE	SPONGE CAKE, CHOCOLATE CAKE WITH CREAM AND JAM FILLING
BREAD_GRAINS	TÄYTEKAKKU, KINUSKIKAKKU, TÄYTTEENÄ OMENASOSETTA JA VANILJAKIISSELIÄ	SPONGE CAKE, CARAMEL CAKE, APPLE PUREE AND VANILLA PUDDING FILLING
PANTRY	KREEMI, KAKUN KUORRUTE	CRÈME
BREAD_GRAINS	TÄYTEKAKKU, KREEMIKAKKU	SPONGE CAKE, BUTTER ICING
BREAD_GRAINS	TÄYTEKAKKU, KERMAKAKKU, KASVIRASVAKERMA	SPONGE CAKE, CREAM FILLING, VEGETABLE FAT CREAM PRODUCT
BREAD_GRAINS	KUIVAKAKKU, MUROKAKKU	SHORTCAKE
BREAD_GRAINS	KAKKU, SACHERKAKKU	CAKE, SACHER CAKE
BREAD_GRAINS	TÄYTEKAKKU, PRINSESSAKAKKU, MARSIPAANIKUORRUTUS	SPONGE CAKE, PRINCESS CAKE, MARZIPAN TOPPING
BREAD_GRAINS	KUIVAKAKKU, PIIMÄKAKKU	GINGERBREAD CAKE MADE WITH SOURMILK
BREAD_GRAINS	KUIVAKAKKU, KERMAKAKKU	GINGERBREAD CAKE MADE WITH CREAM
BREAD_GRAINS	TÄYTEKAKKU, KINUSKI-KREEMIKAKKU, LEIPOMO	SPONGE CAKE, CARAMEL CAKE WITH BUTTER ICING, BAKERY
PANTRY	KAKKURASVA	FAT USED IN CAKES
BREAD_GRAINS	KAKKU, PORKKANAKAKKU, LEIPOMO	CAKE, CARROT CAKE, BAKERY
PANTRY	KEKSI, LASTENKEKSI, TIVOLI-KEKSI, PIRKKA	BISCUIT FOR CHILDREN, TIVOLI, PIRKKA
PANTRY	KEKSI, LASTENKEKSI, CARNEVAL, FAZER, PERINTEINEN	BISCUIT FOR CHILDREN, CARNEVAL, FAZER
PANTRY	KEKSI, KAURAKEKSI, JYVÄSHYVÄ LUONNONHYVÄT, RYPSIÖLJY	OAT BISCUIT, JYVÄSHYVÄ LUONNONHYVÄT, RAPESEED OIL-BASED
PANTRY	KEKSI, DIGESTIVE VÄLIPALAKEKSI, TEOLLINEN	DIGESTIVE BISCUIT, INDUSTRIAL
PANTRY	KEKSI, COOKIE, SUKLAINEN KEKSI	CHOCOLATE CHIP COOKIE
PANTRY	KEKSI, KAURAKEKSI, TEOLLINEN, KESKIARVO	OAT BISCUIT, INDUSTRIAL, AVERAGE
PANTRY	KEKSI, LASTENKEKSI, MUUMI KUVIOKEKSI, LU	BISCUIT FOR CHILDREN, MOOMIN, LU
PANTRY	KEKSI, VÄLIPALAKEKSI, ELOVENA	BISCUIT, ELOVENA, SNACK BISCUIT
PANTRY	KEKSI, LASTENKEKSI, LUONTAISESTI GLUTEENITON, SCHÄR	BISCUIT FOR CHILDREN, NATURALLY GLUTEN-FREE, SCHÄR
BREAD_GRAINS	MUNKKI/DONITSI, GLUTEENITON, VEHNÄTÄRKKELYSTÄ	DOUGHNUT, GLUTEN-FREE, CONTAINS WHEAT STARCH
BREAD_GRAINS	PULLA, KORVAPUUSTI, GLUTEENITON, TEOLLINEN, VEHNÄTÄRKKELYS	BUN, CINNAMON BUN, GLUTEN-FREE, INDUSTRIAL, WHEAT STARCH
PANTRY	KEKSI, DIGESTIVE VÄLIPALAKEKSI, GLUTEENITON, VEHNÄTÄRKKELYSTÄ	DIGESTIVE BISCUIT, GLUTEN-FREE
PANTRY	KEKSI, VOHVELIKEKSI, SUKLAAKUORRUTE, SEMPER, GLUTEENITON	WAFER COVERED WITH CHOCOLATE, GLUTEN-FREE, SEMPER
PANTRY	KEKSI, SITRUUNAVOHVELI, LUONTAISESTI GLUTEENITON, KESKIARVO	LEMON WAFER, NATURALLY GLUTEN-FREE, AVERAGE
PANTRY	KEKSI, TUMMA TÄYTEKEKSI, LUONTAISESTI GLUTEENITON	CHOCOLATE SANDWICH COOKIE, NATURALLY GLUTEN-FREE
PANTRY	KEKSI, MUROKEKSI, LUONTAISESTI GLUTEENITON, KESKIARVO	SHORTBREAD BISCUIT, NATURALLY GLUTEN-FREE
PANTRY	KEKSI, VOILEIPÄKEKSI, LUONTAISESTI GLUTEENITON	CREAM CRACKER, NATURALLY GLUTEN-FREE
PANTRY	KEKSI, PIPARKAKKU, GLUTEENITON	BISCUIT, GINGERBREAD, GLUTEN-FREE
PANTRY	KEKSI, COOKIE, SUKLAINEN KEKSI, LUONTAISESTI GLUTEENITON, KESKIARVO	CHOCOLATE CHIP COOKIE, NATURALLY GLUTEN-FREE
PANTRY	KORPPU, GLUTEENITON	RUSK, GLUTEN-FREE
FROZEN	KAKKU, MUFFINI, LUONTAISESTI GLUTEENITON, PAKASTE	CAKE, MUFFIN, NATURALLY GLUTEN-FREE
PANTRY	KEKSI, LEIVOSKEKSI, LUONTAISESTI GLUTEENITON	JAFFA CAKE, NATURALLY GLUTEN-FREE
BREAD_GRAINS	KARJALANPIIRAKKA, LUONTAISESTI GLUTEENITON, TEOLLINEN, KESKIARVO	KARELIAN PASTY, RICE FILLING, GLUTEN-FREE, INDUSTRIAL, AVERAGE
PANTRY	VOILEIPÄKAKKU, TONNIKALA	SAVOURY SANDWICH CAKE, TUNA
PANTRY	VOILEIPÄKAKKU, KASVIS	SAVOURY SANDWICH CAKE, VEGETABLE
PANTRY	VOILEIPÄKAKKU, LOHI	SAVOURY SANDWICH CAKE, SALT-CURED SALMON
PANTRY	VOILEIPÄKAKKU, LIHA	SAVOURY SANDWICH CAKE, MEAT
PANTRY	KEKSI, PIPARKAKKU, TEOLLINEN	BISCUIT, GINGERBREAD, INDUSTRIAL
PANTRY	KEKSI, PIPARKAKKU, KOTITEKOINEN	BISCUIT, GINGERBREAD, HOME-MADE
PANTRY	KEKSI, FRUKTOOSILLA MAKEUTETTU	BISCUIT, SWEETENED WITH FRUCTOSE
PANTRY	KEKSI, LEIVOSKEKSI, JAFFA APPELSIINI, LU	JAFFA CAKE, ORANGE, LU
PANTRY	KEKSI, MUROKEKSI, KOTITEKOINEN, KANANMUNAA	SHORTBREAD BISCUIT WITH EGG
PANTRY	KEKSI, MUROKEKSI, KOTITEKOINEN, KANANMUNATON	SHORTBREAD BISCUIT WITHOUT EGG
PANTRY	KEKSI, HANNA-TÄDIN PIKKULEIPÄ	BISCUIT, AUNT HANNA'S COOKIES
PANTRY	KEKSI, TUMMA TÄYTEKEKSI, KESKIARVO	CHOCOLATE SANDWICH COOKIE, AVERAGE
PANTRY	KEKSI, SUKLAAKUORRUTE, TEOLLINEN, KESKIARVO	BISCUIT COVERED WITH CHOCOLATE, INDUSTRIAL, AVERAGE
PANTRY	KEKSI, VOHVELIKEKSI, SUKLAAKUORRUTE	WAFER, COVERED WITH CHOCOLATE
BREAD_GRAINS	KAKKU, MUFFINI, SUKLAAMUFFINI	CAKE, CHOCOLATE MUFFIN
BREAD_GRAINS	KAKKU, MUFFINI	CAKE, PLAIN CAKE, MUFFIN
PANTRY	KEKSI, RYPSIÖLJYPOHJAINEN KEKSI, TUOTEKESKIARVO	BISCUIT, RAPESEED OIL-BASED, AVERAGE
PANTRY	KEKSI, LASTENKEKSI, TEOLLINEN, TUOTEKESKIARVO	BISCUIT FOR CHILDREN, AVERAGE OF INDUSTRIAL PRODUCTS
BREAD_GRAINS	TIPPALEIPÄ, KEVYTMAITO	MAY DAY FRITTER, LOW-FAT MILK
BREAD_GRAINS	TIPPALEIPÄ, RASVATON MAITO	MAY DAY FRITTER, FAT-FREE MILK
PANTRY	KEKSI, KAURAKEKSI, SOKERITON, KOTITEKOINEN	OAT BISCUIT, SUGAR-FREE, HOME-MADE
PANTRY	KEKSI, KAURAKEKSI, GLUTEENITON, KOTITEKOINEN, VEHNÄTÄRKKELYSTÄ	OAT BISCUIT GLUTEN-FREE, HOME-MADE
PANTRY	JÄLKIRUOKAKASTIKE, VANILJAKASTIKE, KEVYTMAITO, VEHNÄJAUHO	VANILLA SAUCE, LOW-FAT MILK, WHEAT FLOUR
BREAD_GRAINS	VIINERI, VANILJAKIISSELI, KEVYTMAITO	DANISH PASTRY, VANILLA CUSTARD, LOW-FAT MILK
BREAD_GRAINS	VIINERI, VANILJAKIISSELI, RASVATON MAITO	DANISH PASTRY, VANILLA CUSTARD, FAT-FREE MILK
BREAD_GRAINS	VIINERI, VANILJAKIISSELI, TÄYSMAITO	DANISH PASTRY, VANILLA CUSTARD, WHOLE MILK
BREAD_GRAINS	VOITAIKINA KESKIARVO, TÄYTTEETÖN, UUNISSA	BUTTER DOUGH, OVEN-BAKED
BREAD_GRAINS	TUULIHATTU, EI TÄYTETTÄ	PROFITEROLE, WITHOUT FILLING
PANTRY	PASTA, LUONTAISESTI GLUTEENITON, KEITETTY, SUOLATON	PASTA, NATURALLY GLUTEN-FREE, BOILED WITHOUT SALT
PANTRY	PASTA, SPAGETTI, LUONTAISESTI GLUTEENITON, KANANMUNAA, KEITETTY, SUOLATON	PASTA, SPAGHETTI, NATURALLY GLUTEN-FREE, CONTAINS EGG, BOILED WITHOUT SALT
PANTRY	PASTA, KUITUPITOINEN, LUONTAISESTI GLUTEENITON, KEITETTY, SUOLATON	PASTA, RICH IN FIBER, NATURALLY GLUTEN-FREE, BOILED WITHOUT SALT
BREAD_GRAINS	VAALEA LEIPÄ, GLUTEENITON, MAITO JA VEHNÄTÄRKKELYS, VITAMINOITU	TOAST, GLUTEN-FREE
BREAD_GRAINS	VAALEA LEIPÄ, GLUTEENITON, VEHNÄTÄRKKELYSTÄ, VITAMINOITU	GLUTEN-FREE BREAD, CONTAINS WHEAT STARCH, WITH ADDED VITAMINS
BREAD_GRAINS	SEKALEIPÄ, LUONTAISESTI GLUTEENITON	MULTIGRAIN BREAD, NATURALLY GLUTEN-FREE
BREAD_GRAINS	SEKALEIPÄ, TATTARILEIPÄ, VESI, TATTARIJAUHO, PSYLLIUM, LUONTAISESTI GLUTEENITON	MULTIGRAIN BREAD, BUCKWHEAT BREAD, NATURALLY GLUTEN-FREE
BREAD_GRAINS	SEKALEIPÄ, TUMMA LEIPÄ, LUONTAISESTI GLUTEENITON	MULTIGRAIN BREAD, DARK BREAD, NATURALLY GLUTEN-FREE
BREAD_GRAINS	SEKALEIPÄ, SIEMENLEIPÄ, LUONTAISESTI GLUTEENITON	MULTIGRAIN BREAD, SEED BREAD, NATURALLY GLUTEN-FREE
BREAD_GRAINS	SEKALEIPÄ, KAURALEIPÄ, LUONTAISESTI GLUTEENITON	MULTIGRAIN BREAD, OAT BREAD, NATURALLY GLUTEN-FREE
BREAD_GRAINS	KARJALANPIIRAKKA, LUONTAISESTI GLUTEENITON, MOILAS	KARELIAN PASTY, RICE FILLING, NATURALLY GLUTEN-FREE, MOILAS
BREAD_GRAINS	MAKEAN PIIRAKAN MUROTAIKINAPOHJA	SHORTBREAD PIE CRUST, SWEET
BREAD_GRAINS	OMENAPIIRAKKA, PIIMÄTAIKINAPOHJA	APPLE PIE, SHORTBREAD CRUST WITH SOUR MILK
BREAD_GRAINS	MAKEAN PIIRAKAN PULLAPOHJA, RASVATON MAITO	BASIC SWEET DOUGH FOR PIES, FAT-FREE MILK
BREAD_GRAINS	MAKEAN PIIRAKAN PULLAPOHJA, KEVYTMAITO	BASIC SWEET DOUGH FOR PIES, LOW-FAT MILK
BREAD_GRAINS	MAKEAN PIIRAKAN PULLAPOHJA, TÄYSMAITO	BASIC SWEET DOUGH FOR PIES, WHOLE MILK
BREAD_GRAINS	PIIRAKAN PULLAPOHJA, RASVATON MAITO, SOKERITON	SWEET YEAST DOUGH FOR PIES, SEMI-SKIMMED MILK, WITHOUT SUGAR
BREAD_GRAINS	PIIRAKAN PULLAPOHJA, KEVYTMAITO, SOKERITON	BASIC SWEET DOUGH FOR PIES, LOW-FAT MILK, WITHOUT SUGAR
BREAD_GRAINS	PIIRAKAN PULLAPOHJA, TÄYSMAITO, SOKERITON	SWEET YEAST SOUGH FOR PIES, WHOLE MILK, WITHOUT SUGAR
BREAD_GRAINS	MAKEAN PIIRAKAN MUROPOHJA, FRUKTOOSILLA MAKEUTETTU	SHORTBREAD PIE CRUST, SWEETENED WITH FRUCTOSE
BREAD_GRAINS	PIIRAKAN MUROTAIKINAPOHJA, KEINOTEKOISESTI MAKEUTETTU	SHORTBREAD PIE CRUST, ARTIFICIALLY SWEETENED
BREAD_GRAINS	PIIRAKAN PULLAPOHJA, RASVATON MAITO, FRUKTOOSILLA MAKEUTETTU	SWEET YEAST DOUGH FOR PIES, FAT-FREE MILK, SWEETENED WITH FRUCTOSE
BREAD_GRAINS	PIIRAKAN PULLAPOHJA, KEVYTMAITO, FRUKTOOSILLA MAKEUTETTU	BASIC SWEET DOUGH FOR PIES, LOW-FAT MILK, SWEETENED WITH FRUCTOSE
BREAD_GRAINS	PIIRAKAN PULLAPOHJA, TÄYSMAITO, FRUKTOOSILLA MAKEUTETTU	SWEET YEAST DOUGH FOR PIES, WHOLE MILK, SWEETENED WITH FRUCTOSE
BREAD_GRAINS	PIIRAKAN PULLAPOHJA, RASVATON MAITO, KEINOTEKOISESTI MAKEUTETTU	SWEET YEAST DOUGH FOR PIES, FAT-FREE MILK, SWEETENED WITH ASPARTAME
BREAD_GRAINS	PIIRAKAN PULLAPOHJA, KEVYTMAITO, KEINOTEKOISESTI MAKEUTETTU	BASIC SWEET DOUGH FOR PIES, LOW-FAT MILK, SWEETENED WITH ASPARTAME
BREAD_GRAINS	PIIRAKAN PULLAPOHJA, TÄYSMAITO, KEINOTEKOISESTI MAKEUTETTU	SWEET YEAST DOUGH FOR PIES, WHOLE MILK, SWEETENED WITH ASPARTAME
BREAD_GRAINS	PIIRAKAN MUROTAIKINAPOHJA, SOKERITON	SHORTBREAD PIE CRUST, SUGAR-FREE
BREAD_GRAINS	MAKEAN PIIRAKAN PULLAPOHJA, VESI	BASIC SWEET DOUGH FOR PIES, DAIRY-FREE
BREAD_GRAINS	MAKEAN PIIRAKAN PULLAPOHJA, KANANMUNATON	BASIC SWEET DOUGH FOR PIES, EGG-FREE
BREAD_GRAINS	MAKEAN PIIRAKAN PULLAPOHJA, VESI, MAIDOTON, KANANMUNATON	BASIC SWEET DOUGH FOR PIES, DAIRY-FREE, EGG-FREE
BREAD_GRAINS	RAHKAPIIRAKAN TÄYTE, RUSINOITA	QUARK FILLING FOR PIES, CONTAINS RAISINS
BREAD_GRAINS	MAKEAN PIIRAKAN PULLAPOHJA, GLUTEENITON, VEHNÄTÄRKKELYS JA MAITO	BASIC SWEET DOUGH FOR PIES, GLUTEN-FREE, WHEAT STARCH, MILK
BREAD_GRAINS	MAKEAN PIIRAKAN PULLAPOHJA, LUONTAISESTI GLUTEENITON, MAITO	BASIC SWEET DOUGH FOR PIES, NATURALLY GLUTEN-FREE, CONTAINS MILK
BREAD_GRAINS	MAKEAN PIIRAKAN MUROTAIKINAPOHJA, VEHNÄTÄRKKELYSTÄ, GLUTEENITON	SHORTBREAD PIE CRUST, CONTAINS WHEAT STARCH, GLUTEN-FREE
BREAD_GRAINS	MAKEAN PIIRAKAN MUROTAIKINAPOHJA, LUONTAISESTI GLUTEENITON	SHORTBREAD PIE CRUST, NATURALLY GLUTEN-FREE
BREAD_GRAINS	PIIRAKAN KERMAVIILITÄYTE	SOUR CREAM FILLING FOR SWEET PIES
BREAD_GRAINS	PIIRAKAN RAHKATÄYTE	QUARK FILLING FOR PIES
BREAD_GRAINS	RAHKAMARJAPIIRAKKA, PULLAPOHJA, RASVATON MAITO	BERRY PIE WITH QUARK FILLING, BASIC SWEET DOUGH, FAT-FREE MILK
BREAD_GRAINS	RAHKAMARJAPIIRAKKA, PULLAPOHJA, KEVYTMAITO	BERRY PIE WITH QUARK FILLING, BASIC SWEET DOUGH, LOW FAT MILK
BREAD_GRAINS	RAHKAMARJAPIIRAKKA, PULLAPOHJA, TÄYSMAITO	BERRY PIE WITH QUARK FILLING, BASIC SWEET DOUGH, WHOLE MILK
BREAD_GRAINS	RAPARPERIRAHKAPIIRAKKA, MUROPOHJA	RHUBARB PIE WITH QUARK FILLING, SHORTBREAD CRUST
BREAD_GRAINS	PUOLUKKARÖNTTÖNEN	LINGONBERRY PIE WITH RYE CRUST, RÖNTTÖNEN
BREAD_GRAINS	FETA-PINAATTIPIIRAKKA, MUROPOHJA, JOGURTTIA	FETA AND SPINACH PIE, SHORTCRUST PASTRY
BREAD_GRAINS	RAHKAVOITAIKINA	BUTTER DOUGH WITH QUARK
BREAD_GRAINS	PERUNAVOITAIKINA	BUTTER DOUGH WITH POTATO PUREE
BREAD_GRAINS	JUUSTOPIIRAKKA, VOITAIKINAPOHJA	CHEESE PIE, BUTTER DOUGH
BREAD_GRAINS	KALAPIIRAKKA, VOITAKINAPOHJA	FISH PIE, BUTTER DOUGH
BREAD_GRAINS	LOHI-RIISIPIIRAKKA, VOITAIKINAPOHJA	SALMON AND RICE PIE, BUTTER DOUGH
BREAD_GRAINS	KALA-RIISIPIIRAKKA, MUROPOHJA	FISH AND RICE PIE, SHORTCRUST PASTRY
BREAD_GRAINS	KAALIPIIRAKKA, VOITAIKINAPOHJA	CABBAGE PIE, BUTTER DOUGH
BREAD_GRAINS	KINKKU-JUUSTOPIIRAKKA, MUROPOHJA	HAM AND CHEESE PIE, SHORTCRUST PASTRY
BREAD_GRAINS	KARJALANPIIRAKKA, TUMMA, SAARIOINEN	KARELIAN PASTY, RICE FILLING, DARK, SAARIOINEN
BREAD_GRAINS	KARJALANPIIRAKKA, PERINTEINEN RIISIPIIRAKKA, SAARIOINEN	KARELIAN PASTY, RICE FILLING, SAARIOINEN
BREAD_GRAINS	KARJALANPIIRAKKA, VAALEA, SAARIOINEN	KARELIAN PASTY, RICE FILLING, LIGHT, SAARIOINEN
FROZEN	KARJALANPIIRAKKA, PIRKKA PARHAAT, PAKASTE	KARELIAN PASTY, RICE FILLING, PIRKKA PARHAAT, FROZEN
BREAD_GRAINS	KARJALANPIIRAKKA, PIRKKA	KARELIAN PASTY, RICE FILLING, PIRKKA
FROZEN	KARJALANPIIRAKKA, PIRKKA, PAKASTE	KARELIAN PASTY, RICE FILLING, PIRKKA, FROZEN
FROZEN	KARJALANPIIRAKKA, COCKTAIL-RIISIPIIRAKKA, MOILAS, PAKASTE	KARELIAN PASTY, RICE FILLING, SMALL, MOILAS, FROZEN
BREAD_GRAINS	KARJALANPIIRAKKA, RIISIPIIRAKKA, MOILAS	KARELIAN PASTY, RICE FILLING, MOILAS
FROZEN	KAKKU, MANTELITORTTU, ALMONDY, PAKASTE	CAKE, ALMOND CAKE, ALMONDY, FROZEN
FROZEN	KAKKU, DAIM-KAKKU, ALMONDY, PAKASTE	CAKE, DAIM CAKE, ALMONDY, FROZEN
FROZEN	KAKKU, JUUSTOKAKKU, ALMONDY, PAKASTE	CAKE, CHEESE CAKE ALMONDY, FROZEN
FROZEN	TÄYTEKAKKU, MARENKIKAKKU, FRÖDINGE, PAKASTE	SPONGE CAKE, MERINGUE CAKE, FRÖDINGE, FROZEN
FROZEN	TÄYTEKAKKU, MANSIKKAKAKKU, FRÖDINGE, PAKASTE	SPONGE CAKE, STRAWBERRY CAKE, FROZEN, FRÖDINGE
FROZEN	TÄYTEKAKKU, KINUSKIKAKKU, FRÖDINGE, PAKASTE	SPONGE CAKE, CARAMEL CAKE, FROZEN, FRÖDINGE
FROZEN	TÄYTEKAKKU, SUKLAAKAKKU, FRÖDINGE, PAKASTE	SPONGE CAKE, CHOCOLATE CAKE, FROZEN, FRÖDINGE
BREAD_GRAINS	MUNA-RIISIPASTEIJA, VOITAIKINA	EGG AND RICE PASTY, BUTTER DOUGH
BREAD_GRAINS	LIHAPIIRAKKA, PIRKKA	DEEP-FRIED MEAT PASTY, PIRKKA
BREAD_GRAINS	LIHAPIIRAKKA, ATRIA	DEEP-FRIED MEAT PASTY, ATRIA
BREAD_GRAINS	KARJALANPIIRAKKA, ATRIA	KARELIAN PASTY, RICE FILLING, ATRIA
BREAD_GRAINS	PULLA, KESKIRASVAINEN, KEVYTMAITO, FRUKTOOSILLA MAKEUTETTU	BUN, LOW-FAT MILK, SWEETENED WITH FRUCTOSE
BREAD_GRAINS	PULLA, KESKIRASVAINEN, KEVYTMAITO, MUNATON	BUN, LOW-FAT MILK, EGG-FREE
BREAD_GRAINS	PULLA, VÄHÄRASVAINEN, KEVYTMAITO	BUN, LOW-FAT, LOW-FAT MILK
BREAD_GRAINS	LIHAPIIRAKKA, TEOLLINEN, TUOTEKESKIARVO	DEEP-FRIED MEAT PASTY, AVERAGE OF INDUSTRIAL PRODUCTS
FROZEN	PULLA, PIRKKA/X-TRA, PAKASTE	BUN, PIRKKA/X-TRA, FROZEN
BREAD_GRAINS	RUISLEIPÄ, REISSUMIES, OULULAINEN, FAZER	RYE BREAD, REISSUMIES, OULULAINEN, FAZER
BREAD_GRAINS	RUISLEIPÄ, OULULAINEN REILU RUISLEIPÄ, FAZER	RYE BREAD, OULULAINEN REILU, FAZER
BREAD_GRAINS	(ARC)RUISLEIPÄ, VILPURI PIKKURUIS TÄYSJYVÄRUISLEIPÄ, FAZER	(ARC)RYE BREAD, WHOLEGRAIN RYE, VILPURI PIKKURUIS, FAZER
BREAD_GRAINS	RUISLEIPÄ, REAL TUMMA TÄYSJYVÄLEIPÄ, FAZER	RYE BREAD, WHOLEGRAIN RYE, REAL TUMMA, FAZER
BREAD_GRAINS	RUISLEIPÄ, PUIKULA RUIS, FAZER	RYE BREAD, PUIKULA, FAZER
BREAD_GRAINS	RUISLEIPÄ, TOSI RUKIINEN, VAASAN	RYE BREAD, TOSI RUKIINEN, VAASAN
BREAD_GRAINS	RUISLEIPÄ, JYVÄROUHEA TÄYSJYVÄRUISLEIPÄ, VAASAN	RYE BREAD, WHOLEGRAIN RYE, JYVÄROUHEA, VAASAN
BREAD_GRAINS	RUISLEIPÄ, RUISSYDÄN, VAASAN, RUIS-, VEHNÄJAUHO	RYE BREAD, WHOLEGRAIN RYE, WHEAT FLOUR, RUISSYDÄN, VAASAN
BREAD_GRAINS	RUISLEIPÄ, 100 % RUIS, HALKAISTU TÄYSJYVÄRUISLEIPÄ, VAASAN	RYE BREAD, WHOLEGRAIN RYE, 100% RYE, VAASAN
BREAD_GRAINS	RUISLEIPÄ, RUISPALAT, VAASAN	RYE BREAD, RUISPALAT, VAASAN
BREAD_GRAINS	RUISLEIPÄ, OULULAINEN JÄLKIUUNIPALA, FAZER	RYE BREAD, OULULAINEN JÄLKIUUNIPALA, FAZER
BREAD_GRAINS	RUISLEIPÄ, OULULAINEN JÄLKIUUNILEIPÄ, VÄHEMMÄN SUOLAA, FAZER	RYE BREAD, OULULAINEN JÄLKIUUNILEIPÄ, LESS SALT, FAZER
BREAD_GRAINS	RUISLEIPÄ, OULULAINEN JÄLKIUUNIVIIPALEET, FAZER	RYE BREAD, OULULAINEN JÄLKIUUNIVIIPALEET, FAZER
BREAD_GRAINS	RUISLEIPÄ, OULULAINEN JÄLKIUUNIVUOKA, FAZER, TÄYSJYVÄRUISJAUHO, -LESE	RYE BREAD, WHOLEGRAIN RYE, OULULAINEN JÄLKIUUNIVUOKA, FAZER
BREAD_GRAINS	RUISLEIPÄ, UOTILAN MAALAISRUISLIMPPU, TÄYSJYVÄRUISJAUHO	RYE BREAD, WHOLEGRAIN RYE, UOTILAN MAALAISRUISLIMPPU
BREAD_GRAINS	RUISLEIPÄ, UOTILAN PERUNALIMPPU, TÄYSJYVÄRUIS-, HIIVALEIPÄVEHNÄJAUHO	RYE BREAD, WHOLEGRAIN RYE, DARK WHEAT FLOUR, POTATO, UOTILAN PERUNALIMPPU
BREAD_GRAINS	RUISLEIPÄ, ROVASTINLIMPPU, FAZER, TÄYSJYVÄRUIS-, HIIVALEIPÄVEHNÄJAUHO	RYE BREAD, WHOLEGRAIN RYE, DARK WHEAT FLOUR, ROVASTINLIMPPU, FAZER
BREAD_GRAINS	RUISLEIPÄ, OULULAINEN RUISLIMPPU, FAZER	RYE BREAD, OULULAINEN RUISLIMPPU, FAZER
BREAD_GRAINS	RUISLEIPÄ, SAARISTOLAISLEIPÄ, RUKIINEN, SAARISTOLAISPALAT, VAASAN	RYE BREAD, SWEET AND SOUR RYE MALT BREAD, SAARISTOLAISPALAT, VAASAN
BREAD_GRAINS	SEKALEIPÄ, MONIVILJAPATONKI, RUISKUITUA, SIEMENIÄ	MULTIGRAIN BREAD, MULTIGRAIN BAGUETTE, RYE FIBER, SEEDS
BREAD_GRAINS	VAALEA LEIPÄ, JUUSTOPATONKI, FAZER, VEHNÄJAUHO	WHITE BREAD, WHEAT BAGUETTE WITH CHEESE, FAZER
BREAD_GRAINS	PAAHTOLEIPÄ, PAAHTOSÄMPYLÄ MONIVILJA, FAZER	TOAST, MULTIGRAIN TOAST, FAZER ROAST ROLLS
BREAD_GRAINS	PAAHTOLEIPÄ, PAAHTOSÄMPYLÄ RUIS, FAZER	TOAST, RYE TOAST, FAZER ROAST ROLLS
BREAD_GRAINS	VAALEA LEIPÄ, JUUSTOSÄMPYLÄ, FAZER, VEHNÄJAUHO	WHITE BREAD, WHEAT ROLL WITH CHEESE, FAZER
BREAD_GRAINS	SEKALEIPÄ, OULULAINEN REILU TÄYSJYVÄVIIPALEET, FAZER, RYPSIÖLJYÄ	MULTIGRAIN BREAD, WHOLEGRAIN, RAPESEED OIL, REILU TÄYSJYVÄVIIPALEET, FAZER
BREAD_GRAINS	VAALEA LEIPÄ, OULULAINEN REILU VEHNÄLESEVIIPALEET, FAZER, VEHNÄJAUHO, -LESE	WHITE BREAD, WHEAT FLOUR, WHEAT BRAN, REILU VEHNÄLESEVIIPALEET, FAZER
BREAD_GRAINS	VAALEA LEIPÄ, OULULAINEN REILU VEHNÄVIIPALEET, FAZER, VEHNÄJAUHO	WHITE BREAD, WHEAT TOAST, OULULAINEN REILU VEHNÄVIIPALEET, FAZER
BREAD_GRAINS	PAAHTOLEIPÄ, MONIVILJALEIPÄ, FAZER ALKU	TOAST, MULTIGRAIN TOAST, FAZER ALKU
BREAD_GRAINS	SEKALEIPÄ, KAURALEIPÄ, FAZER, VEHNÄJAUHO, KAURAHIUTALE	MULTIGRAIN BREAD, OAT BREAD, WHEAT FLOUR, OAT FLAKES, FAZER
BREAD_GRAINS	VAALEA LEIPÄ, MAALAISLEIPÄ, FAZER, VEHNÄJAUHO	WHITE BREAD, WHEAT BREAD, MAALAISLEIPÄ, FAZER
BREAD_GRAINS	PAAHTOLEIPÄ, RUISPAAHTO, FAZER, VEHNÄJAUHO, RUISKUITU, KAURAKUITU	TOAST, RYE TOAST, FAZER
BREAD_GRAINS	PAAHTOLEIPÄ, KAURAPAAHTO, FAZER, VEHNÄJAUHO, KAURAHIUTALE,-KUITU	TOAST, OATS TOAST, FAZER KAURAPAAHTO
BREAD_GRAINS	PAAHTOLEIPÄ, TÄYSJYVÄPAAHTO, FAZER, TÄYSJYVÄVEHNÄJAUHO, VEHNÄJAUHO	TOAST, GRAHAM TOAST, FAZER TÄYSJYVÄPAAHTO
BREAD_GRAINS	PAAHTOLEIPÄ, VEHNÄPAAHTO, FAZER	TOAST, WHEAT TOAST, FAZER
BREAD_GRAINS	SEKALEIPÄ, PUIKULA KAURA, FAZER	MULTIGRAIN BREAD, OAT BREAD, PUIKULA KAURA, FAZER
BREAD_GRAINS	PAAHTOLEIPÄ, ARKIPAAHTO VEHNÄ, VAASAN, VEHNÄJAUHO	TOAST, WHEAT TOAST, VAASAN ARKIPAAHTO
BREAD_GRAINS	PAAHTOLEIPÄ, ARKIPAAHTO GRAHAM, VAASAN	TOAST, GRAHAM TOAST, VAASAN ARKIPAAHTO
BREAD_GRAINS	PAAHTOLEIPÄ, 100 % RUISPAAHTO, VAASAN, RUISJAUHO,-ROUHE,-MALLAS,-KUITU	TOAST, RYE TOAST, VAASAN 100% RUISPAAHTO
BREAD_GRAINS	PAAHTOLEIPÄ, PAAHTOSÄMPYLÄ KAURA-JUUSTO, FAZER	TOAST, OATS AND CHEESE, FAZER ROAST ROLLS
BREAD_GRAINS	SEKALEIPÄ, PIIMÄLIMPPU, VAASAN	MULTIGRAIN BREAD, BUTTERMILK BREAD, VAASAN
BREAD_GRAINS	PAAHTOLEIPÄ, ISOPAAHTO GRAHAM, GRAHAMPAAHTOLEIPÄ, VAASAN	TOAST, GRAHAM TOAST, VAASAN ISOPAAHTO
BREAD_GRAINS	PAAHTOLEIPÄ, ISOPAAHTO MONIVILJA, VAASAN	TOAST, MULTIGRAIN TOAST, VAASAN ISOPAAHTO
BREAD_GRAINS	SEKALEIPÄ, MAALAISVIIPALEET, VIIPALOITU, VAASAN	MULTIGRAIN BREAD, SLICED, MAALAISVIIPALEET, VAASAN
BREAD_GRAINS	VAALEA LEIPÄ, LAPIN PAKARIN JUUSTORIESKASET, JUUSTORIESKA, VAASAN	WHITE BREAD, FLATBREAD WITH CHEESE, LAPIN PAKARIN JUUSTORIESKASET, VAASAN
BREAD_GRAINS	VAALEA LEIPÄ, LAPIN PAKARIN PERUNARIESKASET, PERUNARIESKA, VAASAN	WHITE BREAD, POTATO FLATBREAD, LAPIN PAKARIN PERUNARIESKASET, VAASAN
BREAD_GRAINS	SEKALEIPÄ, LAPIN PAKARIN OHRARIESKASET, OHRARIESKA, VAASAN	MULTIGRAIN BREAD, BARLEY FLATBREAD, LAPIN PAKARIN OHRARIESKASET, VAASAN
BREAD_GRAINS	SEKALEIPÄ, MONIVILJAVIIPALEET, VIIPALOITU, VAASAN	MULTIGRAIN BREAD, SLICED, MONIVILJAVIIPALEET, VAASAN
BREAD_GRAINS	SEKALEIPÄ, KAURAPALAT, REVITTY, VAASAN	MULTIGRAIN BREAD, OAT BREAD, KAURAPALAT, VAASAN
BREAD_GRAINS	SEKALEIPÄ, TÄYSHYVÄT 100 % MONIVILJALEIPÄ, TÄYSJYVÄVEHNÄLEIPÄ, VAASAN	MULTIGRAIN BREAD, WHOLEGRAIN WHEAT, TÄYSHYVÄT 100% MONIVILJALEIPÄ, VAASAN
BREAD_GRAINS	SEKALEIPÄ, TÄYSHYVÄT 100 % JYVÄISET VIIPALEET, VAASAN	MULTIGRAIN BREAD, SLICED, TÄYSHYVÄT 100% JYVÄISET VIIPALEET, VAASAN
BREAD_GRAINS	VAALEA LEIPÄ, JUUSTOSÄMPYLÄ, VAASAN, VEHNÄJAUHO	WHITE BREAD, WHEAT ROLL WITH CHEESE, VAASAN
BREAD_GRAINS	RUISLEIPÄ, TAIKARUIS 100 % RUISSÄMPYLÄ, VAASAN	RYE BREAD, RYE BREAD ROLL, TAIKARUIS 100%, VAASAN
BREAD_GRAINS	VAALEA LEIPÄ, MUHKU PORKKANASÄMPYLÄ, VAASAN	WHITE BREAD, CARROT ROLL, MUHKU PORKKANASÄMPYLÄ, VAASAN
BREAD_GRAINS	VAALEA LEIPÄ, PERHE VEHNÄSÄMPYLÄ, VAASAN, VEHNÄJAUHO, -ROUHE	WHITE BREAD, WHEAT ROLL, PERHE VEHNÄSÄMPYLÄ, VAASAN
BREAD_GRAINS	RUISLEIPÄ, TAIKARUIS RUISVIIPALE, 100 % RUIS, VAASAN	RYE BREAD, TAIKARUIS RUISVIIPALE, 100% RYE, VAASAN
BREAD_GRAINS	SEKALEIPÄ, AITTALEIPÄ, VIIPALOITU, PERHELEIPURIT	MULTIGRAIN BREAD, AITTALEIPÄ, PERHELEIPURIT
MEAT_FISH	PERUNALAATIKKO, LIHA-PERUNASOSELAATIKKO, ATRIA, VALMISATERIA	BEEF MINCE AND MASHED POTATO CASSEROLE, ATRIA, READY MEAL
MEAT_FISH	PERUNALAATIKKO, LIHA-PERUNASOSELAATIKKO, SAARIOINEN, VALMISATERIA	BEEF MINCE AND MASHED POTATO CASSEROLE, SAARIOINEN, READY MEAL
DAIRY	VANUKAS, MAITOSUKLAAVANUKAS, POWER COW/KIDIUS	PUDDING, MILK CHOCOLATE PUDDING, POWER COW/KIDIUS
DAIRY	VANUKAS, MAITOVANUKAS, MUU MAKU, POWER COW/KIDIUS	PUDDING, MILK PUDDING, POWER COW/KIDIUS
PANTRY	PINAATTIOHUKAINEN, ATRIA/PIRKKA	THIN SPINACH PANCAKE, SPINACH CREPES, ATRIA/PIRKKA
DAIRY	VANUKAS, RIISI-MARJAVANUKAS, RISIFRUTTI	PUDDING, RICE PUDDING WITH BERRIES, RISIFRUTTI
DAIRY	VANUKAS, MANNA-MARJAVANUKAS, RISIFRUTTI MANNA	PUDDING, SEMOLINA PUDDING WITH BERRIES, RISIFRUTTI MANNA
MEAT_FISH	MAKARONILAATIKKO, LIHA-MAKARONILAATIKKO, SAARIOINEN/PIRKKA, VALMISATERIA	MACARONI AND MEAT CASSEROLE, SAARIOINEN/PIRKKA, READY MEAL
BREAD_GRAINS	VANUKAS, MANNA-SUKLAAVANUKAS, RISIFRUTTI SUKLAAMANNA	PUDDING, SEMOLINA CHOCOLATE PUDDING, RISIFRUTTI SUKLAAMANNA
MEAT_FISH	MAKARONILAATIKKO, LIHA-MAKARONILAATIKKO, ATRIA, VALMISATERIA	MACARONI AND MEAT CASSEROLE, ATRIA, READY MEAL
DAIRY	VANUKAS, MAITOSUKLAA-VANILJAVANUKAS, PAULA	PUDDING, MILK CHOCOLATE AND VANILLA PUDDING, PAULA
FRUITS_VEGETABLES	KIISSELI, MARJAVANUKAS, KEVYT, MARJAKIISSELI JA VANILJAKASTIKE, TEOLLINEN	PUDDING WITH VANILLA SAUCE AND BERRIES, INDUSTRIAL
DAIRY	VANUKAS, SUKLAA-KERMAVANUKAS, SUSETTE	PUDDING, CHOCOLATE PUDDING WITH WHIPPED CREAM, SUSETTE
DAIRY	VANUKAS, SUKLAAVANUKAS, KOTITEKOINEN, MAITO, KESKIARVO	PUDDING, CHOCOLATE PUDDING, MILK, HOME-MADE, AVERAGE
BREAD_GRAINS	SEKALEIPÄ, OIVALLUS KUITUPALAT, PÅGEN	MULTIGRAIN BREAD, OIVALLUS KUITUPALAT, PÅGEN
MEAT_FISH	MAKSALAATIKKO, PIRKKA/SAARIOINEN, VALMISATERIA	LIVER CASSEROLE, PIRKKA/SAARIOINEN, READY MEAL
MEAT_FISH	MAKSALAATIKKO, LAKTOOSITON JA RUSINATON, TEOLLINEN, VALMISATERIA	LIVER CASSEROLE, WITHOUT RAISINS, LACTOSE-FREE, INDUSTRIAL, READY MEAL
DAIRY	VANUKAS, SUKLAASOIJAVANUKAS, KALSIUMIA	PUDDING, CHOCOLATE SOY PUDDING, CALCIUM
DAIRY	VANUKAS, SUKLAASOIJAVANUKAS, KALSIUMIA JA VITAMIINEJA	PUDDING, CHOCOLATE SOY PUDDING, CALCIUM, VITAMINS
MEAT_FISH	MAKSALAATIKKO, ATRIA/RAINBOW, VALMISATERIA	LIVER CASSEROLE, ATRIA/RAINBOW, READY MEAL
DAIRY	VANUKAS, SOIJAVANUKAS, KALSIUMIA JA VITAMIINEJA	PUDDING, SOY PUDDING, CALCIUM, VITAMINS
DAIRY	VANUKAS, MAITOVANUKAS, JACKY, RASVAA 2,7 %, MUU MAKU	PUDDING, MILK PUDDING, 2.7% FAT, JACKY
DAIRY	VANUKAS, MAITOSUKLAAVANUKAS, JACKY	PUDDING, MILK CHOCOLATE PUDDING, JACKY
DAIRY	VANUKAS, KAAKAOVANUKAS, JACKY	PUDDING, COCOA PUDDING, JACKY
DAIRY	VANUKAS, SUKLAAVANUKAS, KOTITEKOINEN, MAITO, MAISSITÄRKKELYS	PUDDING, CHOCOLATE PUDDING, MILK, CORN STARCH, HOME-MADE
DAIRY	VANUKAS, SUKLAAVANUKAS, KOTITEKOINEN, MAITO, LIIVATE	PUDDING, CHOCOLATE PUDDING, MILK, GELATIN, HOME-MADE
MEAT_FISH	LIHAPULLA, LIHAPYÖRYKKÄ HK/PIRKKA	MEATBALL, HK/PIRKKA, INDUSTRIAL
BREAD_GRAINS	VANUKAS, RIISI-MARJAVANUKAS, MARJARIISI, PIRKKA/RAINBOW	PUDDING, RICE PUDDING WITH BERRIES, PIRKKA/RAINBOW
BREAD_GRAINS	VANUKAS, RIISI-MARJAVANUKAS, RISIFRUTTI, KEVYT	PUDDING, RICE PUDDING WITH BERRIES, LIGHT, RISIFRUTTI
DAIRY	VANUKAS, KINUSKIVANUKAS, JACKY, VÄHEMMÄN SOKERIA	PUDDING, CARAMEL PUDDING, LESS SUGAR, JACKY
DAIRY	VANUKAS, MAITOSUKLAAVANUKAS, JACKY, VÄHEMMÄN SOKERIA	PUDDING, MILK CHOCOLATE PUDDING, LESS SUGAR, JACKY
DAIRY	PIRTELÖ, POWER COW, SUKLAANMAKUINEN, ARLA	MILKSHAKE, POWER COW, CHOCOLATE FLAVOUR
DAIRY	PIRTELÖ, POWER COW, VANILJA TAI HEDELMÄ, ARLA	MILKSHAKE, POWER COW, VANILLA/FRUIT
DAIRY	VANUKAS, KAAKAOVANUKAS, X-TRA, RASVAA 0,9 %	PUDDING, COCOA PUDDING, 0.9% FAT, X-TRA
DAIRY	VANUKAS, MAITOVANUKAS, X-TRA, RASVAA 0,9 %	PUDDING, MILK PUDDING, 0.9% FAT, X-TRA
MEAT_FISH	PERUNALAATIKKO, LIHA-PERUNASOSELAATIKKO, PIRKKA, VALMISATERIA	MINCED MEAT AND MASHED POTATO CASSEROLE, PIRKKA, READY MEAL
MEAT_FISH	LIHAPULLA, LIHAPYÖRYKKÄ, ATRIA	MEATBALL, ATRIA, INDUSTRIAL
MEAT_FISH	LIHAPULLA, LIHAPYÖRYKKÄ KEVYT, HK	MEATBALL, LESS FAT, HK, INDUSTRIAL
MEAT_FISH	LIHAPULLA, MUMMON LIHAPULLA, HK	MEATBALL, MUMMON LIHAPULLA, HK, INDUSTRIAL
MEAT_FISH	LIHAPULLA, HERKKUPYÖRYKKÄ, SAARIOINEN	MEATBALL, GOURMET MEATBALL, SAARIOINEN, INDUSTRIAL
BREAD_GRAINS	HILLOPIIRAKKA, MUROPOHJA, GLUTEENITON, VEHNÄTÄRKKELYSTÄ	JAM PIE, SHORT BREAD CRUST, GLUTEN-FREE, CONTAINS WHEAT STARCH
BREAD_GRAINS	HILLOPIIRAKKA, PULLAPOHJA, GLUTEENITON, VEHNÄTÄRKKELYS JA MAITO	JAM PIE, BASIC SWEET DOUGH, GLUTEN-FREE, CONTAINS WHEAT STARCH AND MILK
BREAD_GRAINS	HILLOPIIRAKKA, MUROPOHJA, LUONTAISESTI GLUTEENITON	JAM PIE, SHORTBREAD CRUST, NATURALLY GLUTEN-FREE
BREAD_GRAINS	MAKEAN PIIRAKAN PULLAPOHJA, GLUTEENITON, MAIDOTON, KANANMUNATON	BASIC SWEET DOUGH FOR PIES, GLUTEN-FREE, DAIRY-FREE, EGG-FREE
BREAD_GRAINS	MAKEAN PIIRAKAN PULLAPOHJA, LUONTAISESTI GLUTEENITON, MAIDOTON, KANANMUNATON	BASIC SWEET DOUGH FOR PIES, NATURALLY GLUTEN-FREE, DAIRY-FREE, EGG-FREE
BREAD_GRAINS	MAKEAN PIIRAKAN PULLAPOHJA, GLUTEENITON, MAIDOTON, VEHNÄTÄRKKELYSTÄ	BASIC SWEET DOUGH FOR PIES, GLUTEN-FREE, DAIRY-FREE, CONTAINS WHEAT STARCH
BREAD_GRAINS	MAKEAN PIIRAKAN PULLAPOHJA, LUONTAISESTI GLUTEENITON, MAIDOTON	BASIC SWEET DOUGH FOR PIES, NATURALLY GLUTEN-FREE, DAIRY-FREE
BREAD_GRAINS	MAKEAN PIIRAKAN PULLAPOHJA, GLUTEENITON, KANANMUNATON, VEHNÄTÄRKKELYSTÄ	BASIC SWEET DOUGH FOR PIES, GLUTEN-FREE, EGG-FREE, WHEAT STARCH, MILK
BREAD_GRAINS	MAKEAN PIIRAKAN PULLAPOHJA, LUONTAISESTI GLUTEENITON, KANANMUNATON	BASIC SWEET DOUGH FOR PIES, NATURALLY GLUTEN-FREE, EGG-FREE
BREAD_GRAINS	MARJAPIIRAKKA, MUROPOHJA, GLUTEENITON, VEHNÄTÄRKKELYSTÄ	BERRY PIE, SHORTBREAD CRUST, GLUTEN-FREE, CONTAINS WHEAT STARCH
BREAD_GRAINS	MARJAPIIRAKKA, MUROPOHJA, LUONTAISESTI GLUTEENITON	BERRY PIE, SHORTBREAD CRUST, NATURALLY GLUTEN-FREE
BREAD_GRAINS	MARJAPIIRAKKA, PULLAPOHJA, GLUTEENITON, VEHNÄTÄRKKELYS JA MAITO	BERRY PIE, BASIC SWEET DOUGH, GLUTEN-FREE, CONTAINS WHEAT STARCH AND MILK
BREAD_GRAINS	MARJAPIIRAKKA, PULLAPOHJA, LUONTAISESTI GLUTEENITON, MAITO	BERRY PIE, BASIC SWEET DOUGH, NATURALLY GLUTEN-FREE, CONTAINS MILK
BREAD_GRAINS	OMENAPIIRAKKA, MUROPOHJA, GLUTEENITON, VEHNÄTÄRKKELYSTÄ	APPLE PIE, SHORTBREAD CRUST, GLUTEN-FREE, CONTAINS WHEAT STARCH
MEAT_FISH	BROILERIPYÖRYKKÄ, SAARIOINEN	CHICKEN MEATBALL, SAARIOINEN
MEAT_FISH	BROILERIPYÖRYKKÄ, KANANPOJAN PYÖRYKKÄ, KARINIEMEN	CHICKEN MEATBALL, KARINIEMEN
MEAT_FISH	BROILERIPYÖRYKKÄ, PIRKKA	CHICKEN MEATBALL, PIRKKA
MEAT_FISH	PERUNALAATIKKO, LIHA-PERUNALAATIKKO, SAARIOINEN, VALMISATERIA	MEAT AND POTATO CASSEROLE, SAARIOINEN, READY MEAL
MEAT_FISH	VERIOHUKAINEN, PIRKKA	BLOOD PANCAKE, PIRKKA
BREAD_GRAINS	KAURAPUURO, OMENA-KANELI, ELOVENA	OAT PORRIDGE, OAT FLAKES, APPLE AND CINNAMON, ELOVENA
BREAD_GRAINS	KAURAPUURO, MARJA-HEDELMÄ, ELOVENA	OAT PORRIDGE, OAT FLAKES, FRUIT AND BERRIES, ELOVENA
MEAT_FISH	LASAGNE, ATERIA-AINEKSET, NAUDANLIHA 17 %	LASAGNE, BEEF MINCE (17%), MEAL MIXTURE
MEAT_FISH	LASAGNE, ATERIA-AINEKSET, SIKA-NAUTA	LASAGNE, PORK-BEEF MINCE, MEAL MIXTURE
MEAT_FISH	LASAGNE, ATERIA-AINEKSET, NAUDANLIHA 7 %	LASAGNE, LEAN STEAK MINCE (7%), MEAL MIXTURE
MEAT_FISH	LASAGNE, ATERIA-AINEKSET, BROILERI	LASAGNE, CHICKEN MINCE, MEAL MIXTURE
MEAT_FISH	LASAGNE, ATERIA-AINEKSET, NAUDANLIHA 17 %, TUMMA MAKARONI	LASAGNE, BEEF MINCE (17%), WHOLE WHEAT PASTA, MEAL MIXTURE
MEAT_FISH	ATERIA-AINEKSET, PASTA CARBONARA, KYPSENNETTY	PASTA CARBONARA, MÅLTID BLANDNING, KOKT
FRUITS_VEGETABLES	ATERIA-AINEKSET, PASTAA SIENIKASTIKKEESSA, KYPSENNETTY	PASTA WITH MUSHROOM GRAVY, PASTA DINNER MIX, COOKED
PANTRY	ATERIA-AINEKSET, PASTAA JUUSTOKASTIKKEESSA, KYPSENNETTY	PASTA WITH CHEESE SAUCE, PASTA DINNER MIX, COOKED
MEAT_FISH	LASAGNE, ATERIA-AINEKSET, SIANLIHA	LASAGNE, PORK MINCE, MEAL MIXTURE
FRUITS_VEGETABLES	ATERIA-AINEKSET, PASTAA TOMAATTIKASTIKKEESSA, KYPSENNETTY	PASTA WITH TOMATO SAUCE, PASTA DINNER MIX, COOKED
MEAT_FISH	ATERIA-AINEKSET, NAUDANLIHA-RIISI-PATA, KYPSENNETTY	MEAL MIXTURE, BEEF AND RICE, COOKED
MEAT_FISH	MAKARONILAATIKKO, LIHA-MAKARONILAATIKKO, BROILERI, KEVYTMAITO, TUMMA MAKARONI	MACARONI AND CHICKEN MINCE CASSEROLE, WHOLE WHEAT MACARONI AND LOW-FAT MILK
MEAT_FISH	MAKARONILAATIKKO, LIHA-MAKARONILAATIKKO, SIANLIHA, KEVYTMAITO, TUMMA MAKARONI	MACARONI AND PORK MINCE CASSEROLE, LOW-FAT MILK, WHOLE WHEAT MACARONI
MEAT_FISH	ATERIA-AINEKSET, SIANLIHA-RIISI-PATA, KYPSENNETTY	MEAL MIXTURE, PORK AND RICE, COOKED
MEAT_FISH	ATERIA-AINEKSET, BROILERI-RIISI-PATA, KYPSENNETTY	MEAL MIXTURE, CHICKEN AND RICE, COOKED
PANTRY	ATERIA-AINEKSET, SOIJAROUHE-RIISI-PATA, KYPSENNETTY	MEAL MIXTURE, SOYA AND RICE, COOKED
MEAT_FISH	ATERIA-AINEKSET, NAUDANLIHA-MAKARONI-PATA, KYPSENNETTY	MEAL MIXTURE, BEEF AND PASTA, COOKED
MEAT_FISH	ATERIA-AINEKSET, SIANLIHA-MAKARONI-PATA, KYPSENNETTY	MEAL MIXTURE, PORK AND PASTA, COOKED
MEAT_FISH	ATERIA-AINEKSET, BROILERI-MAKARONI-PATA, KYPSENNETTY	MEAL MIXTURE, CHICKEN AND PASTA, COOKED
PANTRY	ATERIA-AINEKSET, SOIJAROUHE-MAKARONI-PATA, KYPSENNETTY	MEAL MIXTURE, SOYA AND PASTA, COOKED
MEAT_FISH	ITALIANPATA, SIKA-NAUTA	ITALIAN STEW WITH PORK BEEF MINCE
MEAT_FISH	ITALIANPATA, NAUDANLIHA 17 %	ITALIAN STEW WITH BEEF MINCE
MEAT_FISH	JAUHELIHAKASTIKE, RUSKEA KASTIKE, BROILERI, EI RASVAA	CHICKEN MINCE GRAVY, NO ADDED FAT
BREAD_GRAINS	OMENAPIIRAKKA, PULLAPOHJA, GLUTEENITON, VEHNÄTÄRKKELYS JA MAITO	APPLE PIE, BASIC SWEET DOUGH, GLUTEN-FREE, CONTAINS WHEAT STARCH AND MILK
BREAD_GRAINS	OMENAPIIRAKKA, MUROPOHJA, LUONTAISESTI GLUTEENITON	APPLE PIE, SHORTBREAD CRUST, NATURALLY GLUTEN-FREE
BREAD_GRAINS	OMENAPIIRAKKA, PULLAPOHJA, LUONTAISESTI GLUTEENITON, MAITO	APPLE PIE, BASIC SWEET DOUGH, NATURALLY GLUTEN-FREE, CONTAINS MILK
BREAD_GRAINS	RAHKAMARJAPIIRAKKA, PULLAPOHJA, GLUTEENITON, VEHNÄTÄRKKELYS JA MAITO	BERRY PIE WITH QUARK FILLING, BASIC SWEET DOUGH, GLUTEN-FREE, WHEAT STARCH, MILK
BREAD_GRAINS	RAHKAMARJAPIIRAKKA, PULLAPOHJA, LUONTAISESTI GLUTEENITON, MAITO	BERRY PIE WITH QUARK FILLING, BASIC SWEET DOUGH, NATURALLY GLUTEN-FREE, MILK
BREAD_GRAINS	RAHKAMARJAPIIRAKKA, MUROPOHJA, GLUTEENITON, MAITO, VEHNÄTÄRKKELYS	BERRY PIE WITH QUARK FILLING, SHORTBREAD CRUST, GLUTEN-FREE, WHEAT STARCH, MILK
BREAD_GRAINS	RAHKAMARJAPIIRAKKA, MUROPOHJA, LUONTAISESTI GLUTEENITON	BERRY PIE WITH QUARK FILLING, SHORTBREAD CRUST, NATURALLY GLUTEN-FREE
BREAD_GRAINS	MURO, KUVIOMURO, KELLOGG'S RICE KRISPIES MULTI GRAIN	BREAKFAST CEREAL, RICE, OAT AND MAIZE, RICE KRISPIES MULTIGRAIN
BREAD_GRAINS	MURO, RIISI-VEHNÄHIUTALE, KELLOGG'S SPECIAL K CLASSIC	BREAKFAST CEREAL, RICE-WHEAT FLAKES, KELLOGG'S SPECIAL K CLASSIC
BREAD_GRAINS	MURO, RIISI-VEHNÄHIUTALE, KELLOGG'S SPECIAL K RED BERRIES, VADELMA-MANSIKKA	BREAKFAST CEREAL, RICE-WHEAT FLAKES, KELLOGG'S SPECIAL K RED BERRIES
PANTRY	SALAATTI, PUNAJUURISALAATTI, MAJONEESIKASTIKE, SAARIOINEN	SALAD, BEETROOT SALAD WITH MAYONNAISE, SAARIOINEN
BREAD_GRAINS	MURO, KAAKAONMAKUINEN RIISIMURO, KELLOGG'S COCO POPS	BREAKFAST CEREAL, COCOA RICE KRISPIES, KELLOGG'S COCO POPS
BREAD_GRAINS	MYSLI, MUROMYSLI, OMENA-KANELI, KESKIARVO, PIRKKA/RAINBOW	MUESLI, CRUNCHY, WITH APPLE AND CINNAMON, AVERAGE, PIRKKA/RAINBOW
PANTRY	SALAATTI, PUNAJUURISALAATTI, MAJONEESIKASTIKE, ATRIA	SALAD, BEETROOT SALAD WITH MAYONNAISE, ATRIA
BREAD_GRAINS	MYSLI, MUROMYSLI, JOGURTTI-MANSIKKA, PIRKKA	MUESLI, CRUNCHY, WITH YOGHURT AND STAWBERRY, PIRKKA
PANTRY	SALAATTI, PUNAJUURISALAATTI, KEVYT, MAJONEESIKASTIKE, ATRIA	SALAD, BEETROOT SALAD WITH MAYONNAISE, LIGHT, ATRIA
BREAD_GRAINS	MURO, MONIVILJAMURO, KAAKAO, VIIDAKKOMURO, PIRKKA	BREAKFAST CEREAL, CHOCOLATE CEREAL, MULTIGRAIN, PIRKKA VIIDAKKOMURO
BREAD_GRAINS	MYSLI, KILOMYSLI, PIRKKA	MUESLI, PIRKKA KILOMYSLI, WHEAT, RAISINS, CORN, OATS AND DRIED FRUITS
PANTRY	SALAATTI, AURINKOSALAATTI, HK	SALAD, CABBAGE, CARROT, PINEAPPLE, MAYONNAISE, AURINKOSALAATTI, HK
BREAD_GRAINS	MYSLI, MUROMYSLI, MARJAINEN, KESKIARVO, PIRKKA/RAINBOW	MUESLI, CRUNCHY, WITH DRIED BERRIES, AVERAGE, PIRKKA/RAINBOW
BREAD_GRAINS	MURO, RUISMURO, QUAKER FRAS RUIS	BREAKFAST CEREAL, RYE CEREAL, QUAKER FRAS
PANTRY	SALAATTI, ITALIANSALAATTI, MAJONEESIKASTIKE, SAARIOINEN	SALAD, ITALIAN SALAD WITH MAYONNAISE, SAARIOINEN
BREAD_GRAINS	MURO, WEETABIX MINIS, SUKLAAMUROKE	BREAKFAST CEREAL, CHOCOLATE CEREAL, WEETABIX MINIS
BREAD_GRAINS	MURO, SUKLAAMURO, WEETOS CHOCO, WEETABIX	BREAKFAST CEREAL, CHOCOLATE CEREAL, WEETOS CHOCO, WEETABIX
PANTRY	SALAATTI, ITALIANSALAATTI, MAJONEESIKASTIKE, ATRIA	SALAD, ITALIAN SALAD WITH MAYONNAISE, ATRIA
BREAD_GRAINS	MURO, TATTARIHIUTALE, TOP FOOD SUN FLAKES	BREAKFAST CEREAL, CORN AND BUCKWHEAT, TOP FOOD SUN FLAKES
PANTRY	SALAATTI, ITALIANSALAATTI, KEVYT, MAJONEESIKASTIKE, ATRIA	SALAD, ITALIAN SALAD WITH MAYONNAISE, LIGHT, ATRIA
BREAD_GRAINS	(ARC)MYSLI, NESTLE FITNESS TÄYSJYVÄMYSLI, PÄHKINÄPYÖRRE, VITAMINOITU	(ARC)MUESLI, NESTLE FITNESS, OAT, WHOLE WHEAT, RICE FLOUR, NUTS, VITAMINS
MEAT_FISH	KEBAKKO, JAUHELIHAVARRAS, SAARIOINEN	MINCED MEAT SKEWER, SAARIOINEN
BREAD_GRAINS	MURO, SUKLAAMURO, NESQUIK DUO, NESTLE, VITAMINOITU	BREAKFAST CEREAL, CHOCOLATE CEREAL, NESTLE NESQUIK DUO, VITAMINS
MEAT_FISH	JAUHELIHAPIHVI, HK	MINCED MEAT HAMBURGER PATTY, HK
BREAD_GRAINS	MURO, SUKLAAMURO, NESQUIK KAAKAOMURO, NESTLE, VITAMINOITU	BREAKFAST CEREAL, CHOCOLATE CEREAL, NESQUIK, VITAMINS
PANTRY	HAMPURILAINEN, TAVALLINEN, HESBURGER	HAMBURGER, BEEF AND WHEAT ROLL, HESBURGER
BREAD_GRAINS	MURO, MONIVILJAMURO, CHEERIOS, NESTLE, MAISSI, KAURA, OHRA, VEHNÄ, RIISI	BREAKFAST CEREAL, CHEERIOS, MAIZE, OAT, BARLEY, WHEAT, RICE, NESTLE
PANTRY	HAMPURILAINEN, JUUSTOHAMPURILAINEN, HESBURGER	HAMBURGER, CHEESE BURGER, HESBURGER
PANTRY	HAMPURILAINEN, KANAHAMPURILAINEN, HESBURGER	HAMBURGER, CHICKEN BURGER, HESBURGER
BREAD_GRAINS	MURO, RIISI-VEHNÄHIUTALE, NESTLE FITNESS, AAMIAISHIUTALE	BREAKFAST CEREAL, RICE-WHEAT FLAKES, NESTLE FITNESS
MEAT_FISH	JAUHELIHAPIHVI, ATRIA	MINCED MEAT HAMBURGER PATTY, ATRIA
PANTRY	HAMPURILAINEN, TAVALLINEN, MCDONALD'S	HAMBURGER, BEEF AND WHEAT ROLL, MCDONALD'S
PANTRY	HAMPURILAINEN, JUUSTOHAMPURILAINEN, MCDONALD'S	HAMBURGER, CHEESE BURGER, MCDONALD'S
PANTRY	HAMPURILAINEN, KANAHAMPURILAINEN, MCDONALD'S	HAMBURGER, CHICKEN BURGER, MCDONALD'S
PANTRY	HAMPURILAINEN, KERROSHAMPURILAINEN, BIG MAC, MCDONALD'S	HAMBURGER, DOUBLE BURGER, BIG MAC, MCDONALD'S
MEAT_FISH	BROILERINUGGETTI, FRITEERATTU, MCDONALD'S, CHICKEN MCNUGGETS	CHICKEN NUGGETS, DEEP FRIED, CHICKEN MCNUGGETS
PANTRY	HAMPURILAINEN, VALMISHAMPURILAINEN, BURGERI, ATRIA, PIHVI JA SÄMPYLÄ	HAMBURGER, ATRIA
PANTRY	NAKKISÄMPYLÄ, HOT DOG, ATRIA/PIRKKA	HOTDOG, ATRIA/PIRKKA
PANTRY	HAMPURILAINEN, VALMISHAMPURILAINEN, PIHVIHAMPURILAINEN JA KASTIKE, SAARIOINEN	HAMBURGER, SAARIOINEN
PANTRY	HAMPURILAINEN, VALMISHAMPURILAINEN, HK BURGERI, PIHVI JA SÄMPYLÄ	HAMBURGER, HK
BREAD_GRAINS	LIHAPIIRAKKA, GRAHAMLIHAPIIRAKKA, SAARIOINEN	DEEP-FRIED MEAT PASTY, SAARIOINEN
PANTRY	PIZZA, MEETVURSTIPIZZA, SAARIOINEN/ATRIA	PIZZA, SALAMI PIZZA, ATRIA/SAARIOINEN
PANTRY	PIZZA, JAUHELIHAPIZZA, SAARIOINEN	PIZZA, MINCED MEAT PIZZA, SAARIOINEN
PANTRY	PIZZA, JAUHELIHAPIZZA, ATRIA	PIZZA, MINCED MEAT PIZZA, ATRIA
PANTRY	PIZZA, TONNIKALAPIZZA, SAARIOINEN	PIZZA, TUNA PIZZA, SAARIOINEN
PANTRY	PIZZA, KINKKUPIZZA, SAARIOINEN	PIZZA, HAM PIZZA, SAARIOINEN
FRUITS_VEGETABLES	KASVISPYÖRYKKÄ, SAARIOINEN	VEGETABLE BALL, SAARIOINEN
PANTRY	PIZZA, TOMAATTI-MOZZARELLAPIZZA, SAARIOINEN	PIZZA, MOZZARELLA AND TOMATO PIZZA, SAARIOINEN
PANTRY	PIZZA, KINKKU-ANANASPIZZA, ATRIA	PIZZA, HAM AND PINEAPPLE PIZZA, ATRIA
MEAT_FISH	PERUNALAATIKKO, KINKKU-PERUNASOSELAATIKKO, SAARIOINEN, VALMISATERIA	HAM AND MASHED POTATO CASSEROLE, SAARIOINEN, READY MEAL
PANTRY	PASTA, TÄYSJYVÄRIISIJAUHO, LUONTAISESTI GLUTEENITON, KEITETTY, SUOLATON	PASTA, WHOLEGRAIN RICE FLOUR, NATURALLY GLUTEN-FREE, BOILED WITHOUT SALT
PANTRY	PASTA, TÄYSJYVÄRIISIJAUHO, LUONTAISESTI GLUTEENITON, KEITETTY, SUOLAA	PASTA, WHOLEGRAIN RICE FLOUR, NATURALLY GLUTEN-FREE, BOILED, SALT
BREAD_GRAINS	LIHAPIIRAKKA, JÄRVISUOMEN PORTTI	DEEP FRIED MEAT PASTIE, PORTTI
MEAT_FISH	SPAGETTILIHAVUOKA, SAARIOINEN, VALMISATERIA	SPAGHETTI AND MINCED MEAT CASSEROLE, SAARIOINEN, READY MEAL
FRUITS_VEGETABLES	KASVISPIHVI, SAARIOINEN	VEGETABLE PATTY, SAARIOINEN
BREAD_GRAINS	MURO, RIISI-VEHNÄHIUTALE, NESTLE FITNESS & YOGHURT, AAMIAISHIUTALE, VITAMINOITU	BREAKFAST CEREAL, WHEAT, RICE, YOGHURT, NESTLE FITNESS & YOGHURT, VITAMINS
BREAD_GRAINS	MURO, RIISI-VEHNÄHIUTALE, NESTLE FITNESS & FRUITS, AAMIAISHIUTALE, VITAMINOITU	BREAKFAST CEREAL, WHEAT, RICE, DRIED FRUITS, NESTLE FITNESS & FRUITS, VITAMINS
MEAT_FISH	PERUNALAATIKKO, BROILERIKIUSAUS, PIRKKA, VALMISATERIA	CHICKEN AND POTATO CASSEROLE, PIRKKA, READY MEAL
BREAD_GRAINS	MURO, TALKKUNAMURO, TALKMURU, TAIVALKOSKEN MYLLY	WHOLE GRAIN BREAKFAST CEREAL WITH OATS, BARLEY AND RYE
PANTRY	PORKKANAOHUKAINEN, TEOLLINEN	THIN CARROT PANCAKE, CARROT CREPES, INDUSTRIAL
FRUITS_VEGETABLES	SIPULI, KEITETTY, SUOLATON	ONION, BOILED WITHOUT SALT
PANTRY	HERNE, KEITETTY, SUOLATON	PEAS, BOILED WITHOUT SALT
MEAT_FISH	BROILERIKASTIKE, RUSKEA KASTIKE, RASVAA	CHICKEN GRAVY
FRUITS_VEGETABLES	KESÄKURPITSA, KEITETTY, SUOLATON	ZUCCHINI, BOILED WITHOUT SALT
PANTRY	HEDELMÄSOSE, KOTITEKOINEN LASTENRUOKA	FRUIT PUREE, HOME-MADE BABYFOOD
MEAT_FISH	BROILERIKASTIKE, RUSKEA KASTIKE, KASVIKSIA, RASVAA	CHICKEN VEGETABLE GRAVY
FROZEN	PAKASTEKASVISSEKOITUS, GRILLATUT VIHANNEKSET, SUOLAA JA ÖLJYÄ, (KYPSENTÄMÄTÖN)	FROZEN VEGETABLE MIX, GRILLED VEGETABLES, SALT, OIL
MEAT_FISH	BROILERIKASTIKE, BROILERISTROGANOFF	CHICKEN STROGANOFF
FROZEN	PAKASTEKASVISSEKOITUS, AURINKOKASVIKSET, PORKKANA-PAPU	FROZEN VEGETABLE MIX, CARROT-BEAN, AURINKOKASVIKSET
FROZEN	PAKASTEKASVISSEKOITUS, HERNE-MAISSI-PORKKANA	FROZEN VEGETABLE MIX, PEA-SWEET CORN-CARROT
FROZEN	PAKASTEKASVISSEKOITUS, KARTANON KASVIKSET, PARSAKAALI-PORKKANA-PAPRIKA	FROZEN VEGETABLE MIX, BROCCOLI-CARROT-SWEET PEPPER, KARTANON KASVIKSET
FROZEN	PAKASTEKASVISSEKOITUS, JUURESSEKOITUS	FROZEN VEGETABLE MIX, ROOT VEGETABLES
FROZEN	PAKASTEKASVISSEKOITUS, KRUUNUSEKOITUS, PARSAKAALI-PORKKANA-KUKKAKAALI	FROZEN VEGETABLE MIX, BROCCOLI-CARROT-CAULIFLOWER, KRUUNUSEKOITUS
MEAT_FISH	BROILERIKASTIKE, RUSKEA KASTIKE, HEDELMÄINEN, RASVAA	FRUITY CHICKEN GRAVY
FROZEN	PAKASTEKASVISSEKOITUS, MAALAISKASVIKSET, PORKKANA-PAPU-PALSTERNAKKA	FROZEN VEGETABLE MIX, CARROT-PARSNIP-BEAN, MAALAISKASVIKSET
FROZEN	PAKASTEKASVISSEKOITUS, PARSAKAALI-PORKKANA-VESIKASTANJA	FROZEN VEGETABLE MIX, BROCCOLI-CARROT-WATER CHESTNUT
MEAT_FISH	BROILERIA JA RIISIÄ, UUNISSA	CHICKEN FILLET AND RICE, OVEN-BAKED
FROZEN	PAKASTEKASVISSEKOITUS, PATAJUUREKSET, PORKKANA-LANTTU-SIPULI	FROZEN VEGETABLE MIX, ROOT VEGETABLES, CARROT-SWEDE-ONION
FROZEN	PAKASTEKASVISSEKOITUS, PERUNA-KEITTOVIHANNES	FROZEN VEGETABLE MIX, POTATO AND VEGETABLES
FROZEN	PAKASTEKASVISSEKOITUS, POMODORO, TOMAATTI-KASVIS	FROZEN VEGETABLE MIX, TOMATO AND VEGETABLES, POMODORO
PANTRY	BEARNAISEKASTIKE, KASTIKEJAUHEESTA, TUOTEKESKIARVO	BEARNAISE SAUCE MADE OF BEARNAISE SAUCE MIX, AVERAGE
MEAT_FISH	BROILERI-PASTAVUOKA, KASVIRASVAKERMA	MACARONI AND CHICKEN CASSEROLE, COOKING CREAM (VEG. FAT)
FROZEN	PAKASTEKASVISSEKOITUS, PARSAKAALI-MAISSI-PORKKANA	FROZEN VEGETABLE MIX, BROCCOLI-SWEET CORN-CARROT
FROZEN	PAKASTEKASVISSEKOITUS, PORKKANA-PAPU-HERNE-KUKKAKAALI	FROZEN VEGETABLE MIX, CARROT-BEAN-PEA-CAULIFLOWER
FROZEN	PAKASTEKASVISSEKOITUS, KESKIARVO, KEITETTY, SUOLATON	FROZEN VEGETABLE MIX, AVERAGE, BOILED WITHOUT SALT
MEAT_FISH	BROILERIPATA, HEDELMÄINEN	CHICKEN STEW, VEGETABLES AND PINEAPPLE
PANTRY	HOLLANDAISEKASTIKE, KASTIKEJAUHEESTA, VESI, CAMPBELL'S/BLÅ BAND	HOLLANDAISE SAUCE MADE OF HOLLANDAISE SAUCE MIX
PANTRY	KASVISSOSE, KOTITEKOINEN LASTENRUOKA, SUOLATON	VEGETABLE PUREE, HOME-MADE BABYFOOD, WITHOUT SALT
FROZEN	PAKASTEKASVISSEKOITUS, AMERIKANSEKOITUS, PORKKANA-PARSAKAALI-PAPU-PAPRIKA-MAISSI	FROZEN VEGETABLE MIX, CARROT-BROCCOLI-BEAN-SWEET PEPPER-SWEET CORN, AMERIKAN
PANTRY	JUUSTOTIKKU, PANEROITU, MOZZARELLA-CHEDDAR	MOZZARELLA CHEDDAR STICKS
FRUITS_VEGETABLES	SIPULIRENGAS, PANEROITU, FRITEERATTU, RAVINTOLA	ONION RING, BREADED, DEEP-FRIED
MEAT_FISH	BROILERIKEITTO	CHICKEN SOUP
MEAT_FISH	KATKARAPU, KEITETTY, SUOLATON	SHRIMP, BOILED, WITHOUT SALT
MEAT_FISH	LOHI, KEITETTY, SUOLATON	SALMON, BOILED, WITHOUT SALT
MEAT_FISH	KIRJOLOHI, KEITETTY, SUOLATON	RAINBOW TROUT, BOILED, WITHOUT SALT
MEAT_FISH	LOHI TAI KIRJOLOHI, KEITETTY, SUOLATON	SALMON/RAINBOW TROUT, BOILED, WITHOUT SALT
MEAT_FISH	KALA-KASVISPAISTOS, LOHI, SEKAVIHANNEKSET, SULATEJUUSTO, MAITO	SALMON VEGETABLE CASSEROLE, PROCESSED CHEESE, MILK
MEAT_FISH	MAKARONILAATIKKO, KALA-MAKARONILAATIKKO, LOHI, KEVYTMAITO	MACARONI AND SALMON CASSEROLE, LOW-FAT MILK
MEAT_FISH	MAKARONILAATIKKO, KALA-MAKARONILAATIKKO, SEITI, KEVYTMAITO	MACARONI AND SAITHE CASSEROLE, LOW-FAT MILK
MEAT_FISH	PERUNALAATIKKO, KALA-PERUNALAATIKKO, LOHI, KEVYTMAITO	SALMON AND POTATO CASSEROLE, LOW-FAT MILK
MEAT_FISH	PERUNALAATIKKO, KALA-PERUNALAATIKKO, SEITI, KEVYTMAITO	SAITHE AND POTATO CASSEROLE, LOW-FAT MILK
MEAT_FISH	KALA-PINAATTIVUOKA, LOHI, KEVYTMAITO	SALMON SPINACH CASSEROLE, LOW-FAT MILK
MEAT_FISH	KALAPUIKKO, TEOLLINEN, UUNISSA	FISH FINGERS, OVEN-BAKED, INDUSTRIAL
MEAT_FISH	KALAPUIKKO, LOHI, FINDUS, UUNISSA	FISH FINGERS, SALMON, FINDUS, OVEN-BAKED
MEAT_FISH	KALA-RIISILAATIKKO, LOHI, MUNAMAITO	SALMON AND RICE CASSEROLE
MEAT_FISH	KALA-RIISILAATIKKO, SEITI, MUNAMAITO	SAITHE AND RICE CASSEROLE
BREAD_GRAINS	KALAKUKKO, AHVENKUKKO	PERCH LOAF, FISH IN RYE CRUST
MEAT_FISH	AHVEN, PAISTETTU, EI KORPPUJAUHOJA	PERCH, FRIED
MEAT_FISH	AHVEN, PAISTETTU VOISSA, EI KORPPUJAUHOJA	PERCH, FRIED IN BUTTER
MEAT_FISH	HAUKI, PAISTETTU VOISSA, EI KORPPUJAUHOJA	PIKE, FRIED IN BUTTER
MEAT_FISH	KALA, KESKIARVO, PAISTETTU VOISSA, EI KORPPUJAUHOJA	FISH, AVERAGE, FRIED IN BUTTER
MEAT_FISH	JAUHELIHAKASTIKE, TOMAATTINEN, NAUDANPAISTI, SUURUSTETTU	BOLOGNESE, BEEF STEAK MINCE, THICKENED
MEAT_FISH	JAUHELIHAKASTIKE, TOMAATTINEN, NAUDANPAISTI, SUURUSTAMATON	BOLOGNESE, BEEF STEAK MINCE
MEAT_FISH	JAUHELIHAKASTIKE, TOMAATTINEN, NAUDANLIHA 17 %, SUURUSTAMATON	BOLOGNESE, BEEF MINCE
MEAT_FISH	KIRJOLOHI, PAISTETTU	RAINBOW TROUT, FRIED
MEAT_FISH	KIRJOLOHIFILEE, KASVIRASVAKERMA, EI KORPPUJAUHOJA, UUNISSA	RAINBOW TROUT FILLET, COOKING CREAM (VEG. FAT), OVEN-BAKED
MEAT_FISH	JAUHELIHAKASTIKE, TOMAATTINEN, NAUDANLIHA 17 %, SUURUSTETTU	BOLOGNESE, BEEF MINCE, THICKENED
MEAT_FISH	KIRJOLOHIFILEE, KERMAINEN, EI KORPPUJAUHOJA, UUNISSA	RAINBOW TROUT FILLET WITH CREAM, OVEN-BAKED
MEAT_FISH	JAUHELIHAKASTIKE, TOMAATTINEN, SIKA-NAUTA, SUURUSTETTU	BOLOGNESE, PORK BEEF MINCE, THICKENED
MEAT_FISH	JAUHELIHAKASTIKE, TOMAATTINEN, SIKA-NAUTA, SUURUSTAMATON	BOLOGNESE, PORK BEEF MINCE
MEAT_FISH	JAUHELIHAKASTIKE, TOMAATTINEN, NAUDANLIHA 7 %, SUURUSTAMATON	BOLOGNESE, LEAN STEAK MINCE 7%
MEAT_FISH	JAUHELIHAKASTIKE, TOMAATTINEN, NAUDANLIHA 7 %, SUURUSTETTU	BOLOGNESE, LEAN STEAK MINCE 7%, THICKENED
MEAT_FISH	JAUHELIHAKASTIKE, RUSKEA KASTIKE, NAUDANLIHA 7 %, EI RASVAA	LEAN STEAK MINCE GRAVY, NO ADDED FAT
MEAT_FISH	SEITI, PAISTETTU, EI KORPPUJAUHOJA	SAITHE, FRIED
MEAT_FISH	SIIKA, PAISTETTU VOISSA, EI KORPPUJAUHOJA	POWAN, FRIED IN BUTTER
MEAT_FISH	SIIKA, PAISTETTU, EI KORPPUJAUHOJA	POWAN, FRIED
MEAT_FISH	UUNISILAKKA, SILAKKAFILEE, KERMA, EI KORPPUJAUHOJA	BALTIC HERRING FILLET WITH CREAM, OVEN-BAKED
PANTRY	SALAATTI, PUNAJUURISALAATTI, MAJONEESIKASTIKE, TEOLLINEN, TUOTEKESKIARVO	SALAD, BEETROOT SALAD WITH MAYONNAISE, AVERAGE OF INDUSTRIAL PRODUCTS
BREAD_GRAINS	KAKKU, MOKKAPALAT	CAKE, MOCHA CAKE
BREAD_GRAINS	HILLOPIIRAKKA, PULLAPOHJA, TÄYSMAITO	JAM PIE, BASIC SWEET DOUGH, WHOLE MILK
BREAD_GRAINS	HILLOPIIRAKKA, PIIMÄTAIKINAPOHJA	JAM PIE, SHORTBREAD CRUST WITH SOUR MILK
BREAD_GRAINS	MARJAPIIRAKKA, PULLAPOHJA, VESI	BERRY PIE, BASIC SWEET DOUGH, WATER
BREAD_GRAINS	HILLOPIIRAKKA, PULLAPOHJA, RASVATON MAITO, FRUKTOOSILLA MAKEUTETTU	JAM PIE, BASIC SWEET DOUGH, FAT-FREE MILK, SWEETENED WITH FRUCTOSE
BREAD_GRAINS	HILLOPIIRAKKA, PULLAPOHJA, TÄYSMAITO, FRUKTOOSILLA MAKEUTETTU	JAM PIE, BASIC SWEET DOUGH, WHOLE MILK, SWEETENED WITH FRUCTOSE
BREAD_GRAINS	HILLOPIIRAKKA, PULLAPOHJA, KEVYTMAITO, FRUKTOOSILLA MAKEUTETTU	JAM PIE, BASIC SWEET DOUGH, LOW-FAT MILK, SWEETENED WITH FRUCTOSE
BREAD_GRAINS	MARJAPIIRAKKA, PULLAPOHJA, RASVATON MAITO, SOKERITON	BERRY PIE, BASIC SWEET DOUGH, FAT-FREE MILK, WITHOUT SUGAR
BREAD_GRAINS	MARJAPIIRAKKA, PULLAPOHJA, KEVYTMAITO, SOKERITON	BERRY PIE, BASIC SWEET DOUGH, LOW-FAT MILK, WITHOUT SUGAR
BREAD_GRAINS	MARJAPIIRAKKA, PULLAPOHJA, TÄYSMAITO, SOKERITON	BERRY PIE, BASIC SWEET DOUGH, WHOLE MILK, WITHOUT SUGAR
BREAD_GRAINS	MARJAPIIRAKKA, PULLAPOHJA, RASVATON MAITO, FRUKTOOSILLA MAKEUTETTU	BERRY PIE, BASIC SWEET DOUGH, FAT-FREE MILK, SWEETENED WITH FRUCTOSE
BREAD_GRAINS	MARJAPIIRAKKA, PULLAPOHJA, KEVYTMAITO, FRUKTOOSILLA MAKEUTETTU	BERRY PIE, BASIC SWEET DOUGH, LOW-FAT MILK, SWEETENED WITH FRUCTOSE
BREAD_GRAINS	MARJAPIIRAKKA, PULLAPOHJA, TÄYSMAITO, FRUKTOOSILLA MAKEUTETTU	BERRY PIE, BASIC SWEET DOUGH, WHOLE MILK, SWEETENED WITH FRUCTOSE
BREAD_GRAINS	MARJAPIIRAKKA, PULLAPOHJA, RASVATON MAITO, KEINOTEKOISESTI MAKEUTETTU	BERRY PIE, BASIC SWEET DOUGH, FAT-FREE MILK, ARTIFICIALLY SWEETENED
BREAD_GRAINS	MARJAPIIRAKKA, PULLAPOHJA, KEVYTMAITO, KEINOTEKOISESTI MAKEUTETTU	BERRY PIE, BASIC SWEET DOUGH, LOW-FAT MILK, ARTIFICIALLY SWEETENED
BREAD_GRAINS	MARJAPIIRAKKA, PULLAPOHJA, TÄYSMAITO, KEINOTEKOISESTI MAKEUTETTU	BERRY PIE, BASIC SWEET DOUGH, WHOLE MILK, ARTIFICIALLY SWEETENED
BREAD_GRAINS	MARJAPIIRAKKA, PIIMÄTAIKINAPOHJA	BERRY PIE, SHORTBREAD CRUST WITH SOUR MILK
BREAD_GRAINS	MARJAPIIRAKKA, MUROPOHJA, SOKERITON	BERRY PIE, SHORTBREAD CRUST, SUGAR-FREE
BREAD_GRAINS	MARJAPIIRAKKA, MUROPOHJA, FRUKTOOSILLA MAKEUTETTU	BERRY PIE, SHORTBREAD CRUST, SWEETENED WITH FRUCTOSE
BREAD_GRAINS	MARJAPIIRAKKA, MUROPOHJA, KEINOTEKOISESTI MAKEUTETTU	BERRY PIE, SHORTBREAD CRUST, ARTIFICIALLY SWEETENED
BREAD_GRAINS	MARJAPIIRAKKA, PULLAPOHJA, KANANMUNATON	BERRY PIE, BASIC SWEET DOUGH, EGG-FREE
BREAD_GRAINS	MARJAPIIRAKKA, PULLAPOHJA, VESI, MAIDOTON, KANANMUNATON	BERRY PIE, BASIC SWEET DOUGH, WATER, DAIRY-FREE, EGG-FREE
BREAD_GRAINS	RAHKAMARJAPIIRAKKA, MUROPOHJA	BERRY PIE WITH QUARK FILLING, SHORTBREAD CRUST
BREAD_GRAINS	OMENAPIIRAKKA, PULLAPOHJA, TÄYSMAITO	APPLE PIE, BASIC SWEET DOUGH, WHOLE MILK
BREAD_GRAINS	RAPARPERIPIIRAKKA, PIIMÄTAIKINAPOHJA	RHUBARB PIE, SHORTBREAD CRUST WITH SOUR MILK
BREAD_GRAINS	RAPARPERIPIIRAKKA, PULLAPOHJA, RASVATON MAITO	RHUBARB PIE, BASIC SWEET DOUGH, FAT-FREE MILK
BREAD_GRAINS	MAKEAN PIIRAKAN PIIMÄTAIKINAPOHJA	SWEET SHORTBREAD PIE CRUST WITH SOUR MILK
MEAT_FISH	JAUHELIHA-MAKARONIMUHENNOS, NAUDAN JAUHELIHA 17%	MACARONI STEW WITH BEEF MINCE
MEAT_FISH	JAUHELIHA-MAKARONIMUHENNOS, BROILERI	MACARONI STEW WITH CHICKEN MINCE
MEAT_FISH	JAUHELIHAKASTIKE, TOMAATTINEN, NAUDANLIHA 17 %, KASTIKEJAUHEESTA	BOLOGNESE, BEEF MINCE, POWDERED GRAVY MIX
MEAT_FISH	JAUHELIHAKASTIKE, TOMAATTINEN, SIKA-NAUTA, KASTIKEJAUHEESTA	BOLOGNESE, PORK BEEF MINCE, TOMATO, POWDERED GRAVY MIX
PANTRY	ATERIAKASTIKE, CURRYKASTIKE, UNCLE BEN'S, VALMISKASTIKE	CURRY SAUCE, UNCLE BEN'S
PANTRY	ATERIAKASTIKE, TIKKA MASALA, UNCLE BEN'S, VALMISKASTIKE	TIKKA MASALA, UNCLE BEN'S
PANTRY	ATERIASALAATTI, TONNIKALASALAATTI, MAKARONI, VIHERSALAATTI, HERNE-MAISSI-PAPRIKA	TUNA SALAD WITH PASTA AND LEGUMES
MEAT_FISH	TONNIKALA-MAKARONIMUHENNOS, TONNIKALA VEDESSÄ	MACARONI STEW WITH TUNA
MEAT_FISH	MANTELIKALA, SEITI, KORPPUJAUHO, RUOKAKERMA 15 %	SAITHE WITH ALMOND AND COOKING CREAM 15%
DAIRY	KYLMÄ KASTIKE, KERMAVIILIKASTIKE, DIPPIKASTIKE, RASVAA 10-12 %, JAUHEESTA	SOUR CREAM SAUCE, DIPPING SAUCE, 10-12% FAT
BREAD_GRAINS	MYSLI, HEDELMÄINEN, GLUTEENITON HEDELMÄMYSLI, PIRKKA	MUESLI WITH DRIED FRUIT, GLUTEN-FREE, PIRKKA
BREAD_GRAINS	MURO, TÄYSJYVÄMURO, PIRKKA, VITAMINOITU	BREAKFAST CEREAL, WHOLE WHEAT FLAKES, PIRKKA
BREAD_GRAINS	MURO, MARJAINEN TÄYSJYVÄMURO, PIRKKA, VITAMINOITU	BREAKFAST CEREAL, WHOLE WHEAT FLAKES WITH BERRIES, ADDED VITAMINS, PIRKKA
BREAD_GRAINS	MURO, SUKLAAMURO, SUKLAARENKAAT, TÄYSJYVÄRENKAAT, TOP FOOD	BREAKFAST CEREAL, CHOCOLATE CEREAL, CHOCOLATE LOOPS, WHOLE WHEAT, TOP FOOD
BREAD_GRAINS	MURO, HUNAJAMURO, VEHNÄRENKAITA HUNAJA, TOP FOOD	BREAKFAST CEREAL, HONEY WHEAT LOOPS, TOP FOOD
BREAD_GRAINS	MURO, NELJÄNVILJANMURO, SUN MURO, TOP FOOD	BREAKFAST CEREAL, WHEAT, RYE, OAT, BARLEY, TOP FOOD
BREAD_GRAINS	MYSLI, HEDELMÄINEN, PIRKKA	MUESLI WITH DRIED FRUIT, PIRKKA
BREAD_GRAINS	MURO, SUKLAAMURO, PIRKKA	BREAKFAST CEREAL, CHOCOLATE CEREAL, PIRKKA
BREAD_GRAINS	MYSLI, MUROMYSLI, RAINBOW	MUESLI, CRUNCHY, RAINBOW
BREAD_GRAINS	MYSLI, MUROMYSLI, HEDELMÄINEN MUROMYSLI, RAINBOW	MUESLI, CRUNCHY, WITH FRUIT, RAINBOW
MEAT_FISH	LIHAPATA, KARJALANPAISTI, NAUTA, KESKIRASVAINEN SIKA, JUUREKSET	KARELIAN STEW, PORK AND BEEF, ROOT VEGETABLES
BREAD_GRAINS	SEKALEIPÄ, PUHTILEIPÄ, KATRI ANTELL	MULTIGRAIN BREAD, PUHTILEIPÄ, KATRI ANTELL
BREAD_GRAINS	SEKALEIPÄ, VAALEAVAALEA, KATRI ANTELL	MULTIGRAIN BREAD, VAALEAVAALEA, KATRI ANTELL
BREAD_GRAINS	VAALEA LEIPÄ, VEHNÄSÄMPYLÄ, LOUNASSÄMPYLÄ, KATRI ANTELL	WHITE BREAD, WHEAT ROLL, LOUNASSÄMPYLÄ, KATRI ANTELL
BREAD_GRAINS	SEKALEIPÄ, PUHTISÄMPYLÄ, KATRI ANTELL	MULTIGRAIN BREAD, BREAD ROLL, PUHTISÄMPYLÄ, KATRI ANTELL
BREAD_GRAINS	SEKALEIPÄ, TUHTI-MONIVILJASÄMPYLÄ, KATRI ANTELL	MULTIGRAIN BREAD, BREAD ROLL, TUHTI-MONIVILJASÄMPYLÄ, KATRI ANTELL
BREAD_GRAINS	SEKALEIPÄ, TUHTI-PORKKANASÄMPYLÄ, KATRI ANTELL	MULTIGRAIN BREAD, CARROT ROLL, TUHTI-PORKKANASÄMPYLÄ, KATRI ANTELL
BREAD_GRAINS	SEKALEIPÄ, OIVA PERUNALIMPPU, LINKOSUO	MULTIGRAIN BREAD, POTATO RYE BREAD, OIVA PERUNALIMPPU, LINKOSUO
BREAD_GRAINS	SEKALEIPÄ, TAMPEREEN RIEVÄ, LINKOSUO	MULTIGRAIN BREAD, TAMPEREEN RIEVÄ, LINKOSUO
BREAD_GRAINS	SEKALEIPÄ, JYVÄLEIPÄ, TUMMEMPI TUHATJYVÄ, LINKOSUO	MULTIGRAIN BREAD, TUMMEMPI TUHATJYVÄ, LINKOSUO
BREAD_GRAINS	SEKALEIPÄ, AAMIAISSÄMPYLÄ, PERHELEIPURIT	MULTIGRAIN BREAD, BREAD ROLL, AAMIAISSÄMPYLÄ, PERHELEIPURIT
BREAD_GRAINS	VAALEA LEIPÄ, EVÄSSÄMPYLÄ, PERHELEIPURIT	WHITE BREAD, WHEAT ROLL, EVÄSSÄMPYLÄ, PERHELEIPURIT
BREAD_GRAINS	SEKALEIPÄ, LIMPUKKA, PÅGEN	MULTIGRAIN BREAD, LINGONBERRY, LIMPUKKA, PÅGEN
BREAD_GRAINS	SEKALEIPÄ, RUIS-VEHNÄTYYNYT, VAASAN	MULTIGRAIN BREAD, BREAD ROLL, RYE AND WHEAT FLOUR, RUIS-VEHNÄTYYNYT, VAASAN
FRUITS_VEGETABLES	VÄLIPALAJUOMA, HEVI SHOT, VALIO, ANANAS-PORKKANA-MANGO	FRUIT DRINK, HEVI SHOT, VALIO, PINEAPPLE-CARROT-MANGO
FRUITS_VEGETABLES	VÄLIPALAJUOMA, HEVI SHOT, VALIO, OMENA-PORKKANA-MANSIKKA	FRUIT DRINK, HEVI SHOT, VALIO, APPLE-CARROT-STRAWBERRY
FRUITS_VEGETABLES	VÄLIPALAJUOMA, MEHUKATTI HEDELMÄVÄLIPALA, MANSIKKA	FRUIT DRINK, MEHUKATTI FRUIT SNACK, STRAWBERRY
PANTRY	ATERIAKASTIKE, HAPANIMELÄ, SWEET & SOUR, UNCLE BEN'S, VALMISKASTIKE	SWEET & SOUR SAUCE, UNCLE BEN'S
FRUITS_VEGETABLES	VÄLIPALAJUOMA, MEHUKATTI HEDELMÄVÄLIPALA, PÄÄRYNÄ	FRUIT DRINK, MEHUKATTI FRUIT SNACK, PEAR
FRUITS_VEGETABLES	VÄLIPALAJUOMA, MEHUKATTI HEDELMÄVÄLIPALA, HEDELMÄMIX	FRUIT DRINK, MEHUKATTI FRUIT SNACK, FRUIT MIX
MEAT_FISH	BROILERIKASTIKE, ATERIAKASTIKKEESTA, HAPANIMELÄKASTIKE, BROILERISUIKALE	SWEET AND SOUR CHICKEN GRAVY, READY MADE SAUCE
MEAT_FISH	BROILERIKASTIKE, ATERIAKASTIKKEESTA, CURRY, BROILERISUIKALE	CURRY CHICKEN GRAVY, READY MADE SAUCE
MEAT_FISH	PERUNALAATIKKO, LIHA-PERUNASOSELAATIKKO, PERUNASOSEJAUHEESTA, NAUTA, VESI	BEEF MINCE AND MASHED POTATO CASSEROLE, MASHED POTATO POWDER, WATER
MEAT_FISH	PERUNALAATIKKO, LIHA-PERUNASOSELAATIKKO, PERUNASOSEJAUHEESTA, NAUTA, MAITO	BEEF MINCE AND MASHED POTATO CASSEROLE, MASHED POTATO POWDER, MILK
BREAD_GRAINS	PULLA, KORVAPUUSTI, GIFFLAR KANELIKORVAPUUSTI, PÅGEN	BUN, CINNAMON BUN, GIFFLAR CINNAMON BUN, PÅGEN
BREAD_GRAINS	KAKKU, MUFFINI, CREMETÄYTE MUFFINSI SITRUUNA, PÅGEN	CAKE, MUFFIN, LEMON, WITH CRÈME FILLING, PÅGEN
BREAD_GRAINS	KAKKU, MUFFINI, CREMETÄYTE MUFFINSI KAAKAO, PÅGEN	CAKE, MUFFIN, COCOA, WITH CRÈME FILLING, PÅGEN
MEAT_FISH	JAUHELIHAKASTIKE, RUSKEA KASTIKE, NAUDANLIHA 17 %, RASVAA	BEEF MINCE GRAVY
MEAT_FISH	JAUHELIHAKASTIKE, RUSKEA KASTIKE, BROILERI, RASVAA	CHICKEN MINCE GRAVY
MEAT_FISH	JAUHELIHAKASTIKE, RUSKEA KASTIKE, NAUDANLIHA 7 %, RASVAA	LEAN STEAK MINCE GRAVY
MEAT_FISH	JAUHELIHAKASTIKE, RUSKEA KASTIKE, NAUDANPAISTI, EI RASVAA	BEEF STEAK MINCE GRAVY, NO ADDED FAT
MEAT_FISH	JAUHELIHAKASTIKE, RUSKEA KASTIKE, SIANLIHA, EI RASVAA	PORK MINCE GRAVY, NO ADDED FAT
MEAT_FISH	JAUHELIHAKASTIKE, RUSKEA KASTIKE, SIKA-NAUTA, EI RASVAA	PORK BEEF MINCE GRAVY, NO ADDED FAT
MEAT_FISH	JAUHELIHAKASTIKE, MAITOPOHJAINEN, NAUDANPAISTI	BEEF STEAK MINCE GRAVY, MILK-BASED
MEAT_FISH	JAUHELIHAKASTIKE, MAITOPOHJAINEN, SIKA-NAUTA	PORK BEEF MINCE GRAVY, MILK-BASED
MEAT_FISH	JAUHELIHAKASTIKE, TOMAATTINEN, NAUDANLIHA 7 %, KASTIKEJAUHEESTA	BOLOGNESE, BEEF MINCE FAT 7%, TOMATO,  POWDERED GRAVY MIX
MEAT_FISH	JAUHELIHAKASTIKE, TOMAATTINEN, NAUDANPAISTI, KASTIKEJAUHEESTA	BOLOGNESE, BEEF STEAK MINCE, POWDERED GRAVY MIX
FRUITS_VEGETABLES	KASVISKASTIKE, PUNAJUURIKASTIKE, KEVYTMAITO	BEETROOT GRAVY, LOW-FAT MILK
FRUITS_VEGETABLES	KASVISKASTIKE, PUNAJUURIKASTIKE	BEETROOT GRAVY
BREAD_GRAINS	PULLA, DALLASPULLA, FAZER	BUN, QUARK FILLING, DALLAS BUN, FAZER
MEAT_FISH	BROILERINUGGETTI, KANANPOJAN JUUSTONUGGETIT, HK/KARINIEMI, LAKTOOSITON	CHICKEN NUGGETS, BREADED, CHEESE FILLING, HK/KARINIEMI
BREAD_GRAINS	PULLA, BIG TEXASPULLA, FAZER	BUN, CINNAMON BUN, BIG TEXAS, FAZER
BREAD_GRAINS	MUNKKI, BERLIININMUNKKI, FAZER	DOUGHNUT, BERLINER, BAKERY, JAM AND ICING
BREAD_GRAINS	KÄÄRETORTTU, NAPAKYMPPI, FAZER OULULAINEN	SWISS ROLL, NAPAKYMPPI, FAZER OULULAINEN
MEAT_FISH	PERUNALAATIKKO, BROILERIKIUSAUS, HK, VALMISATERIA	CHICKEN AND POTATO CASSEROLE, HK, READY MEAL
FRUITS_VEGETABLES	KIISSELI, VADELMAKEITTO	RASPBERRY KISSEL, RASPBERRY SOUP
FRUITS_VEGETABLES	KIISSELI, MANSIKKAKEITTO	STRAWBERRY KISSEL, STRAWBERRY SOUP
DAIRY	VANUKAS, KERMAVANUKAS, RASVAINEN, TEOLLINEN	PUDDING, CREAM PUDDING, INDUSTRIAL
DAIRY	VANUKAS, SUKLAAVANUKAS, TEOLLINEN	PUDDING, CHOCOLATE PUDDING, INDUSTRIAL
PANTRY	KEKSI, KAURA-SUKLAAKEKSI, TEOLLINEN	OAT AND CHOCOLATE BISCUIT, INDUSTRIAL
PANTRY	KEKSI, HYVÄSET, KAURANEN VANILJA, JYVÄSHYVÄ, LU	OAT AND VANILLLA BISCUIT, JYVÄSHYVÄ, LU
BREAD_GRAINS	HAPANKORPPU, KAURAKORPPU, OULULAINEN, FAZER	FINN CRISP, OAT CRISPBREAD, OULULAINEN, FAZER
BREAD_GRAINS	KARJALANPIIRAKKA, RUKIINEN IMATRAN RIISIPIIRAKKA, FAZER	KARELIAN PASTY, RICE FILLING, IMATRAN, FAZER
BREAD_GRAINS	KARJALANPIIRAKKA, RUKIINEN RIISIPIIRAKKA, FAZER	KARELIAN PASTY, RICE FILLING, FAZER
MEAT_FISH	JAUHELIHAPIHVI, GRILLITASSU, SAARIOINEN, PAISTETTU ILMAN RASVAA	MINCED MEAT HAMBURGER PATTY, GRILLITASSU, SAARIOINEN, FRIED WITHOUT FAT
BREAD_GRAINS	RAPARPERIPIIRAKKA, PULLAPOHJA, TÄYSMAITO	RHUBARB PIE, BASIC SWEET DOUGH, WHOLE MILK
BREAD_GRAINS	RAPARPERIPIIRAKKA, PULLAPOHJA, KEVYTMAITO	RHUBARB PIE, BASIC SWEET DOUGH, LOW-FAT MILK
PANTRY	KEKSI, SUKLAAPISARA, JYVÄSHYVÄ, LU	CHOCOLATE CHIP COOKIE, JYVÄSHYVÄ SUKLAAPISARA, LU
PANTRY	KEKSI, LASTENKEKSI, CARNEVAL PRINSESSA, FAZER	BISCUIT FOR CHILDREN, CARNEVAL PRINSESSA, FAZER
PANTRY	KEKSI, VÄLIPALAKEKSI, JYVÄSHYVÄ CRACOTTE TÄYSJYVÄ, LU	BISCUIT, JYVÄSHYVÄ CRACOTTE, WHOLE WHEAT
PANTRY	KEKSI, VÄLIPALAKEKSI, JYVÄSHYVÄ CRACOTTE SESAM, LU	BISCUIT, JYVÄSHYVÄ CRACOTTE, SESAME SEEDS
PANTRY	KEKSI, KANELIKEKSI, BASTOGNE, LU	BISCUIT, BASTOGNE, LU
FROZEN	PINAATTIKEITTO, APETIT, PAKASTE	SPINACH SOUP, APETIT, FROZEN SOUP
FROZEN	PINAATTIKEITTO, PIRKKA, PAKASTE	SPINACH SOUP, PIRKKA, FROZEN SOUP
FRUITS_VEGETABLES	PINAATTIKEITTO, SAARIOINEN, VALMISATERIA	SPINACH SOUP, SAARIOINEN, READY MEAL
DAIRY	MAITOKASTIKE, PINAATTIKASTIKE, KEVYTMAITO, JAUHOSUURUS	WHITE SAUCE WITH SPINACH, LOW-FAT MILK, THICKENED WITH FLOUR
BREAD_GRAINS	KUIVAKAKKU, SOKERIKAKKU	SPONGE CAKE
DAIRY	MUNAKASRULLA, KASVIS-SIENITÄYTE	OMELETTE ROLL, VEGETABLE AND MUSHROOM FILLING
MEAT_FISH	MAKSAPATA, MAKSA, PEKONI	LIVER STEW WITH BACON
PANTRY	TOFU-PERUNAVUOKA, TOMAATTINEN, KANANMUNAA	TOFU AND POTATO CASSEROLE, CONTAINS EGG
PANTRY	TOFU-KASVISKASTIKE, TOMAATTINEN, SUURUSTAMATON	TOFU VEGETABLE GRAVY, WITH TOMATO
PANTRY	TOFU-PAPUKASTIKE, TOMAATTINEN, SUURUSTAMATON	TOFU AND MIXED BEANS GRAVY, WITH TOMATO
PANTRY	LINSSIPIHVI/PYÖRYKKÄ, KANANMUNAA	LENTIL PATTY, LENTIL BALL, CONTAINS EGG
MEAT_FISH	KATKARAPU, CHILI-VALKOSIPULIMARINADI, PAISTETTU	FRIED SHRIMP WITH CHILI AND GARLIC MARINADE, FRIED
MEAT_FISH	KATKARAPU-NUUDELIWOKKI, KOOKOSMAITO	FRIED SHRIMP WITH NOODLES AND COCONUT
MEAT_FISH	KATKARAPUMUHENNOS, KERMAA, SUURUSTETTU VEHNÄJAUHOILLA	CREAMY SHRIMP STEW, THICKENED
PANTRY	SOIJA-KASVISKIUSAUS, SOIJAROUHE, RUOANVALMISTUSKERMA	SOY-VEGETABLE CASSEROLE, COOKING CREAM
FRUITS_VEGETABLES	SIPULIKEITTO, KUORRUTETTU, RANSKALAINEN SIPULIKEITTO	ONION SOUP, FRENCH, GRATINATED WITH BREAD AND CHEESE
DAIRY	VANUKAS, PANNACOTTA, LIIVATETTA	PUDDING, PANNA COTTA, CONTAINS GELATIN
DAIRY	JÄLKIRUOKA, CRÈME BRÛLÉE	CRÈME BRÛLÉE
PANTRY	MAUSTEKASTIKE, BBQ, BARBECUEMARINADI LIHALLE, KOTITEKOINEN	BBQ-SAUCE FOR MEAT, HOME-MADE
MEAT_FISH	ATERIANKORVIKE, DRINKMIX, JUOMAJAUHE JA VESI, NATURDIET	MEAL REPLACEMENT, DRINK POWDER AND WATER, NATURDIET
MEAT_FISH	ATERIANKORVIKE, SMOOTHIE, JUOMAJAUHE JA VESI, EASY DIET	MEAL REPLACEMENT, SMOOTHIE, DRINK POWDER AND WATER, EASY DIET
MEAT_FISH	ATERIANKORVIKE, KEITTOJAUHE JA VESI, PARSA/KALA/KANA/SIENI, EASY DIET	MEAL REPLACEMENT, SOUP FROM POWDER, ASPARAGUS/FISH/CHICKEN/MUSHROOM, EASY DIET
MEAT_FISH	ATERIANKORVIKE, KEITTOJAUHE JA VESI, TOMAATTI/TEXMEX/THAI, EASY DIET	MEAL REPLACEMENT, SOUP POWDER AND WATER, TOMATO/TEXMEX/THAI, EASY DIET
MEAT_FISH	ATERIANKORVIKE, SMOOTHIE, JUOMAJAUHE JA VESI, NUTRIFAST	MEAL REPLACEMENT, SMOOTHIE, DRINK POWDER AND WATER, NUTRIFAST
MEAT_FISH	ATERIANKORVIKE, PIRTELÖ, JUOMAJAUHE JA VESI, ALLEVO	MEAL REPLACEMENT, MILK SHAKE, DRINK POWDER AND WATER, ALLEVO
MEAT_FISH	ATERIANKORVIKE, SMOOTHIE, JUOMAJAUHE JA VESI, ALLEVO	MEAL REPLACEMENT, SMOOTHIE, DRINK POWDER AND WATER, NATURDIET
MEAT_FISH	ATERIANKORVIKE, KEITTOJAUHE JA VESI, PERUNA/PURJO, ALLEVO	MEAL REPLACEMENT, SOUP POWDER AND WATER, POTATO AND LEEK, ALLEVO
MEAT_FISH	ATERIANKORVIKE, KEITTOJAUHE JA VESI, PARSAKAALI, BASILIKA, COUSCOUS, ALLEVO	MEAL REPLACEMENT, SOUP POWDER AND WATER, BROCCOLI, BASIL AND COUSCOUS, ALLEVO
MEAT_FISH	ATERIANKORVIKE, KEITTOJAUHE JA VESI, NUTRILETT	MEAL REPLACEMENT, SOUP POWDER AND WATER, NUTRILETT
MEAT_FISH	ATERIANKORVIKE, PIRTELÖ, JUOMAJAUHE JA VESI, NUTRILETT	MEAL REPLACEMENT, MILK SHAKE, DRINK POWDER AND WATER, NUTRILETT
MEAT_FISH	ATERIANKORVIKE, HOT AND COLD MOCCA, JUOMAJAUHE JA VESI, NUTRILETT	MEAL REPLACEMENT, HOT AND COLD MOCCA, DRINK POWDER AND WATER, NUTRILETT
MEAT_FISH	ATERIANKORVIKE, KEITTOJAUHE JA VESI, KESKIARVO	MEAL REPLACEMENT, SOUP POWDER AND WATER, AVERAGE
MEAT_FISH	ATERIANKORVIKE, PIRTELÖ, JUOMAJAUHE JA VESI, KESKIARVO	MEAL REPLACEMENT, MILK SHAKE, DRINK POWDER AND WATER, AVERAGE
MEAT_FISH	ATERIANKORVIKE, SMOOTHIE, JUOMAJAUHE JA VESI, KESKIARVO	MEAL REPLACEMENT, SMOOTHIE, DRINK POWDER AND WATER, AVERAGE
MEAT_FISH	ATERIANKORVIKE, PROTEIINIJUOMA MAITOON, GNLD	MEAL REPLACEMENT, PROTEIN DRINK POWDER AND MILK, GNLD
MEAT_FISH	ATERIANKORVIKE, PROTEIINIJUOMA MAITOON, NUTRISHAKE, GNLD	MEAL REPLACEMENT, PROTEIN DRINK POWDER AND MILK, NUTRISHAKE, GNLD
PANTRY	SALAATTI, PERUNASALAATTI, MAJONEESIKASTIKE, PIRKKA/SAARIOINEN	SALAD, POTATO SALAD WITH MAYONNAISE, INDUSTRIAL, PIRKKA/SAARIOINEN
PANTRY	SALAATTI, PERUNASALAATTI, MAJONEESIKASTIKE, ATRIA	SALAD, POTATO SALAD WITH MAYONNAISE, INDUSTRIAL, ATRIA
PANTRY	SALAATTI, PERUNASALAATTI, KEVYT, MAJONEESIKASTIKE, ATRIA/HK/PIRKKA	SALAD, POTATO SALAD WITH MAYONAISE, LIGHT, ATRIA/HK/PIRKKA
PANTRY	SALAATTI, PERUNASALAATTI, OLIIVI-RYPSIÖLJY, EI MAJONEESIA	SALAD, POTATO SALAD, OLIVE AND RAPESEED OIL, WITHOUT MAYONNAISE
MEAT_FISH	KALAPUIKKO, TEOLLINEN, PAISTETTU	FISH FINGERS, FRIED, INDUSTRIAL
BREAD_GRAINS	VOISARVI, CROISSANT, KOTITEKOINEN	CROISSANT, HOME-MADE
PANTRY	SEESAMINUGGETTI, HÄLSANS KÖK, SOIJAA	SESAME NUGGETS WITH SOY, DEEP-FRIED, HÄLSANS KÖK
BREAD_GRAINS	MYSLI, MUROMYSLI	MUESLI, CRUNCHY
FROZEN	JÄÄTELÖ, PEHMYTJÄÄTELÖ, SUKLAAKASTIKE, EI VOHVELIA	SOFT ICE CREAM WITH CHOCOLATE SAUCE
FRUITS_VEGETABLES	RANSKANPERUNA, UPPOPAISTETTU	FRENCH FRIES, DEEP-FRIED
PANTRY	POPCORN, MIKROPOPCORN	POPCORN, MICROWAVE POPCORN
PANTRY	KEKSI, VOILEIPÄKEKSI, RUIS CRACKER, KANTOLAN	CREAM CRACKER WITH RYE FLOUR, KANTOLAN
PANTRY	KEKSI, TEOLLINEN, KESKIARVO	BISCUIT, INDUSTRIAL, AVERAGE
BREAD_GRAINS	MURO, MAISSIHIUTALE, CORN FLAKES, GLUTEENITON, URTEKRAM, EI LISÄTTYÄ SOKERIA	BREAKFAST CEREAL, CORN FLAKES, GLUTEN-FREE, NO ADDED SUGAR, URTEKRAM
BREAD_GRAINS	MURO, KUITUPITOISET HIUTALEET, LUONTAISESTI GLUTEENITON, SEMPER, VITAMINOITU	BREAKFAST CEREAL, FLAKES AND FIBRE, NATURALLY GLUTEN-FREE, VITAMINS, SEMPER
MEAT_FISH	JAUHELIHA-PASTAKEITTO, NAUDANPAISTI, KASVIKSIA	MINESTRONE SOUP WITH BEEF STEAK MINCE AND VEGETABLES
BREAD_GRAINS	MURO, LUONTAISESTI GLUTEENITTOMAT HIUTALEET, KESKIARVO, SEMPER, VITAMINOITU	BREAKFAST CEREAL, NATURALLY GLUTEN-FREE, AVERAGE, ADDED VITAMINS, SEMPER
BREAD_GRAINS	KAKKU, SUKLAAKAKKU, LUONTAISESTI GLUTEENITON, MAIDOTON	CAKE, CHOCOLATE CAKE, NATURALLY GLUTEN-FREE, MILK-FREE
BREAD_GRAINS	SEKALEIPÄ, PORKKANASÄMPYLÄ, RASVATON MAITO, HIIVALEIPÄ-, SÄMPYLÄJAUHO	MULTIGRAIN BREAD, CARROT ROLL, FAT-FREE MILK, DARK WHEAT FLOUR, FLOUR MIX
BREAD_GRAINS	SEKALEIPÄ, PORKKANASÄMPYLÄ, TÄYSMAITO, HIIVALEIPÄ-, SÄMPYLÄJAUHO	MULTIGRAIN BREAD, CARROT ROLL, WHOLE MILK, DARK WHEAT FLOUR, FLOUR MIX
FRUITS_VEGETABLES	PARSA, KEITETTY, SUOLATON	ASPARAGUS, BOILED WITHOUT SALT
BREAD_GRAINS	PAAHTOLEIPÄ, 100 % TÄYSJYVÄPAAHTO, VAASAN	TOAST, WHOLEGRAIN TOAST, VAASAN 100% TÄYSJYVÄPAAHTO
PANTRY	NUUDELI, TÄYSJYVÄVEHNÄ, KEITETTY, SUOLAA	NOODLE, WHOLE WHEAT, BOILED, SALT
PANTRY	PIPARKAKKUTAIKINA, KOTITEKOINEN	GINGERBREAD DOUGH, HOME-MADE
PANTRY	PIPARKAKKUTAIKINA, TEOLLINEN	GINGERBREAD DOUGH, INDUSTRIAL
PANTRY	PIZZAPOHJA, HIIVATAIKINA	PIZZA CRUST, BASIC PIZZA DOUGH
PANTRY	PIZZA, ANJOVIS-OLIIVIPIZZA	PIZZA, ANCHOVY AND OLIVE PIZZA
PANTRY	PIZZA, HERKKUSIENIPIZZA	PIZZA, CHAMPIGNON PIZZA
PANTRY	PIZZA, JAUHELIHAPIZZA, NAUDANJAUHELIHA	PIZZA, BEEF MINCE PIZZA
PANTRY	PIZZA, JAUHELIHAPIZZA, SIKA-NAUTA	PIZZA, PORK BEEF MINCE PIZZA
PANTRY	PIZZA, KANA-ANANASPIZZA	PIZZA, CHICKEN AND PINEAPPLE PIZZA
PANTRY	PIZZA, KASVISPIZZA, SIENI, SIPULI, PAPRIKA, OLIIVI	PIZZA, VEGETARIAN PIZZA, MUSHROOM, ONION, SWEET PEPPER, OLIVE
PANTRY	PIZZA, KEBAB-SIPULI-PEPPERONIPIZZA	PIZZA, KEBAB PIZZA, ONION, PEPPERONI
PANTRY	PIZZA, KINKKU-ANANAS-SINIHOMEJUUSTOPIZZA	PIZZA, HAM PIZZA, PINEAPPLE, BLUE CHEESE
PANTRY	PIZZA, KINKKU-ANANASPIZZA	PIZZA, HAM AND PINEAPPLE PIZZA
PANTRY	PIZZA, KINKKU-HERKKUSIENIPIZZA	PIZZA, HAM AND MUSHROOM PIZZA
PANTRY	PIZZA, MOZZARELLA-TOMAATTI-PESTOPIZZA	PIZZA, MOZZARELLA PIZZA, TOMATO, PESTO
PANTRY	PIZZA, SALAMIPIZZA	PIZZA, SALAMI PIZZA
PANTRY	PIZZA, TONNIKALAPIZZA	PIZZA, TUNA PIZZA
PANTRY	PIZZA, ÄYRIÄISPIZZA, KATKARAPU, SINISIMPUKKA, OLIIVI	PIZZA, SHELLFISH PIZZA, MUSSEL, SHRIMP, OLIVE
PANTRY	PIZZA, TOMAATTIKASTIKE JA JUUSTOA, MARGHERITA	PIZZA, MARGHERITA PIZZA, TOMATO SAUCE AND CHEESE
FRUITS_VEGETABLES	(ARC)POLYPOP-JELLY, LASTEN HYYTELÖ	(ARC)POLYPOP-JELLY, FOR CHILDREN
MEAT_FISH	PASTA BOLOGNESE, KOKKIKARTANO SNELLMAN, VALMISATERIA	PASTA BOLOGNESE, KOKKIKARTANO SNELLMAN, READY MEAL
MEAT_FISH	LOHIPASTA, PASTALAATIKKO, KOKKIKARTANO SNELLMAN, VALMISATERIA	SALMON PASTA CASSEROLE, KOKKIKARTANO SNELLMAN, READY MEAL
MEAT_FISH	MAKARONILAATIKKO, LIHA-MAKARONILAATIKKO, KOKKIKARTANO SNELLMAN, VALMISATERIA	MACARONI AND MEAT CASSEROLE, INDUSTRIAL, KOKKIKARTANO SNELLMAN, READY MEAL
MEAT_FISH	LASAGNE BOLOGNESE, KOKKIKARTANO SNELLMAN, VALMISATERIA	LASAGNE BOLOGNESE, KOKKIKARTANO SNELLMAN, READY MEAL
MEAT_FISH	KINKKU-ANANASPASTA, PASTALAATIKKO, KOKKIKARTANO SNELLMAN, VALMISATERIA	HAM AND PINEAPPLE PASTA CASSEROLE, KOKKIKARTANO SNELLMAN, READY MEAL
MEAT_FISH	BROILERPASTA, PASTALAATIKKO, KOKKIKARTANO SNELLMAN, VALMISATERIA	CHICKEN PASTA CASSEROLE, KOKKIKARTANO SNELLMAN, READY MEAL
MEAT_FISH	BROILER-PEKONIPASTA, PASTALAATIKKO, KOKKIKARTANO SNELLMAN, VALMISATERIA	CHICKEN-BACON PASTA CASSEROLE, KOKKIKARTANO SNELLMAN, READY MEAL
MEAT_FISH	KAALILAATIKKO, LIHA-KAALILAATIKKO, KOKKIKARTANO SNELLMAN, VALMISATERIA	CABBAGE CASSEROLE, BEEF, KOKKIKARTANO SNELLMAN, READY MEAL
MEAT_FISH	PERUNALAATIKKO, KINKKUKIUSAUS, KOKKIKARTANO SNELLMAN, VALMISATERIA	HAM AND POTATO CASSEROLE, KOKKIKARTANO SNELLMAN, READY MEAL
MEAT_FISH	PERUNALAATIKKO, JAUHELIHAPERUNAMUUSI, KOKKIKARTANO SNELLMAN, VALMISATERIA	MINCED MEAT AND MASHED POTATO CASSEROLE, KOKKIKARTANO SNELLMAN, READY MEAL
MEAT_FISH	PERUNALAATIKKO, JAUHELIHAKIUSAUS, KOKKIKARTANO SNELLMAN, VALMISATERIA	MINCED MEAT POTATO CASSEROLE, KOKKIKARTANO SNELLMAN, READY MEAL
MEAT_FISH	PERUNALAATIKKO, JANSSONIN KIUSAUS, KOKKIKARTANO SNELLMAN, VALMISATERIA	FISH AND POTATO CASSEROLE, JANSSON'S TEMPTATION, SNELLMAN, READY MEAL
MEAT_FISH	BOLOGNAN SPAGETTI, HK, VALMISATERIA	SPAGETTI BOLOGNESE, HK, READY MEAL
BREAD_GRAINS	RIISIPYÖRÖNEN, VEHNÄ	RICE PASTY, RIISIPYÖRÖNEN
BREAD_GRAINS	KINKKUPIIRAKKA, MUROPOHJA	HAM PIE, SHORTCRUST PASTRY
BREAD_GRAINS	SULTSINA, RUISVEHNÄKUORI	SULTSINA PASTY
BREAD_GRAINS	LIHAKUKKO	MEAT PASTY, MEAT IN RYE CRUST
BREAD_GRAINS	LIHAPIIRAKKA, KESKIARVO, TEOLLINEN	DEEP-FRIED MEAT PASTY, INDUSTRIAL, AVERAGE
BREAD_GRAINS	PERUNAKUKKO, RUISKUORI	POTATO PASTIE, RYE CRUST
BREAD_GRAINS	KAKKU, MUFFINI GLUTEENITON	CAKE, MUFFIN, GLUTEN-FREE
BREAD_GRAINS	KUIVAKAKKU, HEDELMÄKAKKU	FRUIT CAKE
MEAT_FISH	KALAPAISTOS, HK, VALMISATERIA	FISH AND MASHED POTATO, HK, READY MEAL
PANTRY	OHUKAINEN, RASVATON MAITO	THIN PANCAKE, FAT-FREE MILK
PANTRY	OHUKAINEN, TERNIMAITO	THIN PANCAKE, BEESTINGS
PANTRY	OHUKAINEN, TÄYSMAITO	THIN PANCAKE, WHOLE MILK
PANTRY	OHUKAINEN, VESI	THIN PANCAKE, WATER
PANTRY	PANNUKAKKU, PIIMÄ	OVEN-BAKED PANCAKE, SOUR MILK
PANTRY	PANNUKAKKU, RASVATON MAITO	OVEN-BAKED PANCAKE, FAT-FREE MILK
PANTRY	PANNUKAKKU, TERNIMAITO	OVEN-BAKED PANCAKE, BEESTINGS
PANTRY	PANNUKAKKU, TÄYSMAITO	OVEN-BAKED PANCAKE, WHOLE MILK
PANTRY	OHUKAINEN, PIIMÄ	THIN PANCAKE, SOUR MILK
PANTRY	JÄLKIRUOKAKASTIKE, VANILJAKASTIKE, KEVYTMAITO, PERUNAJAUHO	VANILLA SAUCE, LOW-FAT MILK, POTATO FLOUR
PANTRY	VOHVELI, KEVYTMAITO	WAFFLE, LOW-FAT MILK
PANTRY	VOHVELI, RASVATON MAITO	WAFFLE, FAT-FREE MILK
PANTRY	VOHVELI, TÄYSMAITO	WAFFLE, WHOLE MILK
PANTRY	VOHVELI, KERMA	WAFFLE, CREAM
PANTRY	JÄLKIRUOKAKASTIKE, KINUSKIKASTIKE	CARAMEL SAUCE, TOFFEE SAUCE
PANTRY	VOHVELI, VESI	WAFFLE, WATER
FRUITS_VEGETABLES	UUNIOMENA	BAKED APPLE
BREAD_GRAINS	PINAATTIKOHOKAS, KEVYTMAITO	SPINACH SOUFFLE, LOW-FAT MILK
BREAD_GRAINS	PINAATTIKOHOKAS, RASVATON MAITO	SPINACH SOUFFLE, FAT-FREE MILK
BREAD_GRAINS	PINAATTIKOHOKAS, TÄYSMAITO	SPINACH SOUFFLE, WHOLE MILK
BREAD_GRAINS	PINAATTIKOHOKAS, KERMA	SPINACH SOUFFLE, CREAM
PANTRY	JÄLKIRUOKAKASTIKE, SUKLAAKASTIKE	CHOCOLATE SAUCE
MEAT_FISH	KANAVIILLOKKI, HK, VALMISATERIA	CHICKEN FRICASSEE, HK, READY MEAL
MEAT_FISH	KANA-VUOHENJUUSTOPASTA, HK VIA, VALMISATERIA	CHICKEN AND GOAT CHEESE PASTA, HK, READY MEAL
BREAD_GRAINS	MURO, NELJÄNVILJANMURO, ELOVENA TÄYSJYVÄMURO 4 VILJAA	BREAKFAST CEREAL, WHEAT, RYE, OAT, MAIZE, ELOVENA WHOLE GRAIN OAT CEREALS
MEAT_FISH	SILAKKAHYYTELÖ	BALTIC HERRING JELLY
MEAT_FISH	MAKSALAATIKKO, OHRARYYNIT, RASVATON MAITO	LIVER CASSEROLE, BARLEY, FAT-FREE MILK
BREAD_GRAINS	DONITSI, TEOLLINEN	DOUGHNUT, INDUSTRIAL
MEAT_FISH	MAKSALAATIKKO, RASVATON MAITO	LIVER CASSEROLE, RICE, FAT-FREE MILK
MEAT_FISH	MAKSALAATIKKO, TÄYSMAITO	LIVER CASSEROLE, RICE, WHOLE MILK
PANTRY	BLINI, RASVATON MAITO	BLIN WITH FAT-FREE MILK
PANTRY	BLINI, KEVYTMAITO	BLIN WITH LOW-FAT MILK
PANTRY	BLINI, TÄYSMAITO	BLIN WITH WHOLE MILK 3.5%
MEAT_FISH	KAALIKÄÄRYLE, NAUDANPAISTI	STUFFED CABBAGE ROLLS, BEEF STEAK MINCE
BREAD_GRAINS	KALAKUKKO, MUIKKUKUKKO	VENDACE LOAF, FISH IN RYE CRUST
MEAT_FISH	VERILEIPÄ, VERIKLIMPPI, VERIVANUKAS, VERIPALTTU	BLOOD BREAD, RYE AND BARLEY BREAD WITH BLOOD
MEAT_FISH	RÖSSYMAITO	RÖSSYMAITO, POTATO, PORK, BLOOD AND MILK
MEAT_FISH	RÖSSYPOTTU	RÖSSYPOTTU, POTATO, PORK AND BLOOD STEW
MEAT_FISH	RISOTTO, KALARISOTTO	RISOTTO, FISH RISOTTO
MEAT_FISH	RISOTTO, ÄYRIÄISRISOTTO, KATKARAPU, SIMPUKKA	RISOTTO, SEA FOOD RISOTTO, SHRIMP, MUSSEL
BREAD_GRAINS	LANTTUKUKKO, RUISKUORI	SWEDE LOAF, RYE CRUST
BREAD_GRAINS	PATAKUKKO, MUIKKU	POT LOAF WITH VENDACE
FRUITS_VEGETABLES	PURJOSIPULI, KEITETTY, SUOLATON	LEEK, BOILED WITHOUT SALT
MEAT_FISH	LIHAPULLA, SIENI-LIHAPULLA, SIKA-NAUTA, PAISTETTU	MEATBALL, PORK-BEEF MINCE, MUSHROOMS, FRIED
PANTRY	SITRUUNAKASTIKE, KERMAINEN	CREAMY LEMON SAUCE
FRUITS_VEGETABLES	NOKKOSKEITTO, MAITO	NETTLE SOUP, MILK
FRUITS_VEGETABLES	NOKKOSKEITTO, KASVISLIEMI JA KERMA	CREAMY NETTLE SOUP, VEGETABLE BOUILLON AND CREAM
FRUITS_VEGETABLES	KESÄKEITTO, UUSI PERUNA	VEGETABLE SOUP WITH NEW POTATOES, MILK-BASED, SUMMER SOUP
MEAT_FISH	PERUNALAATIKKO, KINKKUKIUSAUS, HK, VALMISATERIA	HAM AND POTATO CASSEROLE, HK, READY MEAL
MEAT_FISH	KATKARAPUKEITTO, KERMAA, SUURUSTETTU	CREAMY SHRIMP SOUP, THICKENED
DAIRY	MAITOKASTIKE, VALKOKASTIKE, RASVATON MAITO, RASVA-JAUHOSUURUS	WHITE SAUCE, FAT-FREE MILK, THICKENED WITH FLOUR AND FAT
DAIRY	MAITOKASTIKE, VALKOKASTIKE, TÄYSMAITO, RASVA-JAUHOSUURUS	WHITE SAUCE, WHOLE MILK, THICKENED WITH FLOUR AND FAT
MEAT_FISH	KINKKUKASTIKE, MAITOPOHJAINEN, SAUNAPALVIKINKKU, KEVYTMAITO	HAM GRAVY WITH LOW-FAT MILK
MEAT_FISH	KINKKUKASTIKE, MAITOPOHJAINEN, SAUNAPALVIKINKKU, RASVATON MAITO	HAM GRAVY WITH FAT-FREE MILK
MEAT_FISH	KINKKUKASTIKE, MAITOPOHJAINEN, SAUNAPALVIKINKKU, TÄYSMAITO	HAM GRAVY WITH WHOLE MILK
FRUITS_VEGETABLES	KASVISKASTIKE, PUNAJUURIKASTIKE, RASVATON MAITO	BEETROOT GRAVY, FAT-FREE MILK
FRUITS_VEGETABLES	KASVISKASTIKE, PUNAJUURIKASTIKE, TÄYSMAITO	BEETROOT GRAVY, WHOLE MILK
FRUITS_VEGETABLES	KASVISKASTIKE, KIINALAINEN, HAPANIMELÄ	CHINESE VEGETABLE GRAVY, SWEET AND SOUR
PANTRY	JÄLKIRUOKAKASTIKE, KARAMELLIKASTIKE	CARAMEL SAUCE
MEAT_FISH	KALAKASTIKE, KALAMUHENNOS, MAITOPOHJAINEN, KEVYTMAITO	FISH STEW, LOW-FAT MILK
MEAT_FISH	KALAKASTIKE, KALAMUHENNOS, MAITOPOHJAINEN, RASVATON MAITO	FISH STEW, FAT-FREE MILK
BREAD_GRAINS	MARJAPIIRAKKA/MARJAPAISTOS, MUROPOHJA JA TAIKINAKANSI, EI KANANMUNAA	BERRY PIE, DOUBLE-CRUST, WITHOUT EGG
FRUITS_VEGETABLES	LANTTULAATIKKO, RASVATON MAITO	SWEDE CASSEROLE, FAT-FREE MILK
FRUITS_VEGETABLES	LANTTULAATIKKO, TÄYSMAITO	SWEDE CASSEROLE, WHOLE MILK
FRUITS_VEGETABLES	LANTTULAATIKKO, KEVYTMAITO	SWEDE CASSEROLE, LOW-FAT MILK
FRUITS_VEGETABLES	PINAATTIOHUKAINEN, RASVATON MAITO	THIN SPINACH PANCAKE, SPINACH CREPES, FAT-FREE MILK
FRUITS_VEGETABLES	KIISSELI, MEHUKEITTO, KOTITEKOINEN	BERRY KISSEL, BERRY DRINK
PANTRY	ATERIASALAATTI, KALKKUNASALAATTI, HEDELMÄINEN, KERMAVIILIKASTIKE	TURKEY SALAD WITH FRUITS, SOUR CREAM DRESSING
PANTRY	NOKKOSOHUKAINEN, KEVYTMAITO	THIN NETTLE PANCAKE, LOW-FAT MILK
FRUITS_VEGETABLES	NOKKOSOHUKAINEN, RASVATON MAITO	THIN NETTLE PANCAKE, FAT-FREE MILK
FRUITS_VEGETABLES	NOKKOSOHUKAINEN, TÄYSMAITO	THIN NETTLE PANCAKE, WHOLE MILK
PANTRY	ATERIASALAATTI, KALKKUNASALAATTI, PASTA, ÖLJYKASTIKE	TURKEY SALAD WITH PASTA, OIL-BASED DRESSING
PANTRY	ATERIASALAATTI, PAAHTOPAISTISALAATTI, PERUNAA, ÖLJYKASTIKE	ROASTED BEEF SALAD WITH POTATO, OIL-BASED SAUCE
DAIRY	VANUKAS, RIISIVANUKAS, KOTITEKOINEN	PUDDING, RICE PUDDING, HOME-MADE
PANTRY	ATERIASALAATTI, KUSKUSSALAATTI, VUOHENJUUSTO, ÖLJYKASTIKE	COUSCOUS SALAD WITH GOAT CHEESE, OIL-BASED DRESSING
PANTRY	ATERIASALAATTI, MOZZARELLASALAATTI, TOMAATTI, BASILIKA, ÖLJYKASTIKE	MOZZARELLA SALAD WITH TOMATO AND BASIL, OIL-BASED DRESSING
PANTRY	ATERIASALAATTI, NIZZAN SALAATTI, KANANMUNA, PERUNA, ANJOVIS, ÖLJYKASTIKE	SALAD NICOISE, POTATO, BOILED EGG, ANCHOVIS
FRUITS_VEGETABLES	PERUNAOHUKAINEN, KEVYTMAITO	THIN POTATO PANCAKE, LOW-FAT MILK
FRUITS_VEGETABLES	PERUNAOHUKAINEN, RASVATON MAITO	THIN POTATO PANCAKE, FAT-FREE MILK
FRUITS_VEGETABLES	PERUNAPIHVI/PYÖRYKKÄ, KEVYTMAITO	POTATO PATTY, LOW-FAT MILK
FRUITS_VEGETABLES	PERUNAPIHVI/PYÖRYKKÄ,TÄYSMAITO	POTATO PATTY, WHOLE MILK
PANTRY	ATERIASALAATTI, LOHISALAATTI, KANANMUNA, APPELSIINI, PARSAKAALI, ÖLJYKASTIKE	SALMON SALAD, BOILED EGGS, ORANGE AND BROCCOLI, OIL-BASED DRESSING
PANTRY	ATERIASALAATTI, LOHISALAATTI, AVOKADO, PARSA, ÖLJYKASTIKE	SALMON SALAD, ASPARAGUS, AVOCADO, OIL-BASED DRESSING
BREAD_GRAINS	MUNKKI, RASVATON MAITO, KOTITEKOINEN	DOUGHNUT, FAT-FREE MILK, HOME-MADE
PANTRY	ATERIASALAATTI, VUOHENJUUSTOSALAATTI, KEITETTY PUNAJUURI, ÖLJYKASTIKE	GOAT CHEESE SALAD WITH BOILED BEETROOT, OIL-BASED DRESSING
MEAT_FISH	JAUHELIHAKASTIKE JA MUUSI, HK, VALMISATERIA	MINCED MEAT GRAVY AND MASHED POTATOES, HK, READY MEAL
PANTRY	ATERIASALAATTI, VUOHENJUUSTOSALAATTI, PÄÄRYNÄ, TOMAATTI, ÖLJYKASTIKE	GOAT CHEESE SALAD WITH PEAR AND TOMATO, OIL-BASED DRESSING
DAIRY	JUUSTO, VUOHENJUUSTO, CHÈVRE, RASVAA 30 %, PAISTETTU	CHEESE, GOAT CHEESE, CHÈVRE, 30% FAT, FRIED
MEAT_FISH	PERUNALAATIKKO, LOHIKIUSAUS, HK, VALMISATERIA	SALMON AND POTATO CASSEROLE, HK, READY MEAL
MEAT_FISH	PYTTIPANNU, LENKKIMAKKARA, KANANMUNA	SAUSAGE HASH, RIGN BOLOGNA, POTATO, EGG
DAIRY	KANANMUNA, PAISTETTU, EI RASVAA, SUOLATON	EGG, FRIED, WITHOUT FAT AND SALT
DAIRY	KANANMUNAN KELTUAINEN, PAISTETTU ILMAN RASVAA, SUOLATON	EGG YOLK, FRIED, WITHOUT FAT AND SALT
DAIRY	KANANMUNAN VALKUAINEN, PAISTETTU ILMAN RASVAA, SUOLATON	EGG WHITE, FRIED, WITHOUT FAT AND SALT
MEAT_FISH	UUNIKALA, SEITI, VALKOKASTIKE, JUUSTO, RASVATON MAITO, KORPPUJAUHO	SAITHE WITH WHITE SAUCE, CHEESE, FAT-FREE MILK, BREADCRUMBS, OVEN-BAKED
BREAD_GRAINS	RAHKAPIIRAKKA, PULLAPOHJA, RASVATON MAITO	QUARK PIE, BASIC SWEET DOUGH, FAT-FREE MILK
BREAD_GRAINS	NÄKKILEIPÄ, TÄYSJYVÄRUIS, PIENI PYÖREÄ/MAUKAS, VAASAN, KUITUA 20 %	CRISPBREAD, WHOLE RYE BREAD, PIENI PYÖREÄ/MAUKAS, VAASAN, 20% FIBRE
BREAD_GRAINS	NÄKKILEIPÄ, TÄYSJYVÄRUISNÄKKILEIPÄ, KUNTO, VAASAN, RUISLESEITÄ, KUITUA 20 %	CRISPBREAD, WHOLE RYE BREAD, RYE BRAN, VAASAN KUNTO, 20% FIBRE
BREAD_GRAINS	NÄKKILEIPÄ, MONIVILJANÄKKILEIPÄ, PIENI PYÖREÄ, VAASAN, SEESAMINSIEMENIÄ	CRISPBREAD, MULTIGRAIN, SESAME SEEDS, VAASAN PIENI PYÖREÄ
BREAD_GRAINS	NÄKKILEIPÄ, VIIDEN TÄYSJYVÄVILJAN NÄKKILEIPÄ, TÄYSHYVÄT, VAASAN, KUITUA 21 %	CRISPBREAD, WHOLE GRAIN, 5-GRAIN, VAASAN TÄYSHYVÄT, 21% FIBRE
BREAD_GRAINS	SEKALEIPÄ, ROUHESÄMPYLÄ, LEIPÄAITTA, LIDL, VEHNÄJAUHO, VEHNÄROUHE	MULTIGRAIN BREAD, BREAD ROLL, CRUSHED GRAINS, WHEAT FLOUR, LEIPÄAITTA, LIDL
BREAD_GRAINS	SEKALEIPÄ, GRAHAMSÄMPYLÄ, LEIPÄAITTA, LIDL, VEHNÄ- GRAHAMJAUHO, VEHNÄROUHE	MULTIGRAIN BREAD, GRAHAM ROLL, WHEAT AND GRAHAM FLOUR, CRUSHED GRAINS, LIDL
BREAD_GRAINS	SEKALEIPÄ, PEHMEÄ MONIVILJALEIPÄ, LEIPÄAITTA, LIDL, VEHNÄJAUHO, VEHNÄROUHE	MULTIGRAIN BREAD, WHEAT FLOUR, CRUSHED GRAINS, PEHMEÄ MONIVILJALEIPÄ, LIDL
BREAD_GRAINS	SEKALEIPÄ, PERINTEINEN KAURALEIPÄ, LEIPÄAITTA, LIDL, VEHNÄJAUHO, KAURAHIUTALE	MULTIGRAIN BREAD, OAT BREAD, PERINTEINEN KAURALEIPÄ, LEIPÄAITTA, LIDL
BREAD_GRAINS	VAALEA LEIPÄ, ARINALEIPÄ, LEIPÄAITTA, LIDL, OLIIVIÖLJY, VOIMAKASSUOLAINEN	WHITE BREAD, WHEAT FLOUR, OLIVE OIL, HIGH SODIUM, ARINALEIPÄ, LEIPÄAITTA, LIDL
BREAD_GRAINS	SEKALEIPÄ, RUISROUHEVIIPALEET, LEIPÄAITTA, LIDL, VEHNÄJAUHO, RUISJAUHO, -ROUHE	MULTIGRAIN BREAD, WHEAT AND RYE FLOUR, CRUSHED GRAINS, RUISROUHEVIIPALEET, LIDL
BREAD_GRAINS	SEKALEIPÄ, PIIMÄLIMPPU, LEIPÄAITTA, LIDL, VEHNÄ-GRAHAMJAUHO, HIIVALEIPÄJAUHO	MULTIGRAIN BREAD, BUTTERMILK BREAD, WHEAT, GRAHAM AND DARK WHEAT FLOUR, LIDL
BREAD_GRAINS	RUISLEIPÄ, RUISPALAT, LEIPÄAITTA, LIDL, TÄYSJYVÄRUIS-VEHNÄJAUHO	RYE BREAD, WHOLEGRAIN RYE, WHEAT FLOUR, RUISPALAT, LEIPÄAITTA, LIDL
PANTRY	KEKSI, DIGESTIVE, SUKLAINEN	CHOCOLATE DIGESTIVE BISCUIT
BREAD_GRAINS	RUISLEIPÄ, PERINTEINEN VARRASLEIPÄ, LEIPÄAITTA/LIDL,TÄYSJYVÄRUIS-HIIVALEIPÄJAUHO	RYE BREAD, WHOLEGRAIN RYE, WHEAT FLOUR, PERINTEINEN VARRASLEIPÄ, LEIPÄAITTA,LIDL
BREAD_GRAINS	RUISLEIPÄ, PYÖREÄT RUISPALASET, LEIPÄAITTA, LIDL, TÄYSJYVÄRUISJAUHO, PERUNAHIUT.	RYE BREAD, WHOLEGRAIN RYE, POTATO FLAKES, PYÖREÄT RUISPALASET, LEIPÄAITTA, LIDL
BREAD_GRAINS	SEKALEIPÄ, FITNESSPALAT, LEIPÄAITTA, LIDL, VEHNÄJAUHO, SIEMENSEKOITUS	MULTIGRAIN BREAD, WHEAT FLOUR, MIXED SEEDS, FITNESSPALAT, LEIPÄAITTA, LIDL
BREAD_GRAINS	VESIRINKELI	BAGEL
BREAD_GRAINS	VOIRINKELI	BAGEL, BUTTER BAGEL
FRUITS_VEGETABLES	HERKKUSIENI, TÄYTETTY, TUOREJUUSTO, PEKONI	MUSHROOMS FILLED WITH BACON AND CREAM CHEESE SPREAD
FRUITS_VEGETABLES	HERKKUSIENI, TÄYTETTY, SULATEJUUSTO, PEKONI	MUSHROOMS FILLED WITH BACON AND PROCESSED CHEESE
PANTRY	PANNUKAKKU, OMENAPANNUKAKKU, KEVYTMAITO	OVEN-BAKED APPLE PANCAKE, LOW-FAT MILK
PANTRY	KEKSI, LAJITELMA, SONDEY BISCUIT ASSORTMENT, LIDL	BISCUIT, INDUSTRIAL, SONDEY BISCUIT ASSORTMENT, LIDL
BREAD_GRAINS	SEKALEIPÄ, VAALEAT SEKALEIPÄPALAT, LEIPÄAITTA, LIDL, VEHNÄJAUHO, VEHNÄROUHE	MULTIGRAIN BREAD, WHEAT FLOUR, CRUSHED GRAINS, VAALEAT SEKALEIPÄPALAT, LIDL
BREAD_GRAINS	SEKALEIPÄ, MAALAISVIIPALEET, LEIPÄAITTA, LIDL, VEHNÄ-HIIVALEIPÄJAUHO	MULTIGRAIN BREAD, WHEAT AND DARK WHEAT FLOUR, MAALAISVIIPALEET, LEIPÄAITTA, LIDL
BREAD_GRAINS	SEKALEIPÄ, TÄYSJYVÄVIIPALEET, LEIPÄAITTA, LIDL, GRAHAMJAUHO, VEHNÄROUHE	MULTIGRAIN BREAD, GRAHAM FLOUR, CRUSHED WHEAT GRAINS, TÄYSJYVÄVIIPALEET, LIDL
BREAD_GRAINS	VAALEA LEIPÄ, ESIPAISTETTU VEHNÄSÄMPYLÄ, RIVERCOTE, LIDL, VOIMAKASSUOLAINEN	WHITE BREAD, PRE-BAKED WHEAT ROLL, HIGH-SODIUM, RIVERCOTE, LIDL
BREAD_GRAINS	PAAHTOLEIPÄ, SLICED BROWN BREAD-PAAHTOLEIPÄ, MCENNEDY, LIDL, VOIMAKASSUOLAINEN	TOAST, WHEAT TOAST, MCENNEDY SLICED BROWN BREAD, LIDL, HIGH-SODIUM
BREAD_GRAINS	VAALEA LEIPÄ, HOT DOG SÄMPYLÄ, KOHBERG, LIDL	WHITE BREAD, HOT DOG BUN, KOHBERG, LIDL
BREAD_GRAINS	NÄKKILEIPÄ, TÄYSJYVÄRUISNÄKKILEIPÄ, RIVERCOTE, LIDL, SIS. MAITOA	CRISPBREAD, WHOLE RYE BREAD, CONTAINS MILK, RIVERCOTE LIDL
PANTRY	KEKSI, VOIKEKSI, SONDEY BUTTERKEKS CLASSIC, LIDL	BUTTER BISCUIT, SONDEY BUTTERKEKS CLASSICS, LIDL
PANTRY	KEKSI, VOIKEKSI, TÄYSJYVÄ, SONDEY BUTTERKEKS VOLLKORN, LIDL	BUTTER BISCUIT, WHOLEWHEAT, SONDAY BUTTERKEKS VOLLKORN, LIDL
BREAD_GRAINS	NÄKKILEIPÄ, KAURANÄKKILEIPÄ, WASA, KAURA-, VEHNÄJAUHO, KAURAHIUTALE	CRISPBREAD, WASA OAT, OAT AND WHEAT FLOUR, OAT FLAKES
PANTRY	KEKSI, PIKKULEIPÄ, SUKLAAKUORRUTETTU	BISCUIT COVERED WITH CHOCOLATE
PANTRY	KEKSI, PIKKULEIPÄ, TUMMA SUKLAAKUORRUTE PÄÄLLÄ	BISCUIT COVERED WITH DARK CHOCOLATE
PANTRY	KEKSI, VOHVELIKEKSI, FAVORINI, LIDL, KESKIARVO	WAFER BISCUIT, FAVORINI, LIDL, AVERAGE
BREAD_GRAINS	PORKKANA-RIISIPIIRAKKA, VOITAIKINA, KEVYTMAITO	CARROT RICE PASTY, LOW-FAT MILK
BREAD_GRAINS	PORKKANA-RIISIPIIRAKKA, VOITAIKINA, RASVATON MAITO	CARROT RICE PASTY, FAT-FREE MILK
BREAD_GRAINS	PORKKANA-RIISIPIIRAKKA, VOITAIKINA, TÄYSMAITO	CARROT RICE PASTY, WHOLE MILK
PANTRY	KEKSI, MARIE-KEKSI	BISCUIT, MARIE BISCUIT
PANTRY	KEKSI, DIGESTIVE VÄLIPALAKEKSI, KAURA- JA GRAHAMJAUHOA	DIGESTIVE BISCUIT, OAT AND GRAHAM FLOUR
PANTRY	KEKSI, BROWNIE, TEOLLINEN	BROWNIE COOKIE, INDUSTRIAL
BREAD_GRAINS	VIINERI, VANILJAKIISSELI, KEVYTMAITO, GLUTEENITON, VEHNÄTÄRKKELYS	DANISH PASTRY, VANILLA CUSTARD, LOW-FAT MILK, GLUTEN-FREE, CONTAINS WHEAT STARCH
MEAT_FISH	JAUHELIHA-RIISIPATA, SIKA-NAUTA, PAPRIKA, HERNE	PORK BEEF MINCE AND RICE CASSEROLE, CAPSICUM, PEAS
MEAT_FISH	MAKARONILAATIKKO, MAKKARA-MAKARONILAATIKKO, LENKKIMAKKARA, KEVYTMAITO	MACARONI AND SAUSAGE CASSEROLE, LOW-FAT MILK
PANTRY	KEKSI, TÄYTEKEKSIPATUKKA, AMANIE, LIDL	MILK CHOCOLATE COVERED BISCUITS WITH FILLING, AMANIE, LIDL
PANTRY	KEKSI, KAURAKEKSI, KANANMUNAA, LIDL	OAT BISCUIT WITH EGG, INDUSTRIAL, LIDL
PANTRY	KEKSI, TÄYTEKEKSI, SUKLAINEN, MARENKIA, CATAGO CHOCOBIT, LIDL	CHOCOLATE FILLED BISCUIT WITH MERINGUE, CATAGO CHOCOBIT, LIDL
PANTRY	KEKSI, SUKLAINEN, CATAGO MEDAILLON CAPPUCCINO, LIDL	CHOCOLATE AND CAPPUCINO FILLED BISCUIT, CATAGO MEDAILLON CAPPUCCINO, LIDL
BREAD_GRAINS	MURO, HUNAJAMURO, MAISSI, HONEY BALLS, LIDL	BREAKFAST CEREAL, CORN CEREAL, HONEY BALLS, LIDL
BREAD_GRAINS	MURO, VILJATYYNY, NOUGAT PILLOWS, LIDL	BREAKFAST CEREAL, CEREAL PILLOWS, NOUGAT PILLOWS, LIDL
BREAD_GRAINS	MURO, SUKLAAMURO, CHOCO MOONS, LIDL	BREAKFAST CEREAL, CHOCOLATE CEREAL, CHOCO MOONS, LIDL
BREAD_GRAINS	MURO, SUKLAAMURO, FLAKERS CHOCO, LIDL	BREAKFAST CEREAL, CHOCOLATE CEREAL, FLAKERS CHOCO, LIDL
BREAD_GRAINS	MURO, VEHNÄHIUTALE, BRAN FLAKES, LIDL	BREAKFAST CEREAL, WHEAT FLAKES, BRAN FLAKES, LIDL
BREAD_GRAINS	MARJAPIIRAKKA, MUROPOHJA JA TAIKINAKANSI	BERRY PIE, DOUBLE CRUST
BREAD_GRAINS	MURO, VEHNÄHIUTALE, FRUIT & FIBRE, LIDL	BREAKFAST CEREAL, WHEAT FLAKES, FRUIT & FIBRE, LIDL
BREAD_GRAINS	MURO, VEHNÄHIUTALE, PÄHKINÄ, MANTELI, NUT FLAKERS, LIDL	BREAKFAST CEREAL, WHEAT FLAKES, NUTS, ALMOND, NUT FLAKERS, LIDL
BREAD_GRAINS	MURO, MAISSIHIUTALE, CARAMEL FLAKES, LIDL	BREAKFAST CEREAL, CORN FLAKES WITH WHITE CHOCOLATE, CARAMEL FLAKES, LIDL
BREAD_GRAINS	MURO, MAISSIHIUTALE, APPLE FLAKES, LIDL	BREAKFAST CEREAL, SUGAR-COATED CORN FLAKES WITH APPLE, LIDL
PANTRY	PIZZA, SPECIAL KINKKU-BOLOGNESE, SAARIOINEN	PIZZA, HAM AND BOLOGNESE PIZZA, SPECIAL PIZZA SAARIOINEN
MEAT_FISH	RISOTTO, KINKKURISOTTO, JAMBALAYA (KINKKU, KATKARAPU, OLIIVI)	RISOTTO, HAM, SHRIMP AND OLIVE RISOTTO
MEAT_FISH	HAPANKAALIKEITTO, KESKIRASVAINEN SIANLIHA	SAUERKRAUT SOUP WITH PORK
BREAD_GRAINS	HIRSSIVELLI, KEVYTMAITO, SUOLAA	MILLET GRUEL, MILK
PANTRY	SOIJAROUHE, VAALEA TAI TUMMA, KEITETTY, SUOLATON	SOYA MINCE, WHITE OR DARK, BOILED WITHOUT SALT
MEAT_FISH	LIHAPULLA, LIHAPYÖRYKKÄ, KARTANON, LIDL	MEATBALL, KARTANON, LIDL, INDUSTRIAL
MEAT_FISH	LIHAPULLA, LIHAPYÖRYKKÄ, ENEBACKEN, LIDL	MEATBALL, ENEBACKEN, LIDL, INDUSTRIAL
MEAT_FISH	PERUNALAATIKKO, LIHA-PERUNASOSELAATIKKO, KARTANON, LIDL, VALMISATERIA	MINCED MEAT AND MASHED POTATO CASSEROLE, LIDL, READY MEAL
MEAT_FISH	MAKARONILAATIKKO, LIHA-MAKARONILAATIKKO, KARTANON, LIDL, VALMISATERIA	MACARONI AND MEAT CASSEROLE, INDUSTRIAL, LIDL, READY MEAL
MEAT_FISH	MAKSALAATIKKO, KARTANON, LIDL, VALMISATERIA	LIVER CASSEROLE, KARTANON, LIDL, READY MEAL
MEAT_FISH	VERIOHUKAINEN, ATRIA/KARTANON, LIDL	BLOOD PANCAKE, ATRIA/KARTANON, LIDL
PANTRY	PINAATTIOHUKAINEN, KARTANON, LIDL	THIN SPINACH PANCAKE, SPINACH CREPES, LIDL
PANTRY	HAMPURILAINEN, VALMISHAMPURILAINEN, PIHVI JA SÄMPYLÄ, MCENNEDY, LIDL	HAMBURGER, LIDL
PANTRY	HAMPURILAINEN, VALMISHAMPURILAINEN, JUUSTOHAMPURILAINEN, MCENNEDY, LIDL	HAMBURGER WITH CHEESE, LIDL
PANTRY	PAPUPIHVI/PYÖRYKKÄ	BEAN PATTY
PANTRY	NAUDANLIHA, KEITETTY, SUOLATON	BEEF, BOILED, WITHOUT SALT
FRUITS_VEGETABLES	SIENI-KAALIKÄÄRYLE	STUFFED CABBAGE ROLLS, MUSHROOMS
FRUITS_VEGETABLES	SIENIPIHVI/PYÖRYKKÄ, LIHATON	MUSHROOM PATTY WITHOUT MEAT
MEAT_FISH	MAKSAKASTIKE, MAKSASTROGANOFF	LIVER STROGANOFF
MEAT_FISH	MAKSAPASTEIJA, MAKSAPATEE	LIVER PATE
BREAD_GRAINS	VANUKAS, RIISI-MARJAVANUKAS, KOTITEKOINEN	PUDDING, RICE PUDDING WITH BERRIES, HOME-MADE
MEAT_FISH	UUNIPERUNA, KALATÄYTE, SAVUSILAKKA, RANSKANKERMA	POTATO, BAKED, FILLED WITH SMOKED BALTIC HERRING AND CRÈME FRAICHE
MEAT_FISH	UUNIPERUNA, KINKKUTÄYTE, TUOREJUUSTO	POTATO, BAKED, FILLED WITH HAM AND CREAM CHEESE
MEAT_FISH	UUNIPERUNA, SAVUKINKKUTÄYTE, TUOREJUUSTO, SIENI	POTATO, BAKED, FILLED WITH SMOKED HAM, CREAM CHEESE AND MUSHROOMS
BREAD_GRAINS	SEKALEIPÄ, VILJAISAT PERHEVIIPALEET, OULULAINEN	MULTIGRAIN BREAD, SLICED, VILJAISAT PERHEVIIPALEET, OULULAINEN
MEAT_FISH	BROILERIFILEE, KEITETTY, SUOLATON	CHICKEN FILLET, BOILED WITHOUT SALT
MEAT_FISH	KANA, KEITETTY, SUOLATON	CHICKEN, BOILED WITHOUT SALT
MEAT_FISH	RISOTTO, BROILERI-KASVISRISOTTO	RISOTTO, CHICKEN AND VEGETABLE RISOTTO
PANTRY	PILAHVIRIISI, LIHALIEMESSÄ	PILAF RICE, SPICY, BOILED IN MEAT BOUILLON
PANTRY	VEHNÄTORTILLA, BURRITO, WRAP, TONNIKALATÄYTE	WHEAT TORTILLA, BURRITO, WRAP, TUNA FILLING
MEAT_FISH	LIHAHYYTELÖ, KOTITEKOINEN, NAUDANLIHASTA	BEEF JELLY, HOME-MADE
PANTRY	POPCORN	POPCORN
MEAT_FISH	JAUHELIHAKEITTO, SAARIOINEN, VALMISATERIA	BEEF MINCE SOUP, SAARIOINEN, READY MEAL
MEAT_FISH	KATKARAPUKEITTO, SAARIOINEN, VALMISATERIA	SHRIMP SOUP, INDUSTRIAL, SAARIOINEN, READY MEAL
FRUITS_VEGETABLES	PORKKANASOSEKEITTO, SAARIOINEN, VALMISATERIA	PURÉED CARROT SOUP, SAARIOINEN, READY MEAL
MEAT_FISH	SAVUPORO-JUUSTOKEITTO, SAARIOINEN, VALMISATERIA	REINDEER SOUP WITH CHEESE, SAARIOINEN, READY MEAL
MEAT_FISH	BROILERPASTA, SAARIOINEN, VALMISATERIA	CHICKEN PASTA, SAARIOINEN, READY MEAL
FRUITS_VEGETABLES	LASAGNE, KASVISLASAGNE, SAARIOINEN, VALMISATERIA	LASAGNE, VEGETABLE LASAGNE, SAARIOINEN, READY MEAL
MEAT_FISH	LASAGNE, SAARIOINEN, VALMISATERIA	LASAGNE BOLOGNESE, SAARIOINEN, READY MEAL
MEAT_FISH	SPAGETTI JA JAUHELIHAKASTIKE, SAARIOINEN, VALMISATERIA	SPAGHETTI BOLOGNESE, SAARIOINEN, READY MEAL
MEAT_FISH	TONNIKALAPASTA, SAARIOINEN, VALMISATERIA	TUNA PASTA, SAARIOINEN, READY MEAL
MEAT_FISH	PERUNALAATIKKO, JAUHELIHAKIUSAUS, SAARIOINEN, VALMISATERIA	MINCED MEAT POTATO CASSEROLE, SAARIOINEN, READY MEAL
MEAT_FISH	HÄRKÄRUUKKU, SAARIOINEN, VALMISATERIA	MEAT HOT POT, SAARIOINEN, READY MEAL
MEAT_FISH	KERMAINEN KANARUUKKU, SAARIOINEN, VALMISATERIA	CREAMY CASSEROLE WITH CHICKEN AND PASTA, SAARIOINEN, READY MEAL
MEAT_FISH	KINKKU-PEKONIRUUKKU, SAARIOINEN, VALMISATERIA	HAM AND BACON CASSEROLE, SAARIOINEN, READY MEAL
FRUITS_VEGETABLES	KAALIPIHVI, KAALIPYÖRYKKÄ, EI LIHAA	CABBAGE PATTY WITHOUT MEAT
PANTRY	MAKARONILAATIKKO, SIENI-MAKARONILAATIKKO, KEVYTMAITO	MACARONI AND MUSHROOM CASSEROLE, LOW-FAT MILK
MEAT_FISH	KINKKUKASTIKE, TOMAATTINEN	HAM GRAVY WITH TOMATO
MEAT_FISH	KINKKUKASTIKE, RUSKEA KASTIKE	HAM GRAVY
BREAD_GRAINS	SEKALEIPÄ, TUMMA LOUNASSÄMPYLÄ, VAASAN	MULTIGRAIN BREAD, BREAD ROLL, TUMMA LOUNASSÄMPYLÄ, VAASAN
BREAD_GRAINS	VAALEA LEIPÄ, VAALEA LOUNASSÄMPYLÄ, VAASAN	WHITE BREAD, WHEAT ROLL, VAALEA LOUNASSÄMPYLÄ, VAASAN
PANTRY	MAKARONI, KEITETTY, SUOLAA, ÖLJYÄ	MACARONI, BOILED, OIL, SALT
DAIRY	JOGURTTI, INTIALAINEN JOGURTTIJUOMA, MANGOLASSI	YOGHURT, INDIAN YOGHURT DRINK, MANGO LASSI
FRUITS_VEGETABLES	PYTTIPANNU, JUURESPYTTIPANNU, EI PERUNAA	ROOT VEGETABLE HASH, NO POTATO
FRUITS_VEGETABLES	PERUNAPAISTOS, INTIALAINEN, BOMBAY-PERUNAT	INDIAN POTATO STEW, BOMBAY POTATOES
PANTRY	PESTOKASTIKE, PUNAINEN PESTO, EI PARMESANIA, VEGAANINEN	RED PESTO SAUCE, PESTO ROSSO, WITHOUT PARMESAN
PANTRY	SUOLATIKKU	SALT STICK
MEAT_FISH	BROILERIMUREKE, SAARIOINEN, HORECA	CHICKEN MEATLOAF, SAARIOINEN
MEAT_FISH	JAUHELIHA-PUNAJUURIVUOKA, SIKA-NAUTA, HOERCA, SAARIOINEN	PORK BEEF MINCE AND BEETROOT CASSEROLE, HORECA, SAARIOINEN
BREAD_GRAINS	MURO, RIISI-VEHNÄHIUTALE JOGURTTI, KELLOGG'S ALL-BRAN YOGHURTY, VITAMINOITU	BREAKFAST CEREAL, RICE-WHEAT FLAKES, KELLOGG'S ALL-BRAN YOGHURTY, VITAMINS
FRUITS_VEGETABLES	KASVIS, FRITEERATTU, UPPOPAISTETTU	VEGETABLE, DEEP-FRIED
FRUITS_VEGETABLES	HEDELMÄ, FRITEERATTU, UPPOPAISTETTU	FRUIT, DEEP-FRIED
BREAD_GRAINS	MURO, VEHNÄHIUTALE, KELLOGG'S ALL-BRAN REGULAR, VITAMINOITU	BREAKFAST CEREAL, WHEAT FLAKES, KELLOGG'S ALL-BRAN REGULAR, VITAMINS
BREAD_GRAINS	MURO, VEHNÄLESE PAAHDETTU, KELLOGG'S ALL-BRAN PLUS	BREAKFAST CEREAL, WHEAT BRAN CEREAL, KELLOGG'S ALL-BRAN PLUS
MEAT_FISH	LIHA, FRITEERATTU, KESKIARVO	MEAT, DEEP-FRIED, AVERAGE
BREAD_GRAINS	MURO, RIISIMURO, SOKERIHUURRETTU, KELLOGG'S FROST RICE KRISPIES, VITAMINOITU	BREAKFAST CEREAL, KELLOGG´S FROST RICE KRISPIES, SUGAR-COATED, VITAMINS
BREAD_GRAINS	MURO, RIISI-VEHNÄHIUTALE, SUKLAA-MANSIKKA, KELLOGG'S SPECIAL K, CHOCO-STRAWBERRY	BREAKFAST CEREAL, RICE-WHEAT FLAKES, KELLOGG´S SPECIAL K STRAWBERRY & CHOCOLATE
FRUITS_VEGETABLES	KIISSELI, MEHUKEITTO, KARVIAIS-BOYSENMARJAKEITTO+KUITU, SOKERITON, VALIO	BERRY KISSEL, VALIO GOOSEBERRY-BOYSENBERRY, FIBRE, NO ADDED SUGAR
FRUITS_VEGETABLES	PERUNASOSE, KEVYTMAITO, LAKTOOSITON	MASHED POTATOES, LOW-FAT MILK, LACTOSE-FREE
PANTRY	JAUHELIHA, KEVYT, SIKA-NAUTA, PAISTETTU	PORK BEEF MINCE, 10% FAT, FRIED
FRUITS_VEGETABLES	PERUNASOSE, KEVYTMAITO, VL	MASHED POTATOES, LOW-FAT MILK, LOW-LACTOSE
MEAT_FISH	KALAPUIKKO, KUITUPITOISET KALAPUIKOT, FINDUS, UUNISSA	FISH FINGERS, HIGH IN FIBRE, FINDUS, OVEN-BAKED
FRUITS_VEGETABLES	JUUREKSET, UUNISSA, UUNIJUUREKSET	ROOT VEGETABLES, BAKED
FRUITS_VEGETABLES	PERUNASOSE, VESI, RUOANVALMISTUSRASVA	MASHED POTATOES, WATER, COOKING FAT
FRUITS_VEGETABLES	TOMAATTI-MOZZARELLAPASTA, ATRIA, VALMISATERIA	PASTA WITH TOMATO SAUCE AND MOZZARELLA, ATRIA, READY MEAL
MEAT_FISH	LIHAPULLAT JA MUUSI, ATRIA, VALMISATERIA	MEATBALLS WITH MASHED POTATO, ATRIA, READY MEAL
MEAT_FISH	KAALIKÄÄRYLE, ATRIA	STUFFED CABBAGE ROLLS, MINCED MEAT, ATRIA
FRUITS_VEGETABLES	KAALI, VALKOKAALI, KEITETTY, SUOLATON	CABBAGE, BOILED WITHOUT SALT
PANTRY	OHUKAINEN, ATRIA	THIN PANCAKE, ATRIA
PANTRY	TOMAATTISALSA, TEOLLINEN	TOMATO SALSA, INDUSTRIAL
PANTRY	KYLMÄ KASTIKE, AVOKADOKASTIKE, GUACAMOLE, TEOLLINEN	AVOCADO SAUCE, GUACAMOLE, INDUSTRIAL
BREAD_GRAINS	SEKALEIPÄ, JUNTTAKAKKO, JUNTTASÄMPYLÄT, ULLAN PAKARI	MULTIGRAIN BREAD, JUNTTAKAKKO, JUNTTASÄMPYLÄT, ULLAN PAKARI
BREAD_GRAINS	SEKALEIPÄ, OHRALEIPÄ, OHRASKA, ULLAN PAKARI	MULTIGRAIN BREAD, BARLEY BREAD, OHRASKA, ULLAN PAKARI
BREAD_GRAINS	SEKALEIPÄ, KAURALEIPÄ, KAURAJUNTTA, ULLAN PAKARI	MULTIGRAIN BREAD, OAT BREAD, KAURAJUNTTA, ULLAN PAKARI
BREAD_GRAINS	SEKALEIPÄ, AURINKOSÄMPYLÄT, ULLAN PAKARI	MULTIGRAIN BREAD, AURINKOSÄMPYLÄT, ULLAN PAKARI
BREAD_GRAINS	RUISLEIPÄ, RUISKAKKO, RUISSÄMPYLÄT, ULLAN PAKARI	RYE BREAD, RUISKAKKO, ULLAN PAKARI
BREAD_GRAINS	SEKALEIPÄ, 3-VILJAN LEIPÄ, PIRJON PAKARI	MULTIGRAIN BREAD, 3-GRAIN BREAD, PIRJON PAKARI
BREAD_GRAINS	RUISLEIPÄ, PERUNAINEN, RUISIISAKKI, PIRJON PAKARI	RYE BREAD, WHOLEGRAIN RYE, POTATO, RUISIISAKKI, PIRJON PAKARI
MEAT_FISH	JAUHELIHAPIHVI, PANNUPIHVI, HORECA, FINDUS	MINCED MEAT BEEFBURGER, HORECA, FINDUS
MEAT_FISH	JAUHELIHAPIHVI, LINDSTRÖMINPIHVI, HORECA, FINDUS	LINDSTRÖM'S STEAK, MINCED MEAT PATTY WITH BEETROOT, HORECA, FINDUS
PANTRY	RUISSIPSI	RYE BREAD SNACK
MEAT_FISH	PASTA CARBONARA, HK VIA, VALMISATERIA	PASTA CARBONARA, HK VIA, READY MEAL
PANTRY	PIZZA, KANAPIZZA, ATRIA	PIZZA, CHICKEN PIZZA, ATRIA
PANTRY	PIZZA, KOLMEN JUUSTON PIZZA, ATRIA	PIZZA, THREE-CHEESE PIZZA, ATRIA
MEAT_FISH	(ARC) BROILERFILEET JA KERMASSA HAUDUTETUT KASVIKSET, KOKKIKARTANO, VALMISATERIA	(ARC)CHICKEN AND CREAMY VEGETABLES CASSEROLE, SNELLMAN, READY MEAL
MEAT_FISH	KALAKEITTO, TÄYTELÄINEN LOHIKEITTO, KOKKIKARTANO SNELLMAN, VALMISATERIA	SALMON SOUP, INDUSTRIAL, SNELLMAN, READY MEAL
FRUITS_VEGETABLES	TOMAATTIKEITTO, TOMAATTI-VUOHENJUUSTOKEITTO, KOKKIKARTANO SNELLMAN, VALMISATERIA	TOMATO SOUP WITH GOAT CHEESE, SNELLMAN, READY MEAL
MEAT_FISH	WIENINLEIKE JA MUUSI, KOKKIKARTANO SNELLMAN, VALMISATERIA	PORK SCHNITZEL WITH MASHED POTATOES, KOKKIKARTANO SNELLMAN, READY MEAL
FRUITS_VEGETABLES	PAPRIKA, KEITETTY, SUOLATON	SWEET PEPPER, BOILED WITHOUT SALT
MEAT_FISH	PUNAINEN CURRYBROILERI JASMIINIRIISILLÄ, KITCHEN JOY THAI-CUBE, VALMISATERIA	RED CURRY CHICKEN WITH JASMINE RICE, KITCHEN JOY, READY MEAL
MEAT_FISH	HOKI, HOKIKALA, UUNISSA	HAKE, OVEN-BAKED
MEAT_FISH	PANGASIUS, HAIMONNI, FILEE, UUNISSA	PANGASIUS, FILLET, OVEN-BAKED
MEAT_FISH	PANGASIUS, HAIMONNI, FILEE, PAISTETTU	PANGASIUS, FILLET, FRIED
MEAT_FISH	HOKI, HOKIKALA, PAISTETTU	HAKE, FRIED
MEAT_FISH	TILAPIA, PAISTETTU	TILAPIA, FRIED
MEAT_FISH	PANANG CURRYBROILERI JASMIINIRIISILLÄ, KITCHEN JOY THAI-CUBE, VALMISATERIA	PANANG CURRY CHICKEN WITH JASMINE RICE, KITCHEN JOY, READY MEAL
MEAT_FISH	HAPANIMELÄBROILERI JASMIINIRIISILLÄ, KITCHEN JOY THAI-CUBE, VALMISATERIA	SWEET & SOUR CHICKEN WITH JASMINE RICE, KITCHEN JOY, READY MEAL
MEAT_FISH	PANGASIUS, LEIVITETTY, PAISTETTU	PANGASIUS, BREADED, FRIED
MEAT_FISH	KALA-RIISILAATIKKO, VAALEA TUONTIKALA, RUOKAKERMA	FISH AND RICE CASSEROLE, COOKING CREAM
MEAT_FISH	KALA-KASVISKEITTO, VAALEA TUONTIKALA, VESI	FISH VEGETABLE SOUP, IMPORTED WHITE FISH
MEAT_FISH	TIKKA MASALA BROILERIA JASMIINIRIISILLÄ, KITCHEN JOY THAI-CUBE, VALMISATERIA	CHICKEN TIKKA MASALA WITH JASMINE RICE, KITCHEN JOY, READY MEAL
FRUITS_VEGETABLES	PUNAISTA KASVISCURRYA JASMIINIRIISILLÄ, KITCHEN JOY THAI-CUBE, VALMISATERIA	RED CURRY VEGETABLES WITH JASMINE RICE, KITCHEN JOY, READY MEAL
MEAT_FISH	KALA-JUURESPATA, VAALEA TUONTIKALA	FISH ROOT VEGETABLE STEW, IMPORTED WHITE FISH
MEAT_FISH	TERIYAKI-KANAA RIISILLÄ CHILIKASTIKKEESSA, KITCHEN JOY THAI-CUBE, VALMISATERIA	SWEET CHILI CHICKEN TERIYAKI WITH JASMINE RICE, KITCHEN JOY, READY MEAL
MEAT_FISH	TUONTIKALA, VAALEA, PANGASIUS/TILAPIA/HOKI, KESKIARVO, UUNISSA, EI SUOLAA	WHITE FISH, PANGASIUS/HAKE/TILAPIA, AVERAGE, OVEN-BAKED, WITHOUT SALT
BREAD_GRAINS	PULLA, LASKIAISPULLA, HILLO JA MANTELIMASSA	BUN, SHROVE BUN, WHIPPED CREAM, JAM AND ALMOND PASTE
BREAD_GRAINS	PULLA, KESKIRASVAINEN, KEVYTMAITO	BUN, LOW-FAT MILK
MEAT_FISH	MAKKARAPERUNAT, KAIKILLA MAUSTEILLA, GRILLIRUOKA	SAUSAGE AND FRENCH FRIES WITH ALL SEASONINGS
MEAT_FISH	MAKKARAPERUNAT, ILMAN MAUSTEITA, GRILLIRUOKA	SAUSAGE AND FRENCH FRIES
MEAT_FISH	BROILERIFILEE, MARINOITU, PAISTETTU ÖLJYSSÄ	CHICKEN FILLET, MARINATED, FRIED IN OIL
MEAT_FISH	BROILERIFILEE, MARINOITU, UUNISSA	CHICKEN FILLET, MARINATED, OVEN-BAKED
MEAT_FISH	BROILERIFILEESUIKALE, MARINOITU, PAISTETTU	CHICKEN FILLET STRIPS, MARINATED, FRIED
MEAT_FISH	KEBAB RANSKALAISILLA, GRILLIRUOKA	KEBAB WITH FRIES
PANTRY	KEBABLIHA, LIHAPITOISUUS 75 %	KEBAB MEAT, 75% MEAT
MEAT_FISH	KEBAB RIISILLÄ, GRILLIRUOKA	KEBAB WITH RICE
PANTRY	KEBAB ISKENDER, GRILLIRUOKA	KEBAB ISKENDER
PANTRY	NAKKISÄMPYLÄ, HOT DOG, KAIKILLA MAUSTEILLA, GRILLIRUOKA	HOTDOG WITH ALL SEASONINGS, GRILL
PANTRY	NAKKISÄMPYLÄ, HOT DOG, ILMAN MAUSTEITA, GRILLIRUOKA	HOTDOG, WITHOUT SEASONINGS, GRILL
PANTRY	PORILAINEN, KAIKILLA MAUSTEILLA, GRILLIRUOKA	HAMBURGER WITH SAUSAGE, WITH ALL SEASONINGS, GRILL
BREAD_GRAINS	LIHAPIIRAKKA, NAKKILIHAPIIRAKKA KAIKILLA MAUSTEILLA, GRILLIRUOKA	DEEP-FRIED MEAT PASTY WITH SAUSAGE AND CONDIMENTS
PANTRY	PORILAINEN, ILMAN MAUSTEITA, GRILLIRUOKA	HAMBURGER WITH SAUSAGE, WITHOUT SEASONINGS, GRILL
BREAD_GRAINS	LIHAPIIRAKKA, NAKKILIHAPIIRAKKA ILMAN MAUSTEITA, GRILLIRUOKA	DEEP-FRIED MEAT PASTY WITH SAUSAGE
PANTRY	MISOKEITTO, MISO SHIRU, SISÄLTÄÄ TOFUA	MISO SOUP WITH TOFU
MEAT_FISH	SUSHI, LOHI, ILMAN LEVÄÄ, NIGIRI	SUSHI NIGIRI WITH SALMON, WITHOUT SEAWEED
MEAT_FISH	SUSHI, RAVUN PYRSTÖ, ILMAN LEVÄÄ, NIGIRI	SUSHI NIGIRI WITH CRAYFISH TAIL, WITHOUT SEAWEED
DAIRY	MUNAKAS, TAMAGO, JAPANILAINEN MUNAKAS	OMELETTE, JAPANESE TAMAGO
DAIRY	SUSHI, MUNAKAS, TAMAGO, NIGIRI	SUSHI NIGIRI WITH OMELETTE, TAMAGO
MEAT_FISH	SUSHI, LEVÄRULLA, TONNIKALA, MAKI	SUSHI MAKI WITH TUNA AND SEAWEED
FRUITS_VEGETABLES	SUSHI, LEVÄRULLA, KURKKU, MAKI	SUSHI MAKI WITH CUCUMBER AND SEAWEED
FRUITS_VEGETABLES	PERUNASOSE, VESI, PERUNASOSEJAUHEESTA, ELDORADO	MASHED POTATOES, MASHED POTATO POWDER, WATER, ELDORADO
FRUITS_VEGETABLES	PERUNASOSE, VESI, PERUNASOSEJAUHEESTA, RAINBOW	MASHED POTATOES, MASHED POTATO POWDER, WATER, RAINBOW
FRUITS_VEGETABLES	PERUNASOSE, VESI, PERUNASOSEJAUHEESTA, PIRKKA/FELIX	MASHED POTATOES, MASHED POTATO POWDER, WATER, PIRKKA/FELIX
BREAD_GRAINS	MANNAPUURO, VISPIPUURO, PUOLUKKA, PIRKKA/SAARIOINEN	SEMOLINA LINGONBERRY PORRIDGE, WHIPPED, PIRKKA/SAARIOINEN
MEAT_FISH	PERUNALAATIKKO, JAUHELIHA-PEKONIKIUSAUS, HK, VALMISATERIA	MINCED MEAT, BACON AND POTATO CASSEROLE, HK, READY MEAL
BREAD_GRAINS	SEKALEIPÄ, VÄHÄHIILIHYDRAATTINEN, TEOLLINEN, TUOTEKESKIARVO	MULTIGRAIN BREAD, LOW-CARB, AVERAGE OF INDUSTRIAL PRODUCTS
DAIRY	VANUKAS, MANNAVANUKAS	PUDDING, SEMOLINA PUDDING
DAIRY	MAITO, KEVYTMAITO, KEITETTY	MILK, 1.5% FAT, BOILED
BREAD_GRAINS	KAURAPUURO, KEVYTMAITO, SUOLATON	OAT PORRIDGE, OAT FLAKES, LOW-FAT MILK, WITHOUT SALT
DAIRY	MAITOKASTIKE, JUUSTOKASTIKE, KEVYTMAITO, RASVA-JAUHOSUURUS, RUOANVALMISTUSRASVA	WHITE SAUCE WITH CHEESE, LOW-FAT MILK, THICKENED WITH FLOUR AND BUTTER
PANTRY	RUSKEA KASTIKE, VESI-JAUHOSUURUS, EI RASVAA	BROWN GRAVY, NO ADDED FAT
PANTRY	PIZZA, KINKKUPIZZA	PIZZA, HAM PIZZA
PANTRY	PORO-RIESKARULLA	FLATBREAD ROLL WITH REINDEER
MEAT_FISH	HERNEKEITTO, NAUDANPAISTIJAUHELIHA	PEASOUP WITH BEEF STEAK MINCE
PANTRY	TÄYTETTY LEIPÄ, PATONKI, KINKKU, SUBWAY	SANDWICH, BAGUETTE, HAM, SUBWAY
MEAT_FISH	KAALIKEITTO, PORKKANAA, KESKIRASVAINEN NAUTA	CABBAGE SOUP WITH BEEF AND CARROT
PANTRY	TÄYTETTY LEIPÄ, PATONKI, TONNIKALA, SUBWAY	SANDWICH, BAGUETTE, TUNA, SUBWAY
PANTRY	KAALIPATA, SOIJAROUHE	CABBAGE STEW WITH RICE AND SOYA MINCE
DAIRY	SMOOTHIE, MARJA/HEDELMÄ-JOGURTTIJUOMA, JOGURTTI JA MAITO	SMOOTHIE, FRUIT/BERRY, YOGHURT AND MILK
BREAD_GRAINS	PULLA, KESKIRASVAINEN, LUONTAISESTI GLUTEENITON, KOTITEKOINEN, KEVYTMAITO	BUN, NATURALLY GLUTEN-FREE, HOME-MADE, LOW-FAT MILK
FRUITS_VEGETABLES	SMOOTHIE, MARJA/HEDELMÄJUOMA	SMOOTHIE, FRUIT/BERRY
BREAD_GRAINS	PULLA, KESKIRASVAINEN, GLUTEENITON, KOTITEKOINEN, KEVYTMAITO, VEHNÄTÄRKKELYS	BUN, GLUTEN-FREE, HOME-MADE, LOW-FAT MILK, CONTAINS WHEAT STARCH
BREAD_GRAINS	PULLA, KESKIRASVAINEN, GLUTEENITON, KOTITEKOINEN, VESI, VEHNÄTÄRKKELYS	BUN, GLUTEN-FREE, HOME-MADE, WATER, CONTAINS WHEAT STARCH
FRUITS_VEGETABLES	WOKATUT KASVIKSET, SIPULI, PAPRIKA, KESÄKURPITSA, PORKKANA, TOMAATTI, TUOREET	VEGETABLES, FRESH, FRIED, ONION, SWEET PEPPER, ZUCCHINI, TOMATO, CARROT
MEAT_FISH	TURSKA, UUNISSA	COD, OVEN-BAKED
MEAT_FISH	POROKEITTO	REINDEER SOUP
FRUITS_VEGETABLES	TAPAS, MARINOIDUT HERKKUSIENET, OLIIVIÖLJY	TAPAS, MARINATED CHAMPIGNON, OLIVE OIL
FRUITS_VEGETABLES	TAPAS, TUOREJUUSTOTÄYTTEINEN JALAPENO, OLIIVIÖLJY	TAPAS, CREAM CHEESE-FILLED JALAPENO PEPPER, OLIVE OIL
MEAT_FISH	SAVUPOROKEITTO	SMOKED REINDEER SOUP
MEAT_FISH	LIHAPATA, LAPINPAISTI, PORO, SIKA, JUUREKSET	REINDEER STEW WITH PORK AND ROOT VEGETABLES
MEAT_FISH	JAUHELIHAKASTIKE, TOMAATTINEN, PORO, SUURUSTAMATON, RANSKANKERMAA	BOLOGNESE, REINDEER MINCE, CRÈME FRAICHE
BREAD_GRAINS	PORO-JUUSTOPIIRAKKA, MUROPOHJA	REINDEER AND CHEESE PIE, SHORTCRUST PASTRY
MEAT_FISH	BROILERINLEIKE, LEIVITETTY, JUUSTOTÄYTE, PAISTETTU	CHICKEN SCHNITZEL, BREADED, CHEESE FILLING, FRIED
BREAD_GRAINS	(ARC)PULLA, MUSTIKKA-VADELMAPITKO, PULLAVA, OULULAINEN, FAZER	(ARC)BUN, JAM AND QUARK FILLING, PULLAVA, OULULAINEN, FAZER
MEAT_FISH	NAKKI, KEVYT KALKKUNANAKKI, KEITETTY	FRANKFURTER, TURKEY, LIGHT, BOILED
BREAD_GRAINS	RIISIPUURO, UUNISSA, MAITO, PUURORIISI, SUOLAA	RICE PORRIDGE, MILK, SALT, OVEN-BAKED
MEAT_FISH	POROKEITTO, PERUNA, PORKKANA	REINDEER SOUP, POTATO AND CARROT
MEAT_FISH	HIRVENLIHAKEITTO, PERUNA, PORKKANA	MEAT SOUP, ELK, POTATO, CARROT
MEAT_FISH	BROILERINUGGETTI, KANANPOJAN PANEROIDUT NUGGETIT, HK/KARINIEMI	CHICKEN NUGGETS, BREADED, HK/KARINIEMI
PANTRY	KEKSI, SUOLAKEKSI, PIRKKA/RAINBOW	SALTED CRACKER, SALTINE CRACKER, INDUSTRIAL, PIRKKA/RAINBOW
PANTRY	PORSAANNUGGETTI, RYPSIPORSASNUGGETTI, HK	PORK NUGGETS, DEEP-FRIED, RAPESEED PORK, HK
FRUITS_VEGETABLES	KASVISPYÖRYKKÄ, HÄLSANS KÖK, SISÄLTÄÄ GLUTEENIA	VEGETABLE BALL, HÄLSANS KÖK, CONTAINS GLUTEN
MEAT_FISH	LOHIFILEE, UUNISSA	SALMON FILLET, OVEN-BAKED
FROZEN	PAKASTEKASVISSEKOITUS, PORKKANA-PAPU-PARSAKAALI-KUKKAKAALI	FROZEN VEGETABLE MIX, CARROT-BEAN-BROCCOLI-CAULIFLOWER
PANTRY	SALAATTI, PUNAJUURISALAATTI, FELIX PUNAJUURI TUORESALAATTI	SALAD, BEETROOT SALAD, FRESH, FELIX
FRUITS_VEGETABLES	LATVA-ARTISOKKA, KEITETTY	ARTICHOKE, BOILED
BREAD_GRAINS	MAISSIPUURO, POLENTA, MAITO, SUOLAA	MAIZE PORRIDGE, POLENTA, MILK, SALT
DAIRY	MUNAKAS, KASVISMUNAKAS	OMELETTE, VEGETABLE OMELETTE
MEAT_FISH	KALA, PAINOTETTU KESKIARVO, KEITETTY, SUOLATON	FISH, WEIGHTED AVERAGE, BOILED
MEAT_FISH	KALA, PAINOTETTU KESKIARVO, PAISTETTU	FISH, WEIGHTED AVERAGE, FRIED
PANTRY	TÄYTETTY LEIPÄ, PANINI, KANA, MR PANINI	SANDWICH, PANINI, CHICKEN, MR PANINI
FRUITS_VEGETABLES	VÄLIPALAJUOMA, MEHUKATTI HEDELMÄVÄLIPALA, KESKIARVO	FRUIT DRINK, MEHUKATTI FRUIT SNACK, AVERAGE
PANTRY	KEKSI, TEOLLINEN, TUOTEKESKIARVO	BISCUIT, AVERAGE OF INDUSTRIAL PRODUCTS
FRUITS_VEGETABLES	PINAATTIKEITTO, TEOLLINEN, TUOTEKESKIARVO	SPINACH SOUP, AVERAGE OF INDUSTRIAL PRODUCTS
FRUITS_VEGETABLES	PERUNASOSE, VESI, PERUNASOSEJAUHEESTA, TUOTEKESKIARVO	MASHED POTATOES, MASHED POTATO POWDER, WATER, AVERAGE OF INDUSTRIAL PRODUCTS
PANTRY	SALAATTI, ITALIANSALAATTI, MAJONEESIKASTIKE, TEOLLINEN, TUOTEKESKIARVO	SALAD, ITALIAN SALAD WITH MAYONNAISE, AVERAGE OF INDUSTRIAL PRODUCTS
PANTRY	SALAATTI, PERUNASALAATTI, MAJONEESIKASTIKE, TEOLLINEN, TUOTEKESKIARVO	SALAD, POTATO SALAD WITH MAYONAISE, AVERAGE OF INDUSTRIAL PRODUCTS
BREAD_GRAINS	KARJALANPIIRAKKA, TEOLLINEN, TUOTEKESKIARVO	KARELIAN PASTY, RICE FILLING, AVERAGE OF INDUSTRIAL PRODUCTS
PANTRY	TÄYTETTY LEIPÄ, PANINI, KINKKU-SALAMI, MR PANINI	SANDWICH, PANINI, HAM AND SALAMI, MR PANINI
PANTRY	TÄYTETTY LEIPÄ, PANINI, MOZZARELLA, MR PANINI	SANDWICH, PANINI, MOZZARELLA, MR PANINI
MEAT_FISH	JAUHELIHAPIHVI, TEOLLINEN, TUOTEKESKIARVO	MINCED MEAT HAMBURGER PATTY, AVERAGE OF INDUSTRIAL PRODUCTS
MEAT_FISH	LIHAPULLA, TEOLLINEN, TUOTEKESKIARVO	MEATBALL, AVERAGE OF INDUSTRIAL PRODUCTS
PANTRY	KEKSI, DIGESTIVE VÄLIPALAKEKSI/KAURA/SUKLAADIGESTIVE, TEOLLINEN, TUOTEKESKIARVO	DIGESTIVE BISCUIT, AVERAGE OF INDUSTRIAL PRODUCTS
MEAT_FISH	BROILERIPYÖRYKKÄ, TEOLLINEN, TUOTEKESKIARVO	CHICKEN MEATBALL, AVERAGE OF INDUSTRIAL PRODUCTS
BREAD_GRAINS	MURO, SUKLAAMURO, TEOLLINEN, TUOTEKESKIARVO	BREAKFAST CEREAL, CHOCOLATE CEREAL, AVERAGE OF INDUSTRIAL PRODUCTS
MEAT_FISH	LASAGNE, TEOLLINEN, VALMISATERIA, TUOTEKESKIARVO	LASAGNE, READY MEAL, AVERAGE OF INDUSTRIAL PRODUCTS
MEAT_FISH	MAKSALAATIKKO, TEOLLINEN, TUOTEKESKIARVO	LIVER CASSEROLE, RICE, AVERAGE OF INDUSTRIAL PRODUCTS
MEAT_FISH	MAKARONILAATIKKO, LIHA-MAKARONILAATIKKO, TEOLLINEN, TUOTEKESKIARVO	MACARONI AND MEAT CASSEROLE, READY MEAL, AVERAGE OF INDUSTRIAL PRODUCTS
MEAT_FISH	PERUNALAATIKKO, LIHA-PERUNASOSELAATIKKO, TEOLLINEN, TUOTEKESKIARVO	MINCED MEAT AND MASHED POTATO CASSEROLE, AVERAGE OF INDUSTRIAL PRODUCTS
DAIRY	VANUKAS, MAITOVANUKAS, TEOLLINEN, TUOTEKESKIARVO	PUDDING, MILK PUDDING, AVERAGE OF INDUSTRIAL PRODUCTS
BREAD_GRAINS	MYSLI, MUROMYSLI, TUOTEKESKIARVO	MUESLI, CRUNCHY, AVERAGE OF INDUSTRIAL PRODUCTS
PANTRY	KEKSI, GLUTEENITON, TUOTEKESKIARVO	BISCUIT, GLUTEN-FREE, AVERAGE OF INDUSTRIAL PRODUCTS
PANTRY	KASTIKE, KASTIKEJAUHEESTA, VETEEN, TUOTEKESKIARVO	SAUCE, WATER AND SAUCE POWDER, AVERAGE OF INDUSTRIAL PRODUCTS
BREAD_GRAINS	MURO, MAISSISTA, TEOLLINEN, TUOTEKESKIARVO	BREAKFAST CEREAL, CORN FLAKES, AVERAGE OF INDUSTRIAL PRODUCTS
BREAD_GRAINS	SEKALEIPÄ, AAMIAISLEIPÄ, MONIVILJA, VIIPALOITU, PERHELEIPURIT	MULTIGRAIN BREAD, AAMIAISLEIPÄ, SLICED, PERHELEIPURIT
BREAD_GRAINS	(ARC)RUISLEIPÄ, AAMIAISLEIPÄ, RUISLEIPÄ, VIIPALOITU, PERHELEIPURIT	(ARC)RYE BREAD, SLICED, AAMIAISLEIPÄ, PERHELEIPURIT
BREAD_GRAINS	SEKALEIPÄ, JÄLKIUUNIKAURALEIPÄ, VAASAN	MULTIGRAIN BREAD, OAT BREAD, JÄLKIUUNIKAURALEIPÄ, VAASAN
BREAD_GRAINS	SEKALEIPÄ, ARKIVIIPALEET, VIIPALOITU, VAASAN	MULTIGRAIN BREAD, SLICED, ARKIVIIPALEET, VAASAN
BREAD_GRAINS	RUISLEIPÄ, JYVÄLIMPPU, VIIPALOITU TÄYSJYVÄRUISLEIPÄ, VAASAN	RYE BREAD, SLICED, WHOLEGRAIN RYE, JYVÄLIMPPU, VAASAN
BREAD_GRAINS	SEKALEIPÄ, MINIHIILARI, HALKAISTU AURINGONKUKKA-PELLAVASÄMPYLÄ, VAASAN	MULTIGRAIN BREAD, LOW-CARB, SUNFLOWER SEED, LINSEED, HALVED, MINIHIILARI, VAASAN
BREAD_GRAINS	KARJALANPIIRAKKA, ISOÄIDIN RUKIINEN PIKKUPIIRAKKA, VAASAN	KARELIAN PASTY, RICE FILLING, SMALL, ISOÄIDIN RUKIINEN, VAASAN
BREAD_GRAINS	KARJALANPIIRAKKA, ISOÄIDIN RUKIINEN KARJALANPIIRAKKA, VAASAN	KARELIAN PASTY, RICE FILLING, ISOÄIDIN RUKIINEN, VAASAN
BREAD_GRAINS	SEKALEIPÄ, MINIHIILARI, VIIPALOITU PELLAVA-AURINGONKUKANSIEMENLEIPÄ, VAASAN	MULTIGRAIN BREAD, LOW-CARB, SUNFLOWER SEED, LINSEED, SLICED, MINIHIILARI, VAASAN
BREAD_GRAINS	(ARC)SEKALEIPÄ, OULULAINEN VAALEA REISSUMIES, 100 % TÄYSJYVÄ, FAZER	(ARC)MULTIGRAIN BREAD, 100% WHOLEGRAIN, OULULAINEN VAALEA REISSUMIES, FAZER
BREAD_GRAINS	SEKALEIPÄ, OULULAINEN PIKKURIESKA, PERUNARIESKA, FAZER	MULTIGRAIN BREAD, POTATO FLATBREAD, OULULAINEN PIKKURIESKA, FAZER
BREAD_GRAINS	SEKALEIPÄ, ALKU JYVÄPALA, FAZER	MULTIGRAIN BREAD, MIXED SEEDS, ALKU JYVÄPALA, FAZER
BREAD_GRAINS	(ARC)PAAHTOLEIPÄ, PAAHTO JUUSTO, FAZER, VEHNÄJAUHO, VEHNÄKUITU	(ARC)TOAST, CHEESE TOAST, FAZER
BREAD_GRAINS	PAAHTOLEIPÄ, PAAHTO VIISI VILJAA, FAZER	TOAST, MULTIGRAIN TOAST, FAZER VIISI VILJAA
BREAD_GRAINS	SEKALEIPÄ, RUISVEHNÄSÄMPYLÄ, FAZER	MULTIGRAIN BREAD, BREAD ROLL, RYE AND WHEAT FLOUR, RUISVEHNÄSÄMPYLÄ, FAZER
BREAD_GRAINS	PAAHTOLEIPÄ, JUUSTOPAAHTO, LINKOSUO	TOAST, CHEESE TOAST, LINKOSUO
HOUSEHOLD	Talouspaperi	Paper towel
HOUSEHOLD	WC-paperi	Toilet paper
HOUSEHOLD	Astianpesuaine	Dish soap
HOUSEHOLD	Pyykinpesuaine	Laundry detergent
HOUSEHOLD	Huuhteluaine	Fabric softener
HOUSEHOLD	Yleispuhdistusaine	All-purpose cleaner
HOUSEHOLD	KÃ¤sisaippua	Hand soap
HOUSEHOLD	Roskapussi	Trash bag
HOUSEHOLD	Leivinpaperi	Baking paper
HOUSEHOLD	Alumiinifolio	Aluminium foil
HOUSEHOLD	Tuorekelmu	Cling film
HOUSEHOLD	Siivoussieni	Cleaning sponge
HOUSEHOLD	Tiskiharja	Dish brush
HOUSEHOLD	Patterit	Batteries
HOUSEHOLD	KÃ¤sidesi	Hand sanitizer
